ISO-10303-21;
HEADER;
/* Generated by software containing ST-Developer
 * from STEP Tools, Inc. (www.steptools.com) 
 */
/* OPTION: using custom renumber hook */

FILE_DESCRIPTION(
/* description */ ('STEP AP242 Edition 2',
'CAx-IF Rec.Pracs.---Representation and Presentation of Product Manufa
cturing Information (PMI)---4.0---2014-10-13',
'CAx-IF Rec.Pracs.---3D Tessellated Geometry---0.4---2014-09-14','2;1',
'CAx-IF Rec.Pracs.---User Defined Attributes---1.5---2016-08-15'),
/* implementation_level */ '2;1');

FILE_NAME(
/* name */ 'Part Studio 1 - Part 2',
/* time_stamp */ '2026-10-05T17:47:11Z',
/* author */ (''),
/* organization */ (''),
/* preprocessor_version */ 'ST-DEVELOPER v20',
/* originating_system */ 'ONSHAPE BY PTC INC, 1.221',
/* authorisation */ '  ');

FILE_SCHEMA (('AP242_MANAGED_MODEL_BASED_3D_ENGINEERING_MIM_LF { 1 0 10303 442 3 1 4 }'));
ENDSEC;

DATA;
#10=SHAPE_REPRESENTATION_RELATIONSHIP('','',#1471,#11);
#11=ADVANCED_BREP_SHAPE_REPRESENTATION('',(#1469),#2709);
#12=TOROIDAL_SURFACE('',#1582,0.0075,0.005);
#13=TOROIDAL_SURFACE('',#1586,0.01,0.005);
#14=TOROIDAL_SURFACE('',#1590,0.01,0.005);
#15=TOROIDAL_SURFACE('',#1594,0.0075,0.005);
#16=TOROIDAL_SURFACE('',#1600,0.0075,0.005);
#17=TOROIDAL_SURFACE('',#1604,0.01,0.005);
#18=TOROIDAL_SURFACE('',#1608,0.01,0.005);
#19=TOROIDAL_SURFACE('',#1612,0.0075,0.005);
#20=TOROIDAL_SURFACE('',#1618,0.0075,0.005);
#21=TOROIDAL_SURFACE('',#1622,0.01,0.005);
#22=TOROIDAL_SURFACE('',#1626,0.01,0.005);
#23=TOROIDAL_SURFACE('',#1630,0.0075,0.005);
#24=TOROIDAL_SURFACE('',#1636,0.0075,0.005);
#25=TOROIDAL_SURFACE('',#1640,0.01,0.005);
#26=TOROIDAL_SURFACE('',#1644,0.01,0.005);
#27=TOROIDAL_SURFACE('',#1648,0.0075,0.005);
#28=TOROIDAL_SURFACE('',#1657,0.01,0.005);
#29=TOROIDAL_SURFACE('',#1668,0.01,0.005);
#30=TOROIDAL_SURFACE('',#1670,0.01,0.005);
#31=TOROIDAL_SURFACE('',#1676,0.01,0.005);
#32=(
BOUNDED_SURFACE()
B_SPLINE_SURFACE(3,2,((#2480,#2481,#2482),(#2483,#2484,#2485),(#2486,#2487,
#2488),(#2489,#2490,#2491),(#2492,#2493,#2494),(#2495,#2496,#2497),(#2498,
#2499,#2500),(#2501,#2502,#2503),(#2504,#2505,#2506)),.UNSPECIFIED.,.F.,
 .F.,.F.)
B_SPLINE_SURFACE_WITH_KNOTS((4,1,1,1,1,1,4),(3,3),(1.5707963267949,1.96349540849362,
2.35619449019234,2.55254403104171,2.74889357189107,2.94524311274043,3.14159265358979),
(0.,1.),.UNSPECIFIED.)
GEOMETRIC_REPRESENTATION_ITEM()
RATIONAL_B_SPLINE_SURFACE(((1.,1.,1.),(1.,1.,1.),(1.,0.973513794545336,
1.),(1.,0.886299164406109,1.),(1.,0.808034956513251,1.),(1.,0.754563896244127,
1.),(1.,0.716400177601855,1.),(1.,0.707106781186221,1.),(1.,0.707106781186548,
1.)))
REPRESENTATION_ITEM('')
SURFACE()
);
#33=(
BOUNDED_SURFACE()
B_SPLINE_SURFACE(3,2,((#2526,#2527,#2528),(#2529,#2530,#2531),(#2532,#2533,
#2534),(#2535,#2536,#2537),(#2538,#2539,#2540),(#2541,#2542,#2543),(#2544,
#2545,#2546),(#2547,#2548,#2549),(#2550,#2551,#2552)),.UNSPECIFIED.,.F.,
 .F.,.F.)
B_SPLINE_SURFACE_WITH_KNOTS((4,1,1,1,1,1,4),(3,3),(4.71238898038469,5.10508806208341,
5.49778714378214,5.6941366846315,5.89048622548086,6.08683576633022,6.28318530717959),
(0.,1.),.UNSPECIFIED.)
GEOMETRIC_REPRESENTATION_ITEM()
RATIONAL_B_SPLINE_SURFACE(((1.,1.,1.),(1.,1.,1.),(1.,0.973513794545336,
1.),(1.,0.886299164406112,1.),(1.,0.808034956513251,1.),(1.,0.754563896244127,
1.),(1.,0.716400177601855,1.),(1.,0.707106781186221,1.),(1.,0.707106781186548,
1.)))
REPRESENTATION_ITEM('')
SURFACE()
);
#34=(
BOUNDED_SURFACE()
B_SPLINE_SURFACE(3,2,((#2570,#2571,#2572),(#2573,#2574,#2575),(#2576,#2577,
#2578),(#2579,#2580,#2581),(#2582,#2583,#2584),(#2585,#2586,#2587),(#2588,
#2589,#2590),(#2591,#2592,#2593),(#2594,#2595,#2596)),.UNSPECIFIED.,.F.,
 .F.,.F.)
B_SPLINE_SURFACE_WITH_KNOTS((4,1,1,1,1,1,4),(3,3),(3.14159265358979,3.33794219443916,
3.53429173528852,3.73064127613788,3.92699081698724,4.31968989868597,4.71238898038469),
(0.,1.),.UNSPECIFIED.)
GEOMETRIC_REPRESENTATION_ITEM()
RATIONAL_B_SPLINE_SURFACE(((1.,0.707106781186548,1.),(1.,0.707106781186221,
1.),(1.,0.716400177601856,1.),(1.,0.754563896244125,1.),(1.,0.808034956513253,
1.),(1.,0.886299164406109,1.),(1.,0.973513794545336,1.),(1.,1.,1.),(1.,
1.,1.)))
REPRESENTATION_ITEM('')
SURFACE()
);
#35=(
BOUNDED_SURFACE()
B_SPLINE_SURFACE(3,2,((#2616,#2617,#2618),(#2619,#2620,#2621),(#2622,#2623,
#2624),(#2625,#2626,#2627),(#2628,#2629,#2630),(#2631,#2632,#2633),(#2634,
#2635,#2636),(#2637,#2638,#2639),(#2640,#2641,#2642)),.UNSPECIFIED.,.F.,
 .F.,.F.)
B_SPLINE_SURFACE_WITH_KNOTS((4,1,1,1,1,1,4),(3,3),(6.28318530717959,6.47953484802895,
6.67588438887831,6.87223392972767,7.06858347057703,7.46128255227576,7.85398163397448),
(0.,1.),.UNSPECIFIED.)
GEOMETRIC_REPRESENTATION_ITEM()
RATIONAL_B_SPLINE_SURFACE(((1.,0.707106781186548,1.),(1.,0.707106781186221,
1.),(1.,0.716400177601855,1.),(1.,0.754563896244125,1.),(1.,0.808034956513252,
1.),(1.,0.886299164406108,1.),(1.,0.973513794545336,1.),(1.,1.,1.),(1.,
1.,1.)))
REPRESENTATION_ITEM('')
SURFACE()
);
#36=ELLIPSE('',#1557,0.0111803398874989,0.005);
#37=ELLIPSE('',#1559,0.0111803398874989,0.005);
#38=ELLIPSE('',#1562,0.0111803398874989,0.005);
#39=ELLIPSE('',#1565,0.0111803398874989,0.005);
#40=ELLIPSE('',#1568,0.0111803398874989,0.005);
#41=ELLIPSE('',#1571,0.0111803398874989,0.005);
#42=ELLIPSE('',#1574,0.0111803398874989,0.005);
#43=ELLIPSE('',#1577,0.0111803398874989,0.005);
#44=CYLINDRICAL_SURFACE('',#1487,0.0125);
#45=CYLINDRICAL_SURFACE('',#1504,0.0029);
#46=CYLINDRICAL_SURFACE('',#1508,0.004875);
#47=CYLINDRICAL_SURFACE('',#1510,0.0125);
#48=CYLINDRICAL_SURFACE('',#1526,0.0029);
#49=CYLINDRICAL_SURFACE('',#1530,0.004875);
#50=CYLINDRICAL_SURFACE('',#1531,0.0125);
#51=CYLINDRICAL_SURFACE('',#1538,0.0029);
#52=CYLINDRICAL_SURFACE('',#1542,0.004875);
#53=CYLINDRICAL_SURFACE('',#1544,0.0125);
#54=CYLINDRICAL_SURFACE('',#1550,0.0029);
#55=CYLINDRICAL_SURFACE('',#1554,0.004875);
#56=CYLINDRICAL_SURFACE('',#1555,0.005);
#57=CYLINDRICAL_SURFACE('',#1558,0.005);
#58=CYLINDRICAL_SURFACE('',#1561,0.005);
#59=CYLINDRICAL_SURFACE('',#1564,0.005);
#60=CYLINDRICAL_SURFACE('',#1567,0.005);
#61=CYLINDRICAL_SURFACE('',#1570,0.005);
#62=CYLINDRICAL_SURFACE('',#1573,0.005);
#63=CYLINDRICAL_SURFACE('',#1576,0.005);
#64=CYLINDRICAL_SURFACE('',#1580,0.005);
#65=CYLINDRICAL_SURFACE('',#1584,0.005);
#66=CYLINDRICAL_SURFACE('',#1588,0.005);
#67=CYLINDRICAL_SURFACE('',#1592,0.005);
#68=CYLINDRICAL_SURFACE('',#1596,0.005);
#69=CYLINDRICAL_SURFACE('',#1598,0.005);
#70=CYLINDRICAL_SURFACE('',#1602,0.005);
#71=CYLINDRICAL_SURFACE('',#1606,0.005);
#72=CYLINDRICAL_SURFACE('',#1610,0.005);
#73=CYLINDRICAL_SURFACE('',#1614,0.005);
#74=CYLINDRICAL_SURFACE('',#1616,0.005);
#75=CYLINDRICAL_SURFACE('',#1620,0.005);
#76=CYLINDRICAL_SURFACE('',#1624,0.005);
#77=CYLINDRICAL_SURFACE('',#1628,0.005);
#78=CYLINDRICAL_SURFACE('',#1632,0.005);
#79=CYLINDRICAL_SURFACE('',#1634,0.005);
#80=CYLINDRICAL_SURFACE('',#1638,0.005);
#81=CYLINDRICAL_SURFACE('',#1642,0.005);
#82=CYLINDRICAL_SURFACE('',#1646,0.005);
#83=CYLINDRICAL_SURFACE('',#1650,0.005);
#84=CYLINDRICAL_SURFACE('',#1655,0.005);
#85=CYLINDRICAL_SURFACE('',#1660,0.005);
#86=CYLINDRICAL_SURFACE('',#1662,0.005);
#87=CYLINDRICAL_SURFACE('',#1664,0.005);
#88=CYLINDRICAL_SURFACE('',#1666,0.005);
#89=CYLINDRICAL_SURFACE('',#1672,0.005);
#90=CYLINDRICAL_SURFACE('',#1674,0.005);
#91=CYLINDRICAL_SURFACE('',#1678,0.005);
#92=LINE('',#2186,#180);
#93=LINE('',#2190,#181);
#94=LINE('',#2194,#182);
#95=LINE('',#2198,#183);
#96=LINE('',#2199,#184);
#97=LINE('',#2202,#185);
#98=LINE('',#2204,#186);
#99=LINE('',#2206,#187);
#100=LINE('',#2208,#188);
#101=LINE('',#2210,#189);
#102=LINE('',#2212,#190);
#103=LINE('',#2214,#191);
#104=LINE('',#2216,#192);
#105=LINE('',#2218,#193);
#106=LINE('',#2220,#194);
#107=LINE('',#2222,#195);
#108=LINE('',#2224,#196);
#109=LINE('',#2229,#197);
#110=LINE('',#2233,#198);
#111=LINE('',#2237,#199);
#112=LINE('',#2240,#200);
#113=LINE('',#2245,#201);
#114=LINE('',#2249,#202);
#115=LINE('',#2253,#203);
#116=LINE('',#2257,#204);
#117=LINE('',#2262,#205);
#118=LINE('',#2266,#206);
#119=LINE('',#2269,#207);
#120=LINE('',#2270,#208);
#121=LINE('',#2272,#209);
#122=LINE('',#2273,#210);
#123=LINE('',#2275,#211);
#124=LINE('',#2277,#212);
#125=LINE('',#2281,#213);
#126=LINE('',#2285,#214);
#127=LINE('',#2289,#215);
#128=LINE('',#2292,#216);
#129=LINE('',#2296,#217);
#130=LINE('',#2303,#218);
#131=LINE('',#2304,#219);
#132=LINE('',#2308,#220);
#133=LINE('',#2312,#221);
#134=LINE('',#2316,#222);
#135=LINE('',#2327,#223);
#136=LINE('',#2330,#224);
#137=LINE('',#2332,#225);
#138=LINE('',#2334,#226);
#139=LINE('',#2336,#227);
#140=LINE('',#2342,#228);
#141=LINE('',#2345,#229);
#142=LINE('',#2349,#230);
#143=LINE('',#2353,#231);
#144=LINE('',#2354,#232);
#145=LINE('',#2355,#233);
#146=LINE('',#2359,#234);
#147=LINE('',#2362,#235);
#148=LINE('',#2366,#236);
#149=LINE('',#2368,#237);
#150=LINE('',#2372,#238);
#151=LINE('',#2376,#239);
#152=LINE('',#2380,#240);
#153=LINE('',#2384,#241);
#154=LINE('',#2397,#242);
#155=LINE('',#2403,#243);
#156=LINE('',#2406,#244);
#157=LINE('',#2407,#245);
#158=LINE('',#2414,#246);
#159=LINE('',#2416,#247);
#160=LINE('',#2418,#248);
#161=LINE('',#2427,#249);
#162=LINE('',#2430,#250);
#163=LINE('',#2432,#251);
#164=LINE('',#2434,#252);
#165=LINE('',#2444,#253);
#166=LINE('',#2446,#254);
#167=LINE('',#2448,#255);
#168=LINE('',#2661,#256);
#169=LINE('',#2663,#257);
#170=LINE('',#2665,#258);
#171=LINE('',#2667,#259);
#172=LINE('',#2669,#260);
#173=LINE('',#2671,#261);
#174=LINE('',#2673,#262);
#175=LINE('',#2675,#263);
#176=LINE('',#2677,#264);
#177=LINE('',#2679,#265);
#178=LINE('',#2682,#266);
#179=LINE('',#2683,#267);
#180=VECTOR('',#1685,1.);
#181=VECTOR('',#1688,1.);
#182=VECTOR('',#1691,1.);
#183=VECTOR('',#1694,1.);
#184=VECTOR('',#1695,1.);
#185=VECTOR('',#1696,1.);
#186=VECTOR('',#1697,1.);
#187=VECTOR('',#1698,1.);
#188=VECTOR('',#1699,1.);
#189=VECTOR('',#1700,1.);
#190=VECTOR('',#1701,1.);
#191=VECTOR('',#1702,1.);
#192=VECTOR('',#1703,1.);
#193=VECTOR('',#1704,1.);
#194=VECTOR('',#1705,1.);
#195=VECTOR('',#1706,1.);
#196=VECTOR('',#1709,1.);
#197=VECTOR('',#1712,1.);
#198=VECTOR('',#1715,1.);
#199=VECTOR('',#1718,1.);
#200=VECTOR('',#1721,1.);
#201=VECTOR('',#1724,1.);
#202=VECTOR('',#1727,1.);
#203=VECTOR('',#1730,1.);
#204=VECTOR('',#1735,1.);
#205=VECTOR('',#1738,1.);
#206=VECTOR('',#1743,1.);
#207=VECTOR('',#1744,1.);
#208=VECTOR('',#1745,1.);
#209=VECTOR('',#1748,1.);
#210=VECTOR('',#1749,1.);
#211=VECTOR('',#1750,1.);
#212=VECTOR('',#1751,1.);
#213=VECTOR('',#1754,1.);
#214=VECTOR('',#1757,1.);
#215=VECTOR('',#1762,1.);
#216=VECTOR('',#1763,1.);
#217=VECTOR('',#1766,1.);
#218=VECTOR('',#1773,1.);
#219=VECTOR('',#1774,1.);
#220=VECTOR('',#1777,1.);
#221=VECTOR('',#1780,1.);
#222=VECTOR('',#1783,1.);
#223=VECTOR('',#1798,1.);
#224=VECTOR('',#1799,1.);
#225=VECTOR('',#1800,1.);
#226=VECTOR('',#1801,1.);
#227=VECTOR('',#1804,1.);
#228=VECTOR('',#1811,1.);
#229=VECTOR('',#1812,1.);
#230=VECTOR('',#1815,1.);
#231=VECTOR('',#1818,1.);
#232=VECTOR('',#1819,1.);
#233=VECTOR('',#1820,1.);
#234=VECTOR('',#1825,1.);
#235=VECTOR('',#1826,1.);
#236=VECTOR('',#1829,1.);
#237=VECTOR('',#1832,1.);
#238=VECTOR('',#1835,1.);
#239=VECTOR('',#1838,1.);
#240=VECTOR('',#1841,1.);
#241=VECTOR('',#1844,1.);
#242=VECTOR('',#1861,1.);
#243=VECTOR('',#1868,1.);
#244=VECTOR('',#1869,1.);
#245=VECTOR('',#1870,1.);
#246=VECTOR('',#1877,1.);
#247=VECTOR('',#1878,1.);
#248=VECTOR('',#1879,1.);
#249=VECTOR('',#1892,1.);
#250=VECTOR('',#1893,1.);
#251=VECTOR('',#1894,1.);
#252=VECTOR('',#1895,1.);
#253=VECTOR('',#1908,1.);
#254=VECTOR('',#1909,1.);
#255=VECTOR('',#1910,1.);
#256=VECTOR('',#2115,1.);
#257=VECTOR('',#2116,1.);
#258=VECTOR('',#2117,1.);
#259=VECTOR('',#2120,1.);
#260=VECTOR('',#2121,1.);
#261=VECTOR('',#2122,1.);
#262=VECTOR('',#2125,1.);
#263=VECTOR('',#2126,1.);
#264=VECTOR('',#2127,1.);
#265=VECTOR('',#2130,1.);
#266=VECTOR('',#2131,1.);
#267=VECTOR('',#2132,1.);
#268=ORIENTED_EDGE('',*,*,#676,.F.);
#269=ORIENTED_EDGE('',*,*,#677,.T.);
#270=ORIENTED_EDGE('',*,*,#678,.F.);
#271=ORIENTED_EDGE('',*,*,#679,.T.);
#272=ORIENTED_EDGE('',*,*,#680,.F.);
#273=ORIENTED_EDGE('',*,*,#681,.T.);
#274=ORIENTED_EDGE('',*,*,#682,.F.);
#275=ORIENTED_EDGE('',*,*,#683,.T.);
#276=ORIENTED_EDGE('',*,*,#684,.T.);
#277=ORIENTED_EDGE('',*,*,#685,.T.);
#278=ORIENTED_EDGE('',*,*,#686,.T.);
#279=ORIENTED_EDGE('',*,*,#687,.T.);
#280=ORIENTED_EDGE('',*,*,#688,.T.);
#281=ORIENTED_EDGE('',*,*,#689,.T.);
#282=ORIENTED_EDGE('',*,*,#690,.T.);
#283=ORIENTED_EDGE('',*,*,#691,.T.);
#284=ORIENTED_EDGE('',*,*,#692,.T.);
#285=ORIENTED_EDGE('',*,*,#693,.T.);
#286=ORIENTED_EDGE('',*,*,#694,.T.);
#287=ORIENTED_EDGE('',*,*,#695,.T.);
#288=ORIENTED_EDGE('',*,*,#696,.T.);
#289=ORIENTED_EDGE('',*,*,#697,.T.);
#290=ORIENTED_EDGE('',*,*,#698,.T.);
#291=ORIENTED_EDGE('',*,*,#699,.T.);
#292=ORIENTED_EDGE('',*,*,#700,.F.);
#293=ORIENTED_EDGE('',*,*,#701,.T.);
#294=ORIENTED_EDGE('',*,*,#702,.F.);
#295=ORIENTED_EDGE('',*,*,#703,.T.);
#296=ORIENTED_EDGE('',*,*,#704,.F.);
#297=ORIENTED_EDGE('',*,*,#705,.T.);
#298=ORIENTED_EDGE('',*,*,#706,.T.);
#299=ORIENTED_EDGE('',*,*,#707,.T.);
#300=ORIENTED_EDGE('',*,*,#708,.T.);
#301=ORIENTED_EDGE('',*,*,#709,.T.);
#302=ORIENTED_EDGE('',*,*,#710,.F.);
#303=ORIENTED_EDGE('',*,*,#711,.T.);
#304=ORIENTED_EDGE('',*,*,#712,.T.);
#305=ORIENTED_EDGE('',*,*,#713,.T.);
#306=ORIENTED_EDGE('',*,*,#714,.F.);
#307=ORIENTED_EDGE('',*,*,#715,.T.);
#308=ORIENTED_EDGE('',*,*,#716,.T.);
#309=ORIENTED_EDGE('',*,*,#717,.T.);
#310=ORIENTED_EDGE('',*,*,#712,.F.);
#311=ORIENTED_EDGE('',*,*,#718,.T.);
#312=ORIENTED_EDGE('',*,*,#714,.T.);
#313=ORIENTED_EDGE('',*,*,#719,.T.);
#314=ORIENTED_EDGE('',*,*,#702,.T.);
#315=ORIENTED_EDGE('',*,*,#720,.T.);
#316=ORIENTED_EDGE('',*,*,#721,.F.);
#317=ORIENTED_EDGE('',*,*,#722,.T.);
#318=ORIENTED_EDGE('',*,*,#723,.T.);
#319=ORIENTED_EDGE('',*,*,#724,.T.);
#320=ORIENTED_EDGE('',*,*,#725,.T.);
#321=ORIENTED_EDGE('',*,*,#726,.T.);
#322=ORIENTED_EDGE('',*,*,#727,.F.);
#323=ORIENTED_EDGE('',*,*,#728,.T.);
#324=ORIENTED_EDGE('',*,*,#729,.T.);
#325=ORIENTED_EDGE('',*,*,#730,.T.);
#326=ORIENTED_EDGE('',*,*,#731,.T.);
#327=ORIENTED_EDGE('',*,*,#732,.T.);
#328=ORIENTED_EDGE('',*,*,#733,.T.);
#329=ORIENTED_EDGE('',*,*,#734,.T.);
#330=ORIENTED_EDGE('',*,*,#696,.F.);
#331=ORIENTED_EDGE('',*,*,#735,.T.);
#332=ORIENTED_EDGE('',*,*,#736,.T.);
#333=ORIENTED_EDGE('',*,*,#737,.T.);
#334=ORIENTED_EDGE('',*,*,#738,.T.);
#335=ORIENTED_EDGE('',*,*,#739,.T.);
#336=ORIENTED_EDGE('',*,*,#740,.T.);
#337=ORIENTED_EDGE('',*,*,#741,.T.);
#338=ORIENTED_EDGE('',*,*,#742,.T.);
#339=ORIENTED_EDGE('',*,*,#727,.T.);
#340=ORIENTED_EDGE('',*,*,#743,.F.);
#341=ORIENTED_EDGE('',*,*,#743,.T.);
#342=ORIENTED_EDGE('',*,*,#744,.F.);
#343=ORIENTED_EDGE('',*,*,#744,.T.);
#344=ORIENTED_EDGE('',*,*,#732,.F.);
#345=ORIENTED_EDGE('',*,*,#745,.F.);
#346=ORIENTED_EDGE('',*,*,#746,.T.);
#347=ORIENTED_EDGE('',*,*,#747,.T.);
#348=ORIENTED_EDGE('',*,*,#748,.T.);
#349=ORIENTED_EDGE('',*,*,#749,.F.);
#350=ORIENTED_EDGE('',*,*,#750,.T.);
#351=ORIENTED_EDGE('',*,*,#745,.T.);
#352=ORIENTED_EDGE('',*,*,#751,.T.);
#353=ORIENTED_EDGE('',*,*,#752,.F.);
#354=ORIENTED_EDGE('',*,*,#753,.T.);
#355=ORIENTED_EDGE('',*,*,#754,.T.);
#356=ORIENTED_EDGE('',*,*,#755,.T.);
#357=ORIENTED_EDGE('',*,*,#756,.T.);
#358=ORIENTED_EDGE('',*,*,#757,.T.);
#359=ORIENTED_EDGE('',*,*,#749,.T.);
#360=ORIENTED_EDGE('',*,*,#758,.T.);
#361=ORIENTED_EDGE('',*,*,#698,.F.);
#362=ORIENTED_EDGE('',*,*,#759,.T.);
#363=ORIENTED_EDGE('',*,*,#760,.F.);
#364=ORIENTED_EDGE('',*,*,#761,.T.);
#365=ORIENTED_EDGE('',*,*,#762,.T.);
#366=ORIENTED_EDGE('',*,*,#763,.T.);
#367=ORIENTED_EDGE('',*,*,#764,.T.);
#368=ORIENTED_EDGE('',*,*,#700,.T.);
#369=ORIENTED_EDGE('',*,*,#765,.T.);
#370=ORIENTED_EDGE('',*,*,#766,.T.);
#371=ORIENTED_EDGE('',*,*,#767,.T.);
#372=ORIENTED_EDGE('',*,*,#768,.T.);
#373=ORIENTED_EDGE('',*,*,#769,.T.);
#374=ORIENTED_EDGE('',*,*,#770,.T.);
#375=ORIENTED_EDGE('',*,*,#771,.T.);
#376=ORIENTED_EDGE('',*,*,#772,.T.);
#377=ORIENTED_EDGE('',*,*,#773,.T.);
#378=ORIENTED_EDGE('',*,*,#774,.T.);
#379=ORIENTED_EDGE('',*,*,#775,.T.);
#380=ORIENTED_EDGE('',*,*,#760,.T.);
#381=ORIENTED_EDGE('',*,*,#776,.F.);
#382=ORIENTED_EDGE('',*,*,#776,.T.);
#383=ORIENTED_EDGE('',*,*,#777,.F.);
#384=ORIENTED_EDGE('',*,*,#777,.T.);
#385=ORIENTED_EDGE('',*,*,#774,.F.);
#386=ORIENTED_EDGE('',*,*,#778,.F.);
#387=ORIENTED_EDGE('',*,*,#779,.T.);
#388=ORIENTED_EDGE('',*,*,#721,.T.);
#389=ORIENTED_EDGE('',*,*,#780,.T.);
#390=ORIENTED_EDGE('',*,*,#781,.T.);
#391=ORIENTED_EDGE('',*,*,#782,.T.);
#392=ORIENTED_EDGE('',*,*,#778,.T.);
#393=ORIENTED_EDGE('',*,*,#783,.T.);
#394=ORIENTED_EDGE('',*,*,#784,.F.);
#395=ORIENTED_EDGE('',*,*,#785,.T.);
#396=ORIENTED_EDGE('',*,*,#786,.T.);
#397=ORIENTED_EDGE('',*,*,#787,.T.);
#398=ORIENTED_EDGE('',*,*,#788,.T.);
#399=ORIENTED_EDGE('',*,*,#784,.T.);
#400=ORIENTED_EDGE('',*,*,#789,.F.);
#401=ORIENTED_EDGE('',*,*,#789,.T.);
#402=ORIENTED_EDGE('',*,*,#790,.F.);
#403=ORIENTED_EDGE('',*,*,#790,.T.);
#404=ORIENTED_EDGE('',*,*,#775,.F.);
#405=ORIENTED_EDGE('',*,*,#791,.T.);
#406=ORIENTED_EDGE('',*,*,#792,.T.);
#407=ORIENTED_EDGE('',*,*,#793,.T.);
#408=ORIENTED_EDGE('',*,*,#794,.T.);
#409=ORIENTED_EDGE('',*,*,#793,.F.);
#410=ORIENTED_EDGE('',*,*,#795,.T.);
#411=ORIENTED_EDGE('',*,*,#752,.T.);
#412=ORIENTED_EDGE('',*,*,#796,.T.);
#413=ORIENTED_EDGE('',*,*,#797,.F.);
#414=ORIENTED_EDGE('',*,*,#798,.T.);
#415=ORIENTED_EDGE('',*,*,#799,.T.);
#416=ORIENTED_EDGE('',*,*,#800,.T.);
#417=ORIENTED_EDGE('',*,*,#801,.T.);
#418=ORIENTED_EDGE('',*,*,#797,.T.);
#419=ORIENTED_EDGE('',*,*,#802,.F.);
#420=ORIENTED_EDGE('',*,*,#802,.T.);
#421=ORIENTED_EDGE('',*,*,#803,.F.);
#422=ORIENTED_EDGE('',*,*,#803,.T.);
#423=ORIENTED_EDGE('',*,*,#742,.F.);
#424=ORIENTED_EDGE('',*,*,#689,.F.);
#425=ORIENTED_EDGE('',*,*,#804,.T.);
#426=ORIENTED_EDGE('',*,*,#716,.F.);
#427=ORIENTED_EDGE('',*,*,#805,.T.);
#428=ORIENTED_EDGE('',*,*,#690,.F.);
#429=ORIENTED_EDGE('',*,*,#806,.T.);
#430=ORIENTED_EDGE('',*,*,#728,.F.);
#431=ORIENTED_EDGE('',*,*,#807,.T.);
#432=ORIENTED_EDGE('',*,*,#693,.F.);
#433=ORIENTED_EDGE('',*,*,#808,.T.);
#434=ORIENTED_EDGE('',*,*,#781,.F.);
#435=ORIENTED_EDGE('',*,*,#809,.T.);
#436=ORIENTED_EDGE('',*,*,#787,.F.);
#437=ORIENTED_EDGE('',*,*,#810,.T.);
#438=ORIENTED_EDGE('',*,*,#692,.F.);
#439=ORIENTED_EDGE('',*,*,#811,.T.);
#440=ORIENTED_EDGE('',*,*,#687,.F.);
#441=ORIENTED_EDGE('',*,*,#812,.T.);
#442=ORIENTED_EDGE('',*,*,#791,.F.);
#443=ORIENTED_EDGE('',*,*,#813,.T.);
#444=ORIENTED_EDGE('',*,*,#800,.F.);
#445=ORIENTED_EDGE('',*,*,#814,.T.);
#446=ORIENTED_EDGE('',*,*,#686,.F.);
#447=ORIENTED_EDGE('',*,*,#815,.T.);
#448=ORIENTED_EDGE('',*,*,#747,.F.);
#449=ORIENTED_EDGE('',*,*,#816,.T.);
#450=ORIENTED_EDGE('',*,*,#695,.F.);
#451=ORIENTED_EDGE('',*,*,#817,.T.);
#452=ORIENTED_EDGE('',*,*,#684,.F.);
#453=ORIENTED_EDGE('',*,*,#818,.T.);
#454=ORIENTED_EDGE('',*,*,#761,.F.);
#455=ORIENTED_EDGE('',*,*,#819,.T.);
#456=ORIENTED_EDGE('',*,*,#818,.F.);
#457=ORIENTED_EDGE('',*,*,#816,.F.);
#458=ORIENTED_EDGE('',*,*,#820,.F.);
#459=ORIENTED_EDGE('',*,*,#820,.T.);
#460=ORIENTED_EDGE('',*,*,#746,.F.);
#461=ORIENTED_EDGE('',*,*,#821,.F.);
#462=ORIENTED_EDGE('',*,*,#762,.F.);
#463=ORIENTED_EDGE('',*,*,#821,.T.);
#464=ORIENTED_EDGE('',*,*,#750,.F.);
#465=ORIENTED_EDGE('',*,*,#822,.F.);
#466=ORIENTED_EDGE('',*,*,#763,.F.);
#467=ORIENTED_EDGE('',*,*,#822,.T.);
#468=ORIENTED_EDGE('',*,*,#757,.F.);
#469=ORIENTED_EDGE('',*,*,#823,.F.);
#470=ORIENTED_EDGE('',*,*,#764,.F.);
#471=ORIENTED_EDGE('',*,*,#823,.T.);
#472=ORIENTED_EDGE('',*,*,#756,.F.);
#473=ORIENTED_EDGE('',*,*,#824,.F.);
#474=ORIENTED_EDGE('',*,*,#819,.F.);
#475=ORIENTED_EDGE('',*,*,#824,.T.);
#476=ORIENTED_EDGE('',*,*,#755,.F.);
#477=ORIENTED_EDGE('',*,*,#825,.F.);
#478=ORIENTED_EDGE('',*,*,#685,.F.);
#479=ORIENTED_EDGE('',*,*,#825,.T.);
#480=ORIENTED_EDGE('',*,*,#754,.F.);
#481=ORIENTED_EDGE('',*,*,#826,.F.);
#482=ORIENTED_EDGE('',*,*,#815,.F.);
#483=ORIENTED_EDGE('',*,*,#826,.T.);
#484=ORIENTED_EDGE('',*,*,#753,.F.);
#485=ORIENTED_EDGE('',*,*,#827,.F.);
#486=ORIENTED_EDGE('',*,*,#801,.F.);
#487=ORIENTED_EDGE('',*,*,#827,.T.);
#488=ORIENTED_EDGE('',*,*,#795,.F.);
#489=ORIENTED_EDGE('',*,*,#828,.F.);
#490=ORIENTED_EDGE('',*,*,#798,.F.);
#491=ORIENTED_EDGE('',*,*,#828,.T.);
#492=ORIENTED_EDGE('',*,*,#792,.F.);
#493=ORIENTED_EDGE('',*,*,#829,.F.);
#494=ORIENTED_EDGE('',*,*,#799,.F.);
#495=ORIENTED_EDGE('',*,*,#829,.T.);
#496=ORIENTED_EDGE('',*,*,#812,.F.);
#497=ORIENTED_EDGE('',*,*,#814,.F.);
#498=ORIENTED_EDGE('',*,*,#703,.F.);
#499=ORIENTED_EDGE('',*,*,#719,.F.);
#500=ORIENTED_EDGE('',*,*,#830,.F.);
#501=ORIENTED_EDGE('',*,*,#735,.F.);
#502=ORIENTED_EDGE('',*,*,#830,.T.);
#503=ORIENTED_EDGE('',*,*,#713,.F.);
#504=ORIENTED_EDGE('',*,*,#831,.F.);
#505=ORIENTED_EDGE('',*,*,#736,.F.);
#506=ORIENTED_EDGE('',*,*,#831,.T.);
#507=ORIENTED_EDGE('',*,*,#717,.F.);
#508=ORIENTED_EDGE('',*,*,#832,.F.);
#509=ORIENTED_EDGE('',*,*,#737,.F.);
#510=ORIENTED_EDGE('',*,*,#832,.T.);
#511=ORIENTED_EDGE('',*,*,#804,.F.);
#512=ORIENTED_EDGE('',*,*,#833,.F.);
#513=ORIENTED_EDGE('',*,*,#738,.F.);
#514=ORIENTED_EDGE('',*,*,#833,.T.);
#515=ORIENTED_EDGE('',*,*,#688,.F.);
#516=ORIENTED_EDGE('',*,*,#834,.F.);
#517=ORIENTED_EDGE('',*,*,#739,.F.);
#518=ORIENTED_EDGE('',*,*,#834,.T.);
#519=ORIENTED_EDGE('',*,*,#813,.F.);
#520=ORIENTED_EDGE('',*,*,#835,.F.);
#521=ORIENTED_EDGE('',*,*,#740,.F.);
#522=ORIENTED_EDGE('',*,*,#835,.T.);
#523=ORIENTED_EDGE('',*,*,#794,.F.);
#524=ORIENTED_EDGE('',*,*,#836,.F.);
#525=ORIENTED_EDGE('',*,*,#741,.F.);
#526=ORIENTED_EDGE('',*,*,#836,.T.);
#527=ORIENTED_EDGE('',*,*,#796,.F.);
#528=ORIENTED_EDGE('',*,*,#837,.F.);
#529=ORIENTED_EDGE('',*,*,#733,.F.);
#530=ORIENTED_EDGE('',*,*,#697,.F.);
#531=ORIENTED_EDGE('',*,*,#734,.F.);
#532=ORIENTED_EDGE('',*,*,#837,.T.);
#533=ORIENTED_EDGE('',*,*,#759,.F.);
#534=ORIENTED_EDGE('',*,*,#808,.F.);
#535=ORIENTED_EDGE('',*,*,#810,.F.);
#536=ORIENTED_EDGE('',*,*,#838,.F.);
#537=ORIENTED_EDGE('',*,*,#838,.T.);
#538=ORIENTED_EDGE('',*,*,#786,.F.);
#539=ORIENTED_EDGE('',*,*,#839,.F.);
#540=ORIENTED_EDGE('',*,*,#782,.F.);
#541=ORIENTED_EDGE('',*,*,#839,.T.);
#542=ORIENTED_EDGE('',*,*,#785,.F.);
#543=ORIENTED_EDGE('',*,*,#840,.F.);
#544=ORIENTED_EDGE('',*,*,#779,.F.);
#545=ORIENTED_EDGE('',*,*,#840,.T.);
#546=ORIENTED_EDGE('',*,*,#788,.F.);
#547=ORIENTED_EDGE('',*,*,#841,.F.);
#548=ORIENTED_EDGE('',*,*,#722,.F.);
#549=ORIENTED_EDGE('',*,*,#841,.T.);
#550=ORIENTED_EDGE('',*,*,#811,.F.);
#551=ORIENTED_EDGE('',*,*,#842,.F.);
#552=ORIENTED_EDGE('',*,*,#723,.F.);
#553=ORIENTED_EDGE('',*,*,#842,.T.);
#554=ORIENTED_EDGE('',*,*,#691,.F.);
#555=ORIENTED_EDGE('',*,*,#843,.F.);
#556=ORIENTED_EDGE('',*,*,#724,.F.);
#557=ORIENTED_EDGE('',*,*,#843,.T.);
#558=ORIENTED_EDGE('',*,*,#807,.F.);
#559=ORIENTED_EDGE('',*,*,#844,.F.);
#560=ORIENTED_EDGE('',*,*,#725,.F.);
#561=ORIENTED_EDGE('',*,*,#844,.T.);
#562=ORIENTED_EDGE('',*,*,#731,.F.);
#563=ORIENTED_EDGE('',*,*,#845,.F.);
#564=ORIENTED_EDGE('',*,*,#726,.F.);
#565=ORIENTED_EDGE('',*,*,#845,.T.);
#566=ORIENTED_EDGE('',*,*,#730,.F.);
#567=ORIENTED_EDGE('',*,*,#846,.F.);
#568=ORIENTED_EDGE('',*,*,#715,.F.);
#569=ORIENTED_EDGE('',*,*,#846,.T.);
#570=ORIENTED_EDGE('',*,*,#729,.F.);
#571=ORIENTED_EDGE('',*,*,#847,.F.);
#572=ORIENTED_EDGE('',*,*,#718,.F.);
#573=ORIENTED_EDGE('',*,*,#806,.F.);
#574=ORIENTED_EDGE('',*,*,#805,.F.);
#575=ORIENTED_EDGE('',*,*,#847,.T.);
#576=ORIENTED_EDGE('',*,*,#701,.F.);
#577=ORIENTED_EDGE('',*,*,#773,.F.);
#578=ORIENTED_EDGE('',*,*,#848,.F.);
#579=ORIENTED_EDGE('',*,*,#720,.F.);
#580=ORIENTED_EDGE('',*,*,#848,.T.);
#581=ORIENTED_EDGE('',*,*,#772,.F.);
#582=ORIENTED_EDGE('',*,*,#849,.F.);
#583=ORIENTED_EDGE('',*,*,#780,.F.);
#584=ORIENTED_EDGE('',*,*,#849,.T.);
#585=ORIENTED_EDGE('',*,*,#771,.F.);
#586=ORIENTED_EDGE('',*,*,#850,.F.);
#587=ORIENTED_EDGE('',*,*,#783,.F.);
#588=ORIENTED_EDGE('',*,*,#850,.T.);
#589=ORIENTED_EDGE('',*,*,#770,.F.);
#590=ORIENTED_EDGE('',*,*,#851,.F.);
#591=ORIENTED_EDGE('',*,*,#809,.F.);
#592=ORIENTED_EDGE('',*,*,#851,.T.);
#593=ORIENTED_EDGE('',*,*,#769,.F.);
#594=ORIENTED_EDGE('',*,*,#852,.F.);
#595=ORIENTED_EDGE('',*,*,#694,.F.);
#596=ORIENTED_EDGE('',*,*,#852,.T.);
#597=ORIENTED_EDGE('',*,*,#768,.F.);
#598=ORIENTED_EDGE('',*,*,#853,.F.);
#599=ORIENTED_EDGE('',*,*,#817,.F.);
#600=ORIENTED_EDGE('',*,*,#853,.T.);
#601=ORIENTED_EDGE('',*,*,#767,.F.);
#602=ORIENTED_EDGE('',*,*,#854,.F.);
#603=ORIENTED_EDGE('',*,*,#748,.F.);
#604=ORIENTED_EDGE('',*,*,#854,.T.);
#605=ORIENTED_EDGE('',*,*,#766,.F.);
#606=ORIENTED_EDGE('',*,*,#855,.F.);
#607=ORIENTED_EDGE('',*,*,#751,.F.);
#608=ORIENTED_EDGE('',*,*,#699,.F.);
#609=ORIENTED_EDGE('',*,*,#758,.F.);
#610=ORIENTED_EDGE('',*,*,#855,.T.);
#611=ORIENTED_EDGE('',*,*,#765,.F.);
#612=ORIENTED_EDGE('',*,*,#708,.F.);
#613=ORIENTED_EDGE('',*,*,#856,.T.);
#614=ORIENTED_EDGE('',*,*,#857,.T.);
#615=ORIENTED_EDGE('',*,*,#858,.T.);
#616=ORIENTED_EDGE('',*,*,#710,.T.);
#617=ORIENTED_EDGE('',*,*,#859,.T.);
#618=ORIENTED_EDGE('',*,*,#860,.T.);
#619=ORIENTED_EDGE('',*,*,#861,.T.);
#620=ORIENTED_EDGE('',*,*,#704,.T.);
#621=ORIENTED_EDGE('',*,*,#862,.T.);
#622=ORIENTED_EDGE('',*,*,#863,.T.);
#623=ORIENTED_EDGE('',*,*,#864,.T.);
#624=ORIENTED_EDGE('',*,*,#865,.T.);
#625=ORIENTED_EDGE('',*,*,#866,.T.);
#626=ORIENTED_EDGE('',*,*,#706,.F.);
#627=ORIENTED_EDGE('',*,*,#867,.T.);
#628=ORIENTED_EDGE('',*,*,#868,.F.);
#629=ORIENTED_EDGE('',*,*,#862,.F.);
#630=ORIENTED_EDGE('',*,*,#711,.F.);
#631=ORIENTED_EDGE('',*,*,#861,.F.);
#632=ORIENTED_EDGE('',*,*,#869,.F.);
#633=ORIENTED_EDGE('',*,*,#868,.T.);
#634=ORIENTED_EDGE('',*,*,#870,.F.);
#635=ORIENTED_EDGE('',*,*,#676,.T.);
#636=ORIENTED_EDGE('',*,*,#709,.F.);
#637=ORIENTED_EDGE('',*,*,#858,.F.);
#638=ORIENTED_EDGE('',*,*,#871,.F.);
#639=ORIENTED_EDGE('',*,*,#859,.F.);
#640=ORIENTED_EDGE('',*,*,#870,.T.);
#641=ORIENTED_EDGE('',*,*,#860,.F.);
#642=ORIENTED_EDGE('',*,*,#872,.F.);
#643=ORIENTED_EDGE('',*,*,#677,.F.);
#644=ORIENTED_EDGE('',*,*,#869,.T.);
#645=ORIENTED_EDGE('',*,*,#683,.F.);
#646=ORIENTED_EDGE('',*,*,#873,.F.);
#647=ORIENTED_EDGE('',*,*,#863,.F.);
#648=ORIENTED_EDGE('',*,*,#705,.F.);
#649=ORIENTED_EDGE('',*,*,#864,.F.);
#650=ORIENTED_EDGE('',*,*,#874,.F.);
#651=ORIENTED_EDGE('',*,*,#867,.F.);
#652=ORIENTED_EDGE('',*,*,#872,.T.);
#653=ORIENTED_EDGE('',*,*,#871,.T.);
#654=ORIENTED_EDGE('',*,*,#875,.F.);
#655=ORIENTED_EDGE('',*,*,#678,.T.);
#656=ORIENTED_EDGE('',*,*,#873,.T.);
#657=ORIENTED_EDGE('',*,*,#682,.T.);
#658=ORIENTED_EDGE('',*,*,#876,.F.);
#659=ORIENTED_EDGE('',*,*,#874,.T.);
#660=ORIENTED_EDGE('',*,*,#875,.T.);
#661=ORIENTED_EDGE('',*,*,#857,.F.);
#662=ORIENTED_EDGE('',*,*,#877,.F.);
#663=ORIENTED_EDGE('',*,*,#679,.F.);
#664=ORIENTED_EDGE('',*,*,#876,.T.);
#665=ORIENTED_EDGE('',*,*,#681,.F.);
#666=ORIENTED_EDGE('',*,*,#878,.F.);
#667=ORIENTED_EDGE('',*,*,#865,.F.);
#668=ORIENTED_EDGE('',*,*,#680,.T.);
#669=ORIENTED_EDGE('',*,*,#877,.T.);
#670=ORIENTED_EDGE('',*,*,#879,.F.);
#671=ORIENTED_EDGE('',*,*,#878,.T.);
#672=ORIENTED_EDGE('',*,*,#707,.F.);
#673=ORIENTED_EDGE('',*,*,#866,.F.);
#674=ORIENTED_EDGE('',*,*,#879,.T.);
#675=ORIENTED_EDGE('',*,*,#856,.F.);
#676=EDGE_CURVE('',#880,#881,#1004,.T.);
#677=EDGE_CURVE('',#880,#882,#92,.F.);
#678=EDGE_CURVE('',#883,#882,#1005,.T.);
#679=EDGE_CURVE('',#883,#884,#93,.T.);
#680=EDGE_CURVE('',#885,#884,#1006,.T.);
#681=EDGE_CURVE('',#885,#886,#94,.T.);
#682=EDGE_CURVE('',#887,#886,#1007,.T.);
#683=EDGE_CURVE('',#887,#881,#95,.F.);
#684=EDGE_CURVE('',#888,#889,#96,.T.);
#685=EDGE_CURVE('',#889,#890,#97,.F.);
#686=EDGE_CURVE('',#890,#891,#98,.F.);
#687=EDGE_CURVE('',#891,#892,#99,.T.);
#688=EDGE_CURVE('',#892,#893,#100,.T.);
#689=EDGE_CURVE('',#893,#894,#101,.F.);
#690=EDGE_CURVE('',#894,#895,#102,.T.);
#691=EDGE_CURVE('',#895,#896,#103,.T.);
#692=EDGE_CURVE('',#896,#897,#104,.F.);
#693=EDGE_CURVE('',#897,#898,#105,.T.);
#694=EDGE_CURVE('',#898,#899,#106,.F.);
#695=EDGE_CURVE('',#899,#888,#107,.F.);
#696=EDGE_CURVE('',#900,#901,#108,.T.);
#697=EDGE_CURVE('',#901,#902,#1008,.T.);
#698=EDGE_CURVE('',#902,#903,#109,.T.);
#699=EDGE_CURVE('',#903,#904,#1009,.T.);
#700=EDGE_CURVE('',#905,#904,#110,.T.);
#701=EDGE_CURVE('',#905,#906,#1010,.T.);
#702=EDGE_CURVE('',#907,#906,#111,.T.);
#703=EDGE_CURVE('',#907,#900,#1011,.T.);
#704=EDGE_CURVE('',#908,#909,#112,.T.);
#705=EDGE_CURVE('',#908,#910,#1012,.F.);
#706=EDGE_CURVE('',#910,#911,#113,.T.);
#707=EDGE_CURVE('',#911,#912,#1013,.F.);
#708=EDGE_CURVE('',#912,#913,#114,.T.);
#709=EDGE_CURVE('',#913,#914,#1014,.F.);
#710=EDGE_CURVE('',#915,#914,#115,.T.);
#711=EDGE_CURVE('',#915,#909,#1015,.F.);
#712=EDGE_CURVE('',#916,#917,#116,.T.);
#713=EDGE_CURVE('',#917,#918,#1016,.F.);
#714=EDGE_CURVE('',#919,#918,#117,.T.);
#715=EDGE_CURVE('',#919,#916,#1017,.T.);
#716=EDGE_CURVE('',#920,#921,#118,.T.);
#717=EDGE_CURVE('',#921,#917,#119,.F.);
#718=EDGE_CURVE('',#916,#920,#120,.T.);
#719=EDGE_CURVE('',#918,#907,#121,.F.);
#720=EDGE_CURVE('',#906,#922,#122,.T.);
#721=EDGE_CURVE('',#923,#922,#123,.T.);
#722=EDGE_CURVE('',#923,#924,#124,.F.);
#723=EDGE_CURVE('',#924,#925,#1018,.F.);
#724=EDGE_CURVE('',#925,#926,#125,.F.);
#725=EDGE_CURVE('',#926,#927,#1019,.F.);
#726=EDGE_CURVE('',#927,#919,#126,.T.);
#727=EDGE_CURVE('',#928,#928,#1020,.T.);
#728=EDGE_CURVE('',#929,#930,#127,.F.);
#729=EDGE_CURVE('',#930,#931,#128,.F.);
#730=EDGE_CURVE('',#931,#932,#1021,.F.);
#731=EDGE_CURVE('',#932,#929,#129,.F.);
#732=EDGE_CURVE('',#933,#933,#1022,.T.);
#733=EDGE_CURVE('',#934,#935,#1023,.T.);
#734=EDGE_CURVE('',#935,#901,#130,.F.);
#735=EDGE_CURVE('',#900,#936,#131,.T.);
#736=EDGE_CURVE('',#936,#937,#1024,.T.);
#737=EDGE_CURVE('',#937,#938,#132,.T.);
#738=EDGE_CURVE('',#938,#939,#1025,.F.);
#739=EDGE_CURVE('',#939,#940,#133,.F.);
#740=EDGE_CURVE('',#940,#941,#1026,.F.);
#741=EDGE_CURVE('',#941,#934,#134,.F.);
#742=EDGE_CURVE('',#942,#942,#1027,.T.);
#743=EDGE_CURVE('',#943,#943,#1028,.T.);
#744=EDGE_CURVE('',#944,#944,#1029,.T.);
#745=EDGE_CURVE('',#945,#946,#135,.T.);
#746=EDGE_CURVE('',#945,#947,#136,.T.);
#747=EDGE_CURVE('',#947,#948,#137,.T.);
#748=EDGE_CURVE('',#948,#946,#138,.F.);
#749=EDGE_CURVE('',#949,#950,#139,.T.);
#750=EDGE_CURVE('',#949,#945,#1030,.F.);
#751=EDGE_CURVE('',#946,#950,#1031,.T.);
#752=EDGE_CURVE('',#951,#952,#140,.T.);
#753=EDGE_CURVE('',#951,#953,#141,.F.);
#754=EDGE_CURVE('',#953,#954,#1032,.F.);
#755=EDGE_CURVE('',#954,#955,#142,.T.);
#756=EDGE_CURVE('',#955,#956,#1033,.F.);
#757=EDGE_CURVE('',#956,#949,#143,.T.);
#758=EDGE_CURVE('',#950,#903,#144,.F.);
#759=EDGE_CURVE('',#902,#952,#145,.T.);
#760=EDGE_CURVE('',#957,#957,#1034,.T.);
#761=EDGE_CURVE('',#958,#959,#146,.F.);
#762=EDGE_CURVE('',#959,#960,#147,.F.);
#763=EDGE_CURVE('',#960,#961,#1035,.T.);
#764=EDGE_CURVE('',#961,#958,#148,.F.);
#765=EDGE_CURVE('',#904,#962,#149,.T.);
#766=EDGE_CURVE('',#962,#963,#1036,.F.);
#767=EDGE_CURVE('',#963,#964,#150,.T.);
#768=EDGE_CURVE('',#964,#965,#1037,.T.);
#769=EDGE_CURVE('',#965,#966,#151,.T.);
#770=EDGE_CURVE('',#966,#967,#1038,.T.);
#771=EDGE_CURVE('',#967,#968,#152,.F.);
#772=EDGE_CURVE('',#968,#969,#1039,.F.);
#773=EDGE_CURVE('',#969,#905,#153,.F.);
#774=EDGE_CURVE('',#970,#970,#1040,.T.);
#775=EDGE_CURVE('',#971,#971,#1041,.T.);
#776=EDGE_CURVE('',#972,#972,#1042,.T.);
#777=EDGE_CURVE('',#973,#973,#1043,.T.);
#778=EDGE_CURVE('',#974,#975,#154,.T.);
#779=EDGE_CURVE('',#974,#923,#1044,.F.);
#780=EDGE_CURVE('',#922,#975,#1045,.T.);
#781=EDGE_CURVE('',#976,#977,#155,.F.);
#782=EDGE_CURVE('',#977,#974,#156,.F.);
#783=EDGE_CURVE('',#975,#976,#157,.T.);
#784=EDGE_CURVE('',#978,#978,#1046,.T.);
#785=EDGE_CURVE('',#979,#980,#1047,.T.);
#786=EDGE_CURVE('',#980,#981,#158,.T.);
#787=EDGE_CURVE('',#981,#982,#159,.T.);
#788=EDGE_CURVE('',#982,#979,#160,.T.);
#789=EDGE_CURVE('',#983,#983,#1048,.T.);
#790=EDGE_CURVE('',#984,#984,#1049,.T.);
#791=EDGE_CURVE('',#985,#986,#161,.F.);
#792=EDGE_CURVE('',#986,#987,#162,.F.);
#793=EDGE_CURVE('',#987,#988,#163,.T.);
#794=EDGE_CURVE('',#988,#985,#164,.T.);
#795=EDGE_CURVE('',#987,#951,#1050,.T.);
#796=EDGE_CURVE('',#952,#988,#1051,.F.);
#797=EDGE_CURVE('',#989,#989,#1052,.T.);
#798=EDGE_CURVE('',#990,#991,#1053,.F.);
#799=EDGE_CURVE('',#991,#992,#165,.T.);
#800=EDGE_CURVE('',#992,#993,#166,.T.);
#801=EDGE_CURVE('',#993,#990,#167,.T.);
#802=EDGE_CURVE('',#994,#994,#1054,.T.);
#803=EDGE_CURVE('',#995,#995,#1055,.T.);
#804=EDGE_CURVE('',#893,#921,#1056,.T.);
#805=EDGE_CURVE('',#920,#894,#36,.F.);
#806=EDGE_CURVE('',#894,#930,#37,.T.);
#807=EDGE_CURVE('',#929,#895,#1057,.T.);
#808=EDGE_CURVE('',#897,#977,#38,.T.);
#809=EDGE_CURVE('',#976,#898,#1058,.F.);
#810=EDGE_CURVE('',#981,#897,#39,.F.);
#811=EDGE_CURVE('',#896,#982,#1059,.T.);
#812=EDGE_CURVE('',#891,#986,#40,.F.);
#813=EDGE_CURVE('',#985,#892,#1060,.T.);
#814=EDGE_CURVE('',#992,#891,#41,.T.);
#815=EDGE_CURVE('',#890,#993,#1061,.T.);
#816=EDGE_CURVE('',#947,#888,#42,.T.);
#817=EDGE_CURVE('',#899,#948,#1062,.F.);
#818=EDGE_CURVE('',#888,#959,#43,.F.);
#819=EDGE_CURVE('',#958,#889,#1063,.T.);
#820=EDGE_CURVE('',#959,#947,#1064,.T.);
#821=EDGE_CURVE('',#960,#945,#1065,.T.);
#822=EDGE_CURVE('',#961,#949,#1066,.T.);
#823=EDGE_CURVE('',#958,#956,#1067,.T.);
#824=EDGE_CURVE('',#889,#955,#1068,.T.);
#825=EDGE_CURVE('',#890,#954,#1069,.T.);
#826=EDGE_CURVE('',#993,#953,#1070,.T.);
#827=EDGE_CURVE('',#990,#951,#1071,.T.);
#828=EDGE_CURVE('',#991,#987,#1072,.T.);
#829=EDGE_CURVE('',#992,#986,#1073,.T.);
#830=EDGE_CURVE('',#936,#918,#1074,.T.);
#831=EDGE_CURVE('',#937,#917,#1075,.T.);
#832=EDGE_CURVE('',#938,#921,#1076,.T.);
#833=EDGE_CURVE('',#939,#893,#1077,.T.);
#834=EDGE_CURVE('',#940,#892,#1078,.T.);
#835=EDGE_CURVE('',#941,#985,#1079,.T.);
#836=EDGE_CURVE('',#934,#988,#1080,.T.);
#837=EDGE_CURVE('',#935,#952,#1081,.T.);
#838=EDGE_CURVE('',#977,#981,#1082,.T.);
#839=EDGE_CURVE('',#974,#980,#1083,.T.);
#840=EDGE_CURVE('',#923,#979,#1084,.T.);
#841=EDGE_CURVE('',#924,#982,#1085,.T.);
#842=EDGE_CURVE('',#925,#896,#1086,.T.);
#843=EDGE_CURVE('',#926,#895,#1087,.T.);
#844=EDGE_CURVE('',#927,#929,#1088,.T.);
#845=EDGE_CURVE('',#919,#932,#1089,.T.);
#846=EDGE_CURVE('',#916,#931,#1090,.T.);
#847=EDGE_CURVE('',#920,#930,#1091,.T.);
#848=EDGE_CURVE('',#922,#969,#1092,.T.);
#849=EDGE_CURVE('',#975,#968,#1093,.T.);
#850=EDGE_CURVE('',#976,#967,#1094,.T.);
#851=EDGE_CURVE('',#898,#966,#1095,.T.);
#852=EDGE_CURVE('',#899,#965,#1096,.T.);
#853=EDGE_CURVE('',#948,#964,#1097,.T.);
#854=EDGE_CURVE('',#946,#963,#1098,.T.);
#855=EDGE_CURVE('',#950,#962,#1099,.T.);
#856=EDGE_CURVE('',#912,#996,#168,.T.);
#857=EDGE_CURVE('',#996,#997,#169,.F.);
#858=EDGE_CURVE('',#997,#913,#170,.F.);
#859=EDGE_CURVE('',#914,#998,#171,.T.);
#860=EDGE_CURVE('',#998,#999,#172,.T.);
#861=EDGE_CURVE('',#999,#915,#173,.F.);
#862=EDGE_CURVE('',#909,#1000,#174,.T.);
#863=EDGE_CURVE('',#1000,#1001,#175,.T.);
#864=EDGE_CURVE('',#1001,#908,#176,.F.);
#865=EDGE_CURVE('',#1002,#1003,#177,.F.);
#866=EDGE_CURVE('',#1003,#911,#178,.F.);
#867=EDGE_CURVE('',#910,#1002,#179,.T.);
#868=EDGE_CURVE('',#1000,#999,#1100,.F.);
#869=EDGE_CURVE('',#1000,#881,#1101,.F.);
#870=EDGE_CURVE('',#880,#999,#1102,.F.);
#871=EDGE_CURVE('',#998,#997,#1103,.F.);
#872=EDGE_CURVE('',#882,#998,#1104,.T.);
#873=EDGE_CURVE('',#1001,#887,#1105,.T.);
#874=EDGE_CURVE('',#1002,#1001,#1106,.F.);
#875=EDGE_CURVE('',#883,#997,#1107,.F.);
#876=EDGE_CURVE('',#1002,#886,#1108,.F.);
#877=EDGE_CURVE('',#884,#996,#1109,.T.);
#878=EDGE_CURVE('',#1003,#885,#1110,.T.);
#879=EDGE_CURVE('',#1003,#996,#1111,.T.);
#880=VERTEX_POINT('',#2184);
#881=VERTEX_POINT('',#2185);
#882=VERTEX_POINT('',#2187);
#883=VERTEX_POINT('',#2189);
#884=VERTEX_POINT('',#2191);
#885=VERTEX_POINT('',#2193);
#886=VERTEX_POINT('',#2195);
#887=VERTEX_POINT('',#2197);
#888=VERTEX_POINT('',#2200);
#889=VERTEX_POINT('',#2201);
#890=VERTEX_POINT('',#2203);
#891=VERTEX_POINT('',#2205);
#892=VERTEX_POINT('',#2207);
#893=VERTEX_POINT('',#2209);
#894=VERTEX_POINT('',#2211);
#895=VERTEX_POINT('',#2213);
#896=VERTEX_POINT('',#2215);
#897=VERTEX_POINT('',#2217);
#898=VERTEX_POINT('',#2219);
#899=VERTEX_POINT('',#2221);
#900=VERTEX_POINT('',#2225);
#901=VERTEX_POINT('',#2226);
#902=VERTEX_POINT('',#2228);
#903=VERTEX_POINT('',#2230);
#904=VERTEX_POINT('',#2232);
#905=VERTEX_POINT('',#2234);
#906=VERTEX_POINT('',#2236);
#907=VERTEX_POINT('',#2238);
#908=VERTEX_POINT('',#2241);
#909=VERTEX_POINT('',#2242);
#910=VERTEX_POINT('',#2244);
#911=VERTEX_POINT('',#2246);
#912=VERTEX_POINT('',#2248);
#913=VERTEX_POINT('',#2250);
#914=VERTEX_POINT('',#2252);
#915=VERTEX_POINT('',#2254);
#916=VERTEX_POINT('',#2258);
#917=VERTEX_POINT('',#2259);
#918=VERTEX_POINT('',#2261);
#919=VERTEX_POINT('',#2263);
#920=VERTEX_POINT('',#2267);
#921=VERTEX_POINT('',#2268);
#922=VERTEX_POINT('',#2274);
#923=VERTEX_POINT('',#2276);
#924=VERTEX_POINT('',#2278);
#925=VERTEX_POINT('',#2280);
#926=VERTEX_POINT('',#2282);
#927=VERTEX_POINT('',#2284);
#928=VERTEX_POINT('',#2288);
#929=VERTEX_POINT('',#2290);
#930=VERTEX_POINT('',#2291);
#931=VERTEX_POINT('',#2293);
#932=VERTEX_POINT('',#2295);
#933=VERTEX_POINT('',#2299);
#934=VERTEX_POINT('',#2301);
#935=VERTEX_POINT('',#2302);
#936=VERTEX_POINT('',#2305);
#937=VERTEX_POINT('',#2307);
#938=VERTEX_POINT('',#2309);
#939=VERTEX_POINT('',#2311);
#940=VERTEX_POINT('',#2313);
#941=VERTEX_POINT('',#2315);
#942=VERTEX_POINT('',#2318);
#943=VERTEX_POINT('',#2321);
#944=VERTEX_POINT('',#2324);
#945=VERTEX_POINT('',#2328);
#946=VERTEX_POINT('',#2329);
#947=VERTEX_POINT('',#2331);
#948=VERTEX_POINT('',#2333);
#949=VERTEX_POINT('',#2337);
#950=VERTEX_POINT('',#2338);
#951=VERTEX_POINT('',#2343);
#952=VERTEX_POINT('',#2344);
#953=VERTEX_POINT('',#2346);
#954=VERTEX_POINT('',#2348);
#955=VERTEX_POINT('',#2350);
#956=VERTEX_POINT('',#2352);
#957=VERTEX_POINT('',#2358);
#958=VERTEX_POINT('',#2360);
#959=VERTEX_POINT('',#2361);
#960=VERTEX_POINT('',#2363);
#961=VERTEX_POINT('',#2365);
#962=VERTEX_POINT('',#2369);
#963=VERTEX_POINT('',#2371);
#964=VERTEX_POINT('',#2373);
#965=VERTEX_POINT('',#2375);
#966=VERTEX_POINT('',#2377);
#967=VERTEX_POINT('',#2379);
#968=VERTEX_POINT('',#2381);
#969=VERTEX_POINT('',#2383);
#970=VERTEX_POINT('',#2386);
#971=VERTEX_POINT('',#2388);
#972=VERTEX_POINT('',#2391);
#973=VERTEX_POINT('',#2394);
#974=VERTEX_POINT('',#2398);
#975=VERTEX_POINT('',#2399);
#976=VERTEX_POINT('',#2404);
#977=VERTEX_POINT('',#2405);
#978=VERTEX_POINT('',#2410);
#979=VERTEX_POINT('',#2412);
#980=VERTEX_POINT('',#2413);
#981=VERTEX_POINT('',#2415);
#982=VERTEX_POINT('',#2417);
#983=VERTEX_POINT('',#2421);
#984=VERTEX_POINT('',#2424);
#985=VERTEX_POINT('',#2428);
#986=VERTEX_POINT('',#2429);
#987=VERTEX_POINT('',#2431);
#988=VERTEX_POINT('',#2433);
#989=VERTEX_POINT('',#2440);
#990=VERTEX_POINT('',#2442);
#991=VERTEX_POINT('',#2443);
#992=VERTEX_POINT('',#2445);
#993=VERTEX_POINT('',#2447);
#994=VERTEX_POINT('',#2451);
#995=VERTEX_POINT('',#2454);
#996=VERTEX_POINT('',#2662);
#997=VERTEX_POINT('',#2664);
#998=VERTEX_POINT('',#2668);
#999=VERTEX_POINT('',#2670);
#1000=VERTEX_POINT('',#2674);
#1001=VERTEX_POINT('',#2676);
#1002=VERTEX_POINT('',#2680);
#1003=VERTEX_POINT('',#2681);
#1004=CIRCLE('',#1474,0.01);
#1005=CIRCLE('',#1475,0.01);
#1006=CIRCLE('',#1476,0.01);
#1007=CIRCLE('',#1477,0.01);
#1008=CIRCLE('',#1479,0.005);
#1009=CIRCLE('',#1480,0.005);
#1010=CIRCLE('',#1481,0.005);
#1011=CIRCLE('',#1482,0.005);
#1012=CIRCLE('',#1483,0.005);
#1013=CIRCLE('',#1484,0.005);
#1014=CIRCLE('',#1485,0.005);
#1015=CIRCLE('',#1486,0.005);
#1016=CIRCLE('',#1488,0.0125);
#1017=CIRCLE('',#1489,0.0125);
#1018=CIRCLE('',#1492,0.01);
#1019=CIRCLE('',#1493,0.01);
#1020=CIRCLE('',#1495,0.0029);
#1021=CIRCLE('',#1496,0.0075);
#1022=CIRCLE('',#1498,0.004875);
#1023=CIRCLE('',#1499,0.0075);
#1024=CIRCLE('',#1500,0.0075);
#1025=CIRCLE('',#1501,0.01);
#1026=CIRCLE('',#1502,0.01);
#1027=CIRCLE('',#1503,0.004875);
#1028=CIRCLE('',#1505,0.0029);
#1029=CIRCLE('',#1507,0.004875);
#1030=CIRCLE('',#1511,0.0125);
#1031=CIRCLE('',#1512,0.0125);
#1032=CIRCLE('',#1514,0.01);
#1033=CIRCLE('',#1515,0.01);
#1034=CIRCLE('',#1517,0.0029);
#1035=CIRCLE('',#1518,0.0075);
#1036=CIRCLE('',#1520,0.0075);
#1037=CIRCLE('',#1521,0.01);
#1038=CIRCLE('',#1522,0.01);
#1039=CIRCLE('',#1523,0.0075);
#1040=CIRCLE('',#1524,0.004875);
#1041=CIRCLE('',#1525,0.004875);
#1042=CIRCLE('',#1527,0.0029);
#1043=CIRCLE('',#1529,0.004875);
#1044=CIRCLE('',#1532,0.0125);
#1045=CIRCLE('',#1533,0.0125);
#1046=CIRCLE('',#1536,0.0029);
#1047=CIRCLE('',#1537,0.0075);
#1048=CIRCLE('',#1539,0.0029);
#1049=CIRCLE('',#1541,0.004875);
#1050=CIRCLE('',#1545,0.0125);
#1051=CIRCLE('',#1546,0.0125);
#1052=CIRCLE('',#1548,0.0029);
#1053=CIRCLE('',#1549,0.0075);
#1054=CIRCLE('',#1551,0.0029);
#1055=CIRCLE('',#1553,0.004875);
#1056=CIRCLE('',#1556,0.005);
#1057=CIRCLE('',#1560,0.005);
#1058=CIRCLE('',#1563,0.005);
#1059=CIRCLE('',#1566,0.005);
#1060=CIRCLE('',#1569,0.005);
#1061=CIRCLE('',#1572,0.005);
#1062=CIRCLE('',#1575,0.005);
#1063=CIRCLE('',#1578,0.005);
#1064=CIRCLE('',#1579,0.005);
#1065=CIRCLE('',#1581,0.005);
#1066=CIRCLE('',#1583,0.005);
#1067=CIRCLE('',#1585,0.005);
#1068=CIRCLE('',#1587,0.005);
#1069=CIRCLE('',#1589,0.005);
#1070=CIRCLE('',#1591,0.005);
#1071=CIRCLE('',#1593,0.005);
#1072=CIRCLE('',#1595,0.005);
#1073=CIRCLE('',#1597,0.005);
#1074=CIRCLE('',#1599,0.005);
#1075=CIRCLE('',#1601,0.005);
#1076=CIRCLE('',#1603,0.005);
#1077=CIRCLE('',#1605,0.005);
#1078=CIRCLE('',#1607,0.005);
#1079=CIRCLE('',#1609,0.005);
#1080=CIRCLE('',#1611,0.005);
#1081=CIRCLE('',#1613,0.005);
#1082=CIRCLE('',#1615,0.005);
#1083=CIRCLE('',#1617,0.005);
#1084=CIRCLE('',#1619,0.005);
#1085=CIRCLE('',#1621,0.005);
#1086=CIRCLE('',#1623,0.005);
#1087=CIRCLE('',#1625,0.005);
#1088=CIRCLE('',#1627,0.005);
#1089=CIRCLE('',#1629,0.005);
#1090=CIRCLE('',#1631,0.005);
#1091=CIRCLE('',#1633,0.005);
#1092=CIRCLE('',#1635,0.005);
#1093=CIRCLE('',#1637,0.005);
#1094=CIRCLE('',#1639,0.005);
#1095=CIRCLE('',#1641,0.005);
#1096=CIRCLE('',#1643,0.005);
#1097=CIRCLE('',#1645,0.005);
#1098=CIRCLE('',#1647,0.005);
#1099=CIRCLE('',#1649,0.005);
#1100=CIRCLE('',#1656,0.005);
#1101=CIRCLE('',#1658,0.005);
#1102=CIRCLE('',#1659,0.005);
#1103=CIRCLE('',#1661,0.005);
#1104=CIRCLE('',#1663,0.005);
#1105=CIRCLE('',#1665,0.005);
#1106=CIRCLE('',#1667,0.005);
#1107=CIRCLE('',#1669,0.005);
#1108=CIRCLE('',#1671,0.005);
#1109=CIRCLE('',#1673,0.005);
#1110=CIRCLE('',#1675,0.005);
#1111=CIRCLE('',#1677,0.005);
#1112=EDGE_LOOP('',(#268,#269,#270,#271,#272,#273,#274,#275));
#1113=EDGE_LOOP('',(#276,#277,#278,#279,#280,#281,#282,#283,#284,#285,#286,
#287));
#1114=EDGE_LOOP('',(#288,#289,#290,#291,#292,#293,#294,#295));
#1115=EDGE_LOOP('',(#296,#297,#298,#299,#300,#301,#302,#303));
#1116=EDGE_LOOP('',(#304,#305,#306,#307));
#1117=EDGE_LOOP('',(#308,#309,#310,#311));
#1118=EDGE_LOOP('',(#312,#313,#314,#315,#316,#317,#318,#319,#320,#321));
#1119=EDGE_LOOP('',(#322));
#1120=EDGE_LOOP('',(#323,#324,#325,#326));
#1121=EDGE_LOOP('',(#327));
#1122=EDGE_LOOP('',(#328,#329,#330,#331,#332,#333,#334,#335,#336,#337));
#1123=EDGE_LOOP('',(#338));
#1124=EDGE_LOOP('',(#339));
#1125=EDGE_LOOP('',(#340));
#1126=EDGE_LOOP('',(#341));
#1127=EDGE_LOOP('',(#342));
#1128=EDGE_LOOP('',(#343));
#1129=EDGE_LOOP('',(#344));
#1130=EDGE_LOOP('',(#345,#346,#347,#348));
#1131=EDGE_LOOP('',(#349,#350,#351,#352));
#1132=EDGE_LOOP('',(#353,#354,#355,#356,#357,#358,#359,#360,#361,#362));
#1133=EDGE_LOOP('',(#363));
#1134=EDGE_LOOP('',(#364,#365,#366,#367));
#1135=EDGE_LOOP('',(#368,#369,#370,#371,#372,#373,#374,#375,#376,#377));
#1136=EDGE_LOOP('',(#378));
#1137=EDGE_LOOP('',(#379));
#1138=EDGE_LOOP('',(#380));
#1139=EDGE_LOOP('',(#381));
#1140=EDGE_LOOP('',(#382));
#1141=EDGE_LOOP('',(#383));
#1142=EDGE_LOOP('',(#384));
#1143=EDGE_LOOP('',(#385));
#1144=EDGE_LOOP('',(#386,#387,#388,#389));
#1145=EDGE_LOOP('',(#390,#391,#392,#393));
#1146=EDGE_LOOP('',(#394));
#1147=EDGE_LOOP('',(#395,#396,#397,#398));
#1148=EDGE_LOOP('',(#399));
#1149=EDGE_LOOP('',(#400));
#1150=EDGE_LOOP('',(#401));
#1151=EDGE_LOOP('',(#402));
#1152=EDGE_LOOP('',(#403));
#1153=EDGE_LOOP('',(#404));
#1154=EDGE_LOOP('',(#405,#406,#407,#408));
#1155=EDGE_LOOP('',(#409,#410,#411,#412));
#1156=EDGE_LOOP('',(#413));
#1157=EDGE_LOOP('',(#414,#415,#416,#417));
#1158=EDGE_LOOP('',(#418));
#1159=EDGE_LOOP('',(#419));
#1160=EDGE_LOOP('',(#420));
#1161=EDGE_LOOP('',(#421));
#1162=EDGE_LOOP('',(#422));
#1163=EDGE_LOOP('',(#423));
#1164=EDGE_LOOP('',(#424,#425,#426,#427));
#1165=EDGE_LOOP('',(#428,#429,#430,#431));
#1166=EDGE_LOOP('',(#432,#433,#434,#435));
#1167=EDGE_LOOP('',(#436,#437,#438,#439));
#1168=EDGE_LOOP('',(#440,#441,#442,#443));
#1169=EDGE_LOOP('',(#444,#445,#446,#447));
#1170=EDGE_LOOP('',(#448,#449,#450,#451));
#1171=EDGE_LOOP('',(#452,#453,#454,#455));
#1172=EDGE_LOOP('',(#456,#457,#458));
#1173=EDGE_LOOP('',(#459,#460,#461,#462));
#1174=EDGE_LOOP('',(#463,#464,#465,#466));
#1175=EDGE_LOOP('',(#467,#468,#469,#470));
#1176=EDGE_LOOP('',(#471,#472,#473,#474));
#1177=EDGE_LOOP('',(#475,#476,#477,#478));
#1178=EDGE_LOOP('',(#479,#480,#481,#482));
#1179=EDGE_LOOP('',(#483,#484,#485,#486));
#1180=EDGE_LOOP('',(#487,#488,#489,#490));
#1181=EDGE_LOOP('',(#491,#492,#493,#494));
#1182=EDGE_LOOP('',(#495,#496,#497));
#1183=EDGE_LOOP('',(#498,#499,#500,#501));
#1184=EDGE_LOOP('',(#502,#503,#504,#505));
#1185=EDGE_LOOP('',(#506,#507,#508,#509));
#1186=EDGE_LOOP('',(#510,#511,#512,#513));
#1187=EDGE_LOOP('',(#514,#515,#516,#517));
#1188=EDGE_LOOP('',(#518,#519,#520,#521));
#1189=EDGE_LOOP('',(#522,#523,#524,#525));
#1190=EDGE_LOOP('',(#526,#527,#528,#529));
#1191=EDGE_LOOP('',(#530,#531,#532,#533));
#1192=EDGE_LOOP('',(#534,#535,#536));
#1193=EDGE_LOOP('',(#537,#538,#539,#540));
#1194=EDGE_LOOP('',(#541,#542,#543,#544));
#1195=EDGE_LOOP('',(#545,#546,#547,#548));
#1196=EDGE_LOOP('',(#549,#550,#551,#552));
#1197=EDGE_LOOP('',(#553,#554,#555,#556));
#1198=EDGE_LOOP('',(#557,#558,#559,#560));
#1199=EDGE_LOOP('',(#561,#562,#563,#564));
#1200=EDGE_LOOP('',(#565,#566,#567,#568));
#1201=EDGE_LOOP('',(#569,#570,#571,#572));
#1202=EDGE_LOOP('',(#573,#574,#575));
#1203=EDGE_LOOP('',(#576,#577,#578,#579));
#1204=EDGE_LOOP('',(#580,#581,#582,#583));
#1205=EDGE_LOOP('',(#584,#585,#586,#587));
#1206=EDGE_LOOP('',(#588,#589,#590,#591));
#1207=EDGE_LOOP('',(#592,#593,#594,#595));
#1208=EDGE_LOOP('',(#596,#597,#598,#599));
#1209=EDGE_LOOP('',(#600,#601,#602,#603));
#1210=EDGE_LOOP('',(#604,#605,#606,#607));
#1211=EDGE_LOOP('',(#608,#609,#610,#611));
#1212=EDGE_LOOP('',(#612,#613,#614,#615));
#1213=EDGE_LOOP('',(#616,#617,#618,#619));
#1214=EDGE_LOOP('',(#620,#621,#622,#623));
#1215=EDGE_LOOP('',(#624,#625,#626,#627));
#1216=EDGE_LOOP('',(#628,#629,#630,#631));
#1217=EDGE_LOOP('',(#632,#633,#634,#635));
#1218=EDGE_LOOP('',(#636,#637,#638,#639));
#1219=EDGE_LOOP('',(#640,#641,#642,#643));
#1220=EDGE_LOOP('',(#644,#645,#646,#647));
#1221=EDGE_LOOP('',(#648,#649,#650,#651));
#1222=EDGE_LOOP('',(#652,#653,#654,#655));
#1223=EDGE_LOOP('',(#656,#657,#658,#659));
#1224=EDGE_LOOP('',(#660,#661,#662,#663));
#1225=EDGE_LOOP('',(#664,#665,#666,#667));
#1226=EDGE_LOOP('',(#668,#669,#670,#671));
#1227=EDGE_LOOP('',(#672,#673,#674,#675));
#1228=FACE_BOUND('',#1112,.T.);
#1229=FACE_BOUND('',#1113,.T.);
#1230=FACE_BOUND('',#1114,.T.);
#1231=FACE_BOUND('',#1115,.T.);
#1232=FACE_BOUND('',#1116,.T.);
#1233=FACE_BOUND('',#1117,.T.);
#1234=FACE_BOUND('',#1118,.T.);
#1235=FACE_BOUND('',#1119,.T.);
#1236=FACE_BOUND('',#1120,.T.);
#1237=FACE_BOUND('',#1121,.T.);
#1238=FACE_BOUND('',#1122,.T.);
#1239=FACE_BOUND('',#1123,.T.);
#1240=FACE_BOUND('',#1124,.T.);
#1241=FACE_BOUND('',#1125,.T.);
#1242=FACE_BOUND('',#1126,.T.);
#1243=FACE_BOUND('',#1127,.T.);
#1244=FACE_BOUND('',#1128,.T.);
#1245=FACE_BOUND('',#1129,.T.);
#1246=FACE_BOUND('',#1130,.T.);
#1247=FACE_BOUND('',#1131,.T.);
#1248=FACE_BOUND('',#1132,.T.);
#1249=FACE_BOUND('',#1133,.T.);
#1250=FACE_BOUND('',#1134,.T.);
#1251=FACE_BOUND('',#1135,.T.);
#1252=FACE_BOUND('',#1136,.T.);
#1253=FACE_BOUND('',#1137,.T.);
#1254=FACE_BOUND('',#1138,.T.);
#1255=FACE_BOUND('',#1139,.T.);
#1256=FACE_BOUND('',#1140,.T.);
#1257=FACE_BOUND('',#1141,.T.);
#1258=FACE_BOUND('',#1142,.T.);
#1259=FACE_BOUND('',#1143,.T.);
#1260=FACE_BOUND('',#1144,.T.);
#1261=FACE_BOUND('',#1145,.T.);
#1262=FACE_BOUND('',#1146,.T.);
#1263=FACE_BOUND('',#1147,.T.);
#1264=FACE_BOUND('',#1148,.T.);
#1265=FACE_BOUND('',#1149,.T.);
#1266=FACE_BOUND('',#1150,.T.);
#1267=FACE_BOUND('',#1151,.T.);
#1268=FACE_BOUND('',#1152,.T.);
#1269=FACE_BOUND('',#1153,.T.);
#1270=FACE_BOUND('',#1154,.T.);
#1271=FACE_BOUND('',#1155,.T.);
#1272=FACE_BOUND('',#1156,.T.);
#1273=FACE_BOUND('',#1157,.T.);
#1274=FACE_BOUND('',#1158,.T.);
#1275=FACE_BOUND('',#1159,.T.);
#1276=FACE_BOUND('',#1160,.T.);
#1277=FACE_BOUND('',#1161,.T.);
#1278=FACE_BOUND('',#1162,.T.);
#1279=FACE_BOUND('',#1163,.T.);
#1280=FACE_BOUND('',#1164,.T.);
#1281=FACE_BOUND('',#1165,.T.);
#1282=FACE_BOUND('',#1166,.T.);
#1283=FACE_BOUND('',#1167,.T.);
#1284=FACE_BOUND('',#1168,.T.);
#1285=FACE_BOUND('',#1169,.T.);
#1286=FACE_BOUND('',#1170,.T.);
#1287=FACE_BOUND('',#1171,.T.);
#1288=FACE_BOUND('',#1172,.T.);
#1289=FACE_BOUND('',#1173,.T.);
#1290=FACE_BOUND('',#1174,.T.);
#1291=FACE_BOUND('',#1175,.T.);
#1292=FACE_BOUND('',#1176,.T.);
#1293=FACE_BOUND('',#1177,.T.);
#1294=FACE_BOUND('',#1178,.T.);
#1295=FACE_BOUND('',#1179,.T.);
#1296=FACE_BOUND('',#1180,.T.);
#1297=FACE_BOUND('',#1181,.T.);
#1298=FACE_BOUND('',#1182,.T.);
#1299=FACE_BOUND('',#1183,.T.);
#1300=FACE_BOUND('',#1184,.T.);
#1301=FACE_BOUND('',#1185,.T.);
#1302=FACE_BOUND('',#1186,.T.);
#1303=FACE_BOUND('',#1187,.T.);
#1304=FACE_BOUND('',#1188,.T.);
#1305=FACE_BOUND('',#1189,.T.);
#1306=FACE_BOUND('',#1190,.T.);
#1307=FACE_BOUND('',#1191,.T.);
#1308=FACE_BOUND('',#1192,.T.);
#1309=FACE_BOUND('',#1193,.T.);
#1310=FACE_BOUND('',#1194,.T.);
#1311=FACE_BOUND('',#1195,.T.);
#1312=FACE_BOUND('',#1196,.T.);
#1313=FACE_BOUND('',#1197,.T.);
#1314=FACE_BOUND('',#1198,.T.);
#1315=FACE_BOUND('',#1199,.T.);
#1316=FACE_BOUND('',#1200,.T.);
#1317=FACE_BOUND('',#1201,.T.);
#1318=FACE_BOUND('',#1202,.T.);
#1319=FACE_BOUND('',#1203,.T.);
#1320=FACE_BOUND('',#1204,.T.);
#1321=FACE_BOUND('',#1205,.T.);
#1322=FACE_BOUND('',#1206,.T.);
#1323=FACE_BOUND('',#1207,.T.);
#1324=FACE_BOUND('',#1208,.T.);
#1325=FACE_BOUND('',#1209,.T.);
#1326=FACE_BOUND('',#1210,.T.);
#1327=FACE_BOUND('',#1211,.T.);
#1328=FACE_BOUND('',#1212,.T.);
#1329=FACE_BOUND('',#1213,.T.);
#1330=FACE_BOUND('',#1214,.T.);
#1331=FACE_BOUND('',#1215,.T.);
#1332=FACE_BOUND('',#1216,.T.);
#1333=FACE_BOUND('',#1217,.T.);
#1334=FACE_BOUND('',#1218,.T.);
#1335=FACE_BOUND('',#1219,.T.);
#1336=FACE_BOUND('',#1220,.T.);
#1337=FACE_BOUND('',#1221,.T.);
#1338=FACE_BOUND('',#1222,.T.);
#1339=FACE_BOUND('',#1223,.T.);
#1340=FACE_BOUND('',#1224,.T.);
#1341=FACE_BOUND('',#1225,.T.);
#1342=FACE_BOUND('',#1226,.T.);
#1343=FACE_BOUND('',#1227,.T.);
#1344=PLANE('',#1473);
#1345=PLANE('',#1478);
#1346=PLANE('',#1490);
#1347=PLANE('',#1491);
#1348=PLANE('',#1494);
#1349=PLANE('',#1497);
#1350=PLANE('',#1506);
#1351=PLANE('',#1509);
#1352=PLANE('',#1513);
#1353=PLANE('',#1516);
#1354=PLANE('',#1519);
#1355=PLANE('',#1528);
#1356=PLANE('',#1534);
#1357=PLANE('',#1535);
#1358=PLANE('',#1540);
#1359=PLANE('',#1543);
#1360=PLANE('',#1547);
#1361=PLANE('',#1552);
#1362=PLANE('',#1651);
#1363=PLANE('',#1652);
#1364=PLANE('',#1653);
#1365=PLANE('',#1654);
#1366=ADVANCED_FACE('',(#1228,#1229),#1344,.T.);
#1367=ADVANCED_FACE('',(#1230,#1231),#1345,.T.);
#1368=ADVANCED_FACE('',(#1232),#44,.T.);
#1369=ADVANCED_FACE('',(#1233),#1346,.T.);
#1370=ADVANCED_FACE('',(#1234),#1347,.T.);
#1371=ADVANCED_FACE('',(#1235,#1236),#1348,.F.);
#1372=ADVANCED_FACE('',(#1237,#1238,#1239),#1349,.T.);
#1373=ADVANCED_FACE('',(#1240,#1241),#45,.F.);
#1374=ADVANCED_FACE('',(#1242,#1243),#1350,.T.);
#1375=ADVANCED_FACE('',(#1244,#1245),#46,.F.);
#1376=ADVANCED_FACE('',(#1246),#1351,.T.);
#1377=ADVANCED_FACE('',(#1247),#47,.T.);
#1378=ADVANCED_FACE('',(#1248),#1352,.T.);
#1379=ADVANCED_FACE('',(#1249,#1250),#1353,.T.);
#1380=ADVANCED_FACE('',(#1251,#1252,#1253),#1354,.F.);
#1381=ADVANCED_FACE('',(#1254,#1255),#48,.F.);
#1382=ADVANCED_FACE('',(#1256,#1257),#1355,.T.);
#1383=ADVANCED_FACE('',(#1258,#1259),#49,.F.);
#1384=ADVANCED_FACE('',(#1260),#50,.T.);
#1385=ADVANCED_FACE('',(#1261),#1356,.F.);
#1386=ADVANCED_FACE('',(#1262,#1263),#1357,.T.);
#1387=ADVANCED_FACE('',(#1264,#1265),#51,.F.);
#1388=ADVANCED_FACE('',(#1266,#1267),#1358,.T.);
#1389=ADVANCED_FACE('',(#1268,#1269),#52,.F.);
#1390=ADVANCED_FACE('',(#1270),#1359,.F.);
#1391=ADVANCED_FACE('',(#1271),#53,.T.);
#1392=ADVANCED_FACE('',(#1272,#1273),#1360,.F.);
#1393=ADVANCED_FACE('',(#1274,#1275),#54,.F.);
#1394=ADVANCED_FACE('',(#1276,#1277),#1361,.T.);
#1395=ADVANCED_FACE('',(#1278,#1279),#55,.F.);
#1396=ADVANCED_FACE('',(#1280),#56,.F.);
#1397=ADVANCED_FACE('',(#1281),#57,.F.);
#1398=ADVANCED_FACE('',(#1282),#58,.F.);
#1399=ADVANCED_FACE('',(#1283),#59,.F.);
#1400=ADVANCED_FACE('',(#1284),#60,.F.);
#1401=ADVANCED_FACE('',(#1285),#61,.F.);
#1402=ADVANCED_FACE('',(#1286),#62,.F.);
#1403=ADVANCED_FACE('',(#1287),#63,.F.);
#1404=ADVANCED_FACE('',(#1288),#32,.T.);
#1405=ADVANCED_FACE('',(#1289),#64,.T.);
#1406=ADVANCED_FACE('',(#1290),#12,.T.);
#1407=ADVANCED_FACE('',(#1291),#65,.T.);
#1408=ADVANCED_FACE('',(#1292),#13,.T.);
#1409=ADVANCED_FACE('',(#1293),#66,.T.);
#1410=ADVANCED_FACE('',(#1294),#14,.T.);
#1411=ADVANCED_FACE('',(#1295),#67,.T.);
#1412=ADVANCED_FACE('',(#1296),#15,.T.);
#1413=ADVANCED_FACE('',(#1297),#68,.T.);
#1414=ADVANCED_FACE('',(#1298),#33,.T.);
#1415=ADVANCED_FACE('',(#1299),#69,.T.);
#1416=ADVANCED_FACE('',(#1300),#16,.T.);
#1417=ADVANCED_FACE('',(#1301),#70,.T.);
#1418=ADVANCED_FACE('',(#1302),#17,.T.);
#1419=ADVANCED_FACE('',(#1303),#71,.T.);
#1420=ADVANCED_FACE('',(#1304),#18,.T.);
#1421=ADVANCED_FACE('',(#1305),#72,.T.);
#1422=ADVANCED_FACE('',(#1306),#19,.T.);
#1423=ADVANCED_FACE('',(#1307),#73,.T.);
#1424=ADVANCED_FACE('',(#1308),#34,.T.);
#1425=ADVANCED_FACE('',(#1309),#74,.T.);
#1426=ADVANCED_FACE('',(#1310),#20,.T.);
#1427=ADVANCED_FACE('',(#1311),#75,.T.);
#1428=ADVANCED_FACE('',(#1312),#21,.T.);
#1429=ADVANCED_FACE('',(#1313),#76,.T.);
#1430=ADVANCED_FACE('',(#1314),#22,.T.);
#1431=ADVANCED_FACE('',(#1315),#77,.T.);
#1432=ADVANCED_FACE('',(#1316),#23,.T.);
#1433=ADVANCED_FACE('',(#1317),#78,.T.);
#1434=ADVANCED_FACE('',(#1318),#35,.T.);
#1435=ADVANCED_FACE('',(#1319),#79,.T.);
#1436=ADVANCED_FACE('',(#1320),#24,.T.);
#1437=ADVANCED_FACE('',(#1321),#80,.T.);
#1438=ADVANCED_FACE('',(#1322),#25,.T.);
#1439=ADVANCED_FACE('',(#1323),#81,.T.);
#1440=ADVANCED_FACE('',(#1324),#26,.T.);
#1441=ADVANCED_FACE('',(#1325),#82,.T.);
#1442=ADVANCED_FACE('',(#1326),#27,.T.);
#1443=ADVANCED_FACE('',(#1327),#83,.T.);
#1444=ADVANCED_FACE('',(#1328),#1362,.T.);
#1445=ADVANCED_FACE('',(#1329),#1363,.F.);
#1446=ADVANCED_FACE('',(#1330),#1364,.F.);
#1447=ADVANCED_FACE('',(#1331),#1365,.T.);
#1448=ADVANCED_FACE('',(#1332),#84,.F.);
#1449=ADVANCED_FACE('',(#1333),#28,.T.);
#1450=ADVANCED_FACE('',(#1334),#85,.F.);
#1451=ADVANCED_FACE('',(#1335),#86,.T.);
#1452=ADVANCED_FACE('',(#1336),#87,.T.);
#1453=ADVANCED_FACE('',(#1337),#88,.F.);
#1454=ADVANCED_FACE('',(#1338),#29,.T.);
#1455=ADVANCED_FACE('',(#1339),#30,.T.);
#1456=ADVANCED_FACE('',(#1340),#89,.T.);
#1457=ADVANCED_FACE('',(#1341),#90,.T.);
#1458=ADVANCED_FACE('',(#1342),#31,.T.);
#1459=ADVANCED_FACE('',(#1343),#91,.F.);
#1460=CLOSED_SHELL('',(#1366,#1367,#1368,#1369,#1370,#1371,#1372,#1373,
#1374,#1375,#1376,#1377,#1378,#1379,#1380,#1381,#1382,#1383,#1384,#1385,
#1386,#1387,#1388,#1389,#1390,#1391,#1392,#1393,#1394,#1395,#1396,#1397,
#1398,#1399,#1400,#1401,#1402,#1403,#1404,#1405,#1406,#1407,#1408,#1409,
#1410,#1411,#1412,#1413,#1414,#1415,#1416,#1417,#1418,#1419,#1420,#1421,
#1422,#1423,#1424,#1425,#1426,#1427,#1428,#1429,#1430,#1431,#1432,#1433,
#1434,#1435,#1436,#1437,#1438,#1439,#1440,#1441,#1442,#1443,#1444,#1445,
#1446,#1447,#1448,#1449,#1450,#1451,#1452,#1453,#1454,#1455,#1456,#1457,
#1458,#1459));
#1461=STYLED_ITEM('',(#1462),#1469);
#1462=PRESENTATION_STYLE_ASSIGNMENT((#1463));
#1463=SURFACE_STYLE_USAGE(.BOTH.,#1464);
#1464=SURFACE_SIDE_STYLE('',(#1465));
#1465=SURFACE_STYLE_FILL_AREA(#1466);
#1466=FILL_AREA_STYLE('',(#1467));
#1467=FILL_AREA_STYLE_COLOUR('',#1468);
#1468=COLOUR_RGB('',0.768627450980392,0.886274509803922,0.952941176470588);
#1469=MANIFOLD_SOLID_BREP('Part 2',#1460);
#1470=SHAPE_DEFINITION_REPRESENTATION(#2714,#1471);
#1471=SHAPE_REPRESENTATION('Part 2',(#1472),#2709);
#1472=AXIS2_PLACEMENT_3D('',#2181,#1679,#1680);
#1473=AXIS2_PLACEMENT_3D('',#2182,#1681,#1682);
#1474=AXIS2_PLACEMENT_3D('',#2183,#1683,#1684);
#1475=AXIS2_PLACEMENT_3D('',#2188,#1686,#1687);
#1476=AXIS2_PLACEMENT_3D('',#2192,#1689,#1690);
#1477=AXIS2_PLACEMENT_3D('',#2196,#1692,#1693);
#1478=AXIS2_PLACEMENT_3D('',#2223,#1707,#1708);
#1479=AXIS2_PLACEMENT_3D('',#2227,#1710,#1711);
#1480=AXIS2_PLACEMENT_3D('',#2231,#1713,#1714);
#1481=AXIS2_PLACEMENT_3D('',#2235,#1716,#1717);
#1482=AXIS2_PLACEMENT_3D('',#2239,#1719,#1720);
#1483=AXIS2_PLACEMENT_3D('',#2243,#1722,#1723);
#1484=AXIS2_PLACEMENT_3D('',#2247,#1725,#1726);
#1485=AXIS2_PLACEMENT_3D('',#2251,#1728,#1729);
#1486=AXIS2_PLACEMENT_3D('',#2255,#1731,#1732);
#1487=AXIS2_PLACEMENT_3D('',#2256,#1733,#1734);
#1488=AXIS2_PLACEMENT_3D('',#2260,#1736,#1737);
#1489=AXIS2_PLACEMENT_3D('',#2264,#1739,#1740);
#1490=AXIS2_PLACEMENT_3D('',#2265,#1741,#1742);
#1491=AXIS2_PLACEMENT_3D('',#2271,#1746,#1747);
#1492=AXIS2_PLACEMENT_3D('',#2279,#1752,#1753);
#1493=AXIS2_PLACEMENT_3D('',#2283,#1755,#1756);
#1494=AXIS2_PLACEMENT_3D('',#2286,#1758,#1759);
#1495=AXIS2_PLACEMENT_3D('',#2287,#1760,#1761);
#1496=AXIS2_PLACEMENT_3D('',#2294,#1764,#1765);
#1497=AXIS2_PLACEMENT_3D('',#2297,#1767,#1768);
#1498=AXIS2_PLACEMENT_3D('',#2298,#1769,#1770);
#1499=AXIS2_PLACEMENT_3D('',#2300,#1771,#1772);
#1500=AXIS2_PLACEMENT_3D('',#2306,#1775,#1776);
#1501=AXIS2_PLACEMENT_3D('',#2310,#1778,#1779);
#1502=AXIS2_PLACEMENT_3D('',#2314,#1781,#1782);
#1503=AXIS2_PLACEMENT_3D('',#2317,#1784,#1785);
#1504=AXIS2_PLACEMENT_3D('',#2319,#1786,#1787);
#1505=AXIS2_PLACEMENT_3D('',#2320,#1788,#1789);
#1506=AXIS2_PLACEMENT_3D('',#2322,#1790,#1791);
#1507=AXIS2_PLACEMENT_3D('',#2323,#1792,#1793);
#1508=AXIS2_PLACEMENT_3D('',#2325,#1794,#1795);
#1509=AXIS2_PLACEMENT_3D('',#2326,#1796,#1797);
#1510=AXIS2_PLACEMENT_3D('',#2335,#1802,#1803);
#1511=AXIS2_PLACEMENT_3D('',#2339,#1805,#1806);
#1512=AXIS2_PLACEMENT_3D('',#2340,#1807,#1808);
#1513=AXIS2_PLACEMENT_3D('',#2341,#1809,#1810);
#1514=AXIS2_PLACEMENT_3D('',#2347,#1813,#1814);
#1515=AXIS2_PLACEMENT_3D('',#2351,#1816,#1817);
#1516=AXIS2_PLACEMENT_3D('',#2356,#1821,#1822);
#1517=AXIS2_PLACEMENT_3D('',#2357,#1823,#1824);
#1518=AXIS2_PLACEMENT_3D('',#2364,#1827,#1828);
#1519=AXIS2_PLACEMENT_3D('',#2367,#1830,#1831);
#1520=AXIS2_PLACEMENT_3D('',#2370,#1833,#1834);
#1521=AXIS2_PLACEMENT_3D('',#2374,#1836,#1837);
#1522=AXIS2_PLACEMENT_3D('',#2378,#1839,#1840);
#1523=AXIS2_PLACEMENT_3D('',#2382,#1842,#1843);
#1524=AXIS2_PLACEMENT_3D('',#2385,#1845,#1846);
#1525=AXIS2_PLACEMENT_3D('',#2387,#1847,#1848);
#1526=AXIS2_PLACEMENT_3D('',#2389,#1849,#1850);
#1527=AXIS2_PLACEMENT_3D('',#2390,#1851,#1852);
#1528=AXIS2_PLACEMENT_3D('',#2392,#1853,#1854);
#1529=AXIS2_PLACEMENT_3D('',#2393,#1855,#1856);
#1530=AXIS2_PLACEMENT_3D('',#2395,#1857,#1858);
#1531=AXIS2_PLACEMENT_3D('',#2396,#1859,#1860);
#1532=AXIS2_PLACEMENT_3D('',#2400,#1862,#1863);
#1533=AXIS2_PLACEMENT_3D('',#2401,#1864,#1865);
#1534=AXIS2_PLACEMENT_3D('',#2402,#1866,#1867);
#1535=AXIS2_PLACEMENT_3D('',#2408,#1871,#1872);
#1536=AXIS2_PLACEMENT_3D('',#2409,#1873,#1874);
#1537=AXIS2_PLACEMENT_3D('',#2411,#1875,#1876);
#1538=AXIS2_PLACEMENT_3D('',#2419,#1880,#1881);
#1539=AXIS2_PLACEMENT_3D('',#2420,#1882,#1883);
#1540=AXIS2_PLACEMENT_3D('',#2422,#1884,#1885);
#1541=AXIS2_PLACEMENT_3D('',#2423,#1886,#1887);
#1542=AXIS2_PLACEMENT_3D('',#2425,#1888,#1889);
#1543=AXIS2_PLACEMENT_3D('',#2426,#1890,#1891);
#1544=AXIS2_PLACEMENT_3D('',#2435,#1896,#1897);
#1545=AXIS2_PLACEMENT_3D('',#2436,#1898,#1899);
#1546=AXIS2_PLACEMENT_3D('',#2437,#1900,#1901);
#1547=AXIS2_PLACEMENT_3D('',#2438,#1902,#1903);
#1548=AXIS2_PLACEMENT_3D('',#2439,#1904,#1905);
#1549=AXIS2_PLACEMENT_3D('',#2441,#1906,#1907);
#1550=AXIS2_PLACEMENT_3D('',#2449,#1911,#1912);
#1551=AXIS2_PLACEMENT_3D('',#2450,#1913,#1914);
#1552=AXIS2_PLACEMENT_3D('',#2452,#1915,#1916);
#1553=AXIS2_PLACEMENT_3D('',#2453,#1917,#1918);
#1554=AXIS2_PLACEMENT_3D('',#2455,#1919,#1920);
#1555=AXIS2_PLACEMENT_3D('',#2456,#1921,#1922);
#1556=AXIS2_PLACEMENT_3D('',#2457,#1923,#1924);
#1557=AXIS2_PLACEMENT_3D('',#2458,#1925,#1926);
#1558=AXIS2_PLACEMENT_3D('',#2459,#1927,#1928);
#1559=AXIS2_PLACEMENT_3D('',#2460,#1929,#1930);
#1560=AXIS2_PLACEMENT_3D('',#2461,#1931,#1932);
#1561=AXIS2_PLACEMENT_3D('',#2462,#1933,#1934);
#1562=AXIS2_PLACEMENT_3D('',#2463,#1935,#1936);
#1563=AXIS2_PLACEMENT_3D('',#2464,#1937,#1938);
#1564=AXIS2_PLACEMENT_3D('',#2465,#1939,#1940);
#1565=AXIS2_PLACEMENT_3D('',#2466,#1941,#1942);
#1566=AXIS2_PLACEMENT_3D('',#2467,#1943,#1944);
#1567=AXIS2_PLACEMENT_3D('',#2468,#1945,#1946);
#1568=AXIS2_PLACEMENT_3D('',#2469,#1947,#1948);
#1569=AXIS2_PLACEMENT_3D('',#2470,#1949,#1950);
#1570=AXIS2_PLACEMENT_3D('',#2471,#1951,#1952);
#1571=AXIS2_PLACEMENT_3D('',#2472,#1953,#1954);
#1572=AXIS2_PLACEMENT_3D('',#2473,#1955,#1956);
#1573=AXIS2_PLACEMENT_3D('',#2474,#1957,#1958);
#1574=AXIS2_PLACEMENT_3D('',#2475,#1959,#1960);
#1575=AXIS2_PLACEMENT_3D('',#2476,#1961,#1962);
#1576=AXIS2_PLACEMENT_3D('',#2477,#1963,#1964);
#1577=AXIS2_PLACEMENT_3D('',#2478,#1965,#1966);
#1578=AXIS2_PLACEMENT_3D('',#2479,#1967,#1968);
#1579=AXIS2_PLACEMENT_3D('',#2507,#1969,#1970);
#1580=AXIS2_PLACEMENT_3D('',#2508,#1971,#1972);
#1581=AXIS2_PLACEMENT_3D('',#2509,#1973,#1974);
#1582=AXIS2_PLACEMENT_3D('',#2510,#1975,#1976);
#1583=AXIS2_PLACEMENT_3D('',#2511,#1977,#1978);
#1584=AXIS2_PLACEMENT_3D('',#2512,#1979,#1980);
#1585=AXIS2_PLACEMENT_3D('',#2513,#1981,#1982);
#1586=AXIS2_PLACEMENT_3D('',#2514,#1983,#1984);
#1587=AXIS2_PLACEMENT_3D('',#2515,#1985,#1986);
#1588=AXIS2_PLACEMENT_3D('',#2516,#1987,#1988);
#1589=AXIS2_PLACEMENT_3D('',#2517,#1989,#1990);
#1590=AXIS2_PLACEMENT_3D('',#2518,#1991,#1992);
#1591=AXIS2_PLACEMENT_3D('',#2519,#1993,#1994);
#1592=AXIS2_PLACEMENT_3D('',#2520,#1995,#1996);
#1593=AXIS2_PLACEMENT_3D('',#2521,#1997,#1998);
#1594=AXIS2_PLACEMENT_3D('',#2522,#1999,#2000);
#1595=AXIS2_PLACEMENT_3D('',#2523,#2001,#2002);
#1596=AXIS2_PLACEMENT_3D('',#2524,#2003,#2004);
#1597=AXIS2_PLACEMENT_3D('',#2525,#2005,#2006);
#1598=AXIS2_PLACEMENT_3D('',#2553,#2007,#2008);
#1599=AXIS2_PLACEMENT_3D('',#2554,#2009,#2010);
#1600=AXIS2_PLACEMENT_3D('',#2555,#2011,#2012);
#1601=AXIS2_PLACEMENT_3D('',#2556,#2013,#2014);
#1602=AXIS2_PLACEMENT_3D('',#2557,#2015,#2016);
#1603=AXIS2_PLACEMENT_3D('',#2558,#2017,#2018);
#1604=AXIS2_PLACEMENT_3D('',#2559,#2019,#2020);
#1605=AXIS2_PLACEMENT_3D('',#2560,#2021,#2022);
#1606=AXIS2_PLACEMENT_3D('',#2561,#2023,#2024);
#1607=AXIS2_PLACEMENT_3D('',#2562,#2025,#2026);
#1608=AXIS2_PLACEMENT_3D('',#2563,#2027,#2028);
#1609=AXIS2_PLACEMENT_3D('',#2564,#2029,#2030);
#1610=AXIS2_PLACEMENT_3D('',#2565,#2031,#2032);
#1611=AXIS2_PLACEMENT_3D('',#2566,#2033,#2034);
#1612=AXIS2_PLACEMENT_3D('',#2567,#2035,#2036);
#1613=AXIS2_PLACEMENT_3D('',#2568,#2037,#2038);
#1614=AXIS2_PLACEMENT_3D('',#2569,#2039,#2040);
#1615=AXIS2_PLACEMENT_3D('',#2597,#2041,#2042);
#1616=AXIS2_PLACEMENT_3D('',#2598,#2043,#2044);
#1617=AXIS2_PLACEMENT_3D('',#2599,#2045,#2046);
#1618=AXIS2_PLACEMENT_3D('',#2600,#2047,#2048);
#1619=AXIS2_PLACEMENT_3D('',#2601,#2049,#2050);
#1620=AXIS2_PLACEMENT_3D('',#2602,#2051,#2052);
#1621=AXIS2_PLACEMENT_3D('',#2603,#2053,#2054);
#1622=AXIS2_PLACEMENT_3D('',#2604,#2055,#2056);
#1623=AXIS2_PLACEMENT_3D('',#2605,#2057,#2058);
#1624=AXIS2_PLACEMENT_3D('',#2606,#2059,#2060);
#1625=AXIS2_PLACEMENT_3D('',#2607,#2061,#2062);
#1626=AXIS2_PLACEMENT_3D('',#2608,#2063,#2064);
#1627=AXIS2_PLACEMENT_3D('',#2609,#2065,#2066);
#1628=AXIS2_PLACEMENT_3D('',#2610,#2067,#2068);
#1629=AXIS2_PLACEMENT_3D('',#2611,#2069,#2070);
#1630=AXIS2_PLACEMENT_3D('',#2612,#2071,#2072);
#1631=AXIS2_PLACEMENT_3D('',#2613,#2073,#2074);
#1632=AXIS2_PLACEMENT_3D('',#2614,#2075,#2076);
#1633=AXIS2_PLACEMENT_3D('',#2615,#2077,#2078);
#1634=AXIS2_PLACEMENT_3D('',#2643,#2079,#2080);
#1635=AXIS2_PLACEMENT_3D('',#2644,#2081,#2082);
#1636=AXIS2_PLACEMENT_3D('',#2645,#2083,#2084);
#1637=AXIS2_PLACEMENT_3D('',#2646,#2085,#2086);
#1638=AXIS2_PLACEMENT_3D('',#2647,#2087,#2088);
#1639=AXIS2_PLACEMENT_3D('',#2648,#2089,#2090);
#1640=AXIS2_PLACEMENT_3D('',#2649,#2091,#2092);
#1641=AXIS2_PLACEMENT_3D('',#2650,#2093,#2094);
#1642=AXIS2_PLACEMENT_3D('',#2651,#2095,#2096);
#1643=AXIS2_PLACEMENT_3D('',#2652,#2097,#2098);
#1644=AXIS2_PLACEMENT_3D('',#2653,#2099,#2100);
#1645=AXIS2_PLACEMENT_3D('',#2654,#2101,#2102);
#1646=AXIS2_PLACEMENT_3D('',#2655,#2103,#2104);
#1647=AXIS2_PLACEMENT_3D('',#2656,#2105,#2106);
#1648=AXIS2_PLACEMENT_3D('',#2657,#2107,#2108);
#1649=AXIS2_PLACEMENT_3D('',#2658,#2109,#2110);
#1650=AXIS2_PLACEMENT_3D('',#2659,#2111,#2112);
#1651=AXIS2_PLACEMENT_3D('',#2660,#2113,#2114);
#1652=AXIS2_PLACEMENT_3D('',#2666,#2118,#2119);
#1653=AXIS2_PLACEMENT_3D('',#2672,#2123,#2124);
#1654=AXIS2_PLACEMENT_3D('',#2678,#2128,#2129);
#1655=AXIS2_PLACEMENT_3D('',#2684,#2133,#2134);
#1656=AXIS2_PLACEMENT_3D('',#2685,#2135,#2136);
#1657=AXIS2_PLACEMENT_3D('',#2686,#2137,#2138);
#1658=AXIS2_PLACEMENT_3D('',#2687,#2139,#2140);
#1659=AXIS2_PLACEMENT_3D('',#2688,#2141,#2142);
#1660=AXIS2_PLACEMENT_3D('',#2689,#2143,#2144);
#1661=AXIS2_PLACEMENT_3D('',#2690,#2145,#2146);
#1662=AXIS2_PLACEMENT_3D('',#2691,#2147,#2148);
#1663=AXIS2_PLACEMENT_3D('',#2692,#2149,#2150);
#1664=AXIS2_PLACEMENT_3D('',#2693,#2151,#2152);
#1665=AXIS2_PLACEMENT_3D('',#2694,#2153,#2154);
#1666=AXIS2_PLACEMENT_3D('',#2695,#2155,#2156);
#1667=AXIS2_PLACEMENT_3D('',#2696,#2157,#2158);
#1668=AXIS2_PLACEMENT_3D('',#2697,#2159,#2160);
#1669=AXIS2_PLACEMENT_3D('',#2698,#2161,#2162);
#1670=AXIS2_PLACEMENT_3D('',#2699,#2163,#2164);
#1671=AXIS2_PLACEMENT_3D('',#2700,#2165,#2166);
#1672=AXIS2_PLACEMENT_3D('',#2701,#2167,#2168);
#1673=AXIS2_PLACEMENT_3D('',#2702,#2169,#2170);
#1674=AXIS2_PLACEMENT_3D('',#2703,#2171,#2172);
#1675=AXIS2_PLACEMENT_3D('',#2704,#2173,#2174);
#1676=AXIS2_PLACEMENT_3D('',#2705,#2175,#2176);
#1677=AXIS2_PLACEMENT_3D('',#2706,#2177,#2178);
#1678=AXIS2_PLACEMENT_3D('',#2707,#2179,#2180);
#1679=DIRECTION('',(0.,0.,1.));
#1680=DIRECTION('',(1.,0.,0.));
#1681=DIRECTION('',(0.,0.,1.));
#1682=DIRECTION('',(1.,0.,0.));
#1683=DIRECTION('',(0.,0.,1.));
#1684=DIRECTION('',(1.,0.,0.));
#1685=DIRECTION('',(0.,1.,0.));
#1686=DIRECTION('',(0.,0.,1.));
#1687=DIRECTION('',(1.,0.,0.));
#1688=DIRECTION('',(-1.,0.,0.));
#1689=DIRECTION('',(0.,0.,1.));
#1690=DIRECTION('',(1.,0.,0.));
#1691=DIRECTION('',(0.,1.,0.));
#1692=DIRECTION('',(0.,0.,1.));
#1693=DIRECTION('',(1.,0.,0.));
#1694=DIRECTION('',(-1.,0.,0.));
#1695=DIRECTION('',(-1.,0.,0.));
#1696=DIRECTION('',(0.,1.,0.));
#1697=DIRECTION('',(-1.,0.,0.));
#1698=DIRECTION('',(0.,-1.,0.));
#1699=DIRECTION('',(1.,0.,0.));
#1700=DIRECTION('',(0.,-1.,0.));
#1701=DIRECTION('',(1.,0.,0.));
#1702=DIRECTION('',(0.,1.,0.));
#1703=DIRECTION('',(1.,0.,0.));
#1704=DIRECTION('',(0.,1.,0.));
#1705=DIRECTION('',(1.,0.,0.));
#1706=DIRECTION('',(0.,1.,0.));
#1707=DIRECTION('',(0.,0.,-1.));
#1708=DIRECTION('',(-1.,0.,0.));
#1709=DIRECTION('',(-1.,0.,0.));
#1710=DIRECTION('',(0.,0.,-1.));
#1711=DIRECTION('',(-1.,0.,0.));
#1712=DIRECTION('',(0.,1.,0.));
#1713=DIRECTION('',(0.,0.,-1.));
#1714=DIRECTION('',(-1.,0.,0.));
#1715=DIRECTION('',(-1.,0.,0.));
#1716=DIRECTION('',(0.,0.,-1.));
#1717=DIRECTION('',(-1.,0.,0.));
#1718=DIRECTION('',(0.,1.,0.));
#1719=DIRECTION('',(0.,0.,-1.));
#1720=DIRECTION('',(-1.,0.,0.));
#1721=DIRECTION('',(1.,0.,0.));
#1722=DIRECTION('',(0.,0.,-1.));
#1723=DIRECTION('',(-1.,0.,0.));
#1724=DIRECTION('',(0.,-1.,0.));
#1725=DIRECTION('',(0.,0.,-1.));
#1726=DIRECTION('',(-1.,0.,0.));
#1727=DIRECTION('',(1.,0.,0.));
#1728=DIRECTION('',(0.,0.,-1.));
#1729=DIRECTION('',(-1.,0.,0.));
#1730=DIRECTION('',(0.,-1.,0.));
#1731=DIRECTION('',(0.,0.,-1.));
#1732=DIRECTION('',(-1.,0.,0.));
#1733=DIRECTION('',(0.,-1.,0.));
#1734=DIRECTION('',(0.,0.,-1.));
#1735=DIRECTION('',(0.,-1.,0.));
#1736=DIRECTION('',(0.,-1.,0.));
#1737=DIRECTION('',(0.,0.,-1.));
#1738=DIRECTION('',(0.,-1.,0.));
#1739=DIRECTION('',(0.,-1.,0.));
#1740=DIRECTION('',(0.,0.,-1.));
#1741=DIRECTION('',(-1.,0.,0.));
#1742=DIRECTION('',(0.,0.,1.));
#1743=DIRECTION('',(0.,-1.,0.));
#1744=DIRECTION('',(0.,0.,-1.));
#1745=DIRECTION('',(0.,0.,-1.));
#1746=DIRECTION('',(1.,0.,0.));
#1747=DIRECTION('',(0.,0.,-1.));
#1748=DIRECTION('',(0.,0.,1.));
#1749=DIRECTION('',(0.,0.,1.));
#1750=DIRECTION('',(0.,1.,0.));
#1751=DIRECTION('',(0.,0.,1.));
#1752=DIRECTION('',(1.,0.,0.));
#1753=DIRECTION('',(0.,0.,-1.));
#1754=DIRECTION('',(0.,1.,0.));
#1755=DIRECTION('',(1.,0.,0.));
#1756=DIRECTION('',(0.,0.,-1.));
#1757=DIRECTION('',(0.,0.,1.));
#1758=DIRECTION('',(0.,-1.,0.));
#1759=DIRECTION('',(1.,0.,0.));
#1760=DIRECTION('',(0.,1.,0.));
#1761=DIRECTION('',(0.,0.,1.));
#1762=DIRECTION('',(1.,0.,0.));
#1763=DIRECTION('',(0.,0.,-1.));
#1764=DIRECTION('',(0.,-1.,0.));
#1765=DIRECTION('',(0.,0.,-1.));
#1766=DIRECTION('',(0.,0.,1.));
#1767=DIRECTION('',(0.,-1.,0.));
#1768=DIRECTION('',(1.,0.,0.));
#1769=DIRECTION('',(0.,1.,0.));
#1770=DIRECTION('',(0.,0.,1.));
#1771=DIRECTION('',(0.,-1.,0.));
#1772=DIRECTION('',(0.,0.,-1.));
#1773=DIRECTION('',(0.,0.,1.));
#1774=DIRECTION('',(0.,0.,1.));
#1775=DIRECTION('',(0.,-1.,0.));
#1776=DIRECTION('',(0.,0.,-1.));
#1777=DIRECTION('',(0.,0.,-1.));
#1778=DIRECTION('',(0.,-1.,0.));
#1779=DIRECTION('',(0.,0.,-1.));
#1780=DIRECTION('',(1.,0.,0.));
#1781=DIRECTION('',(0.,-1.,0.));
#1782=DIRECTION('',(0.,0.,-1.));
#1783=DIRECTION('',(0.,0.,-1.));
#1784=DIRECTION('',(0.,1.,0.));
#1785=DIRECTION('',(0.,0.,1.));
#1786=DIRECTION('',(0.,1.,0.));
#1787=DIRECTION('',(0.,0.,1.));
#1788=DIRECTION('',(0.,1.,0.));
#1789=DIRECTION('',(0.,0.,1.));
#1790=DIRECTION('',(0.,-1.,0.));
#1791=DIRECTION('',(0.,0.,-1.));
#1792=DIRECTION('',(0.,1.,0.));
#1793=DIRECTION('',(0.,0.,1.));
#1794=DIRECTION('',(0.,1.,0.));
#1795=DIRECTION('',(0.,0.,1.));
#1796=DIRECTION('',(1.,0.,0.));
#1797=DIRECTION('',(0.,0.,-1.));
#1798=DIRECTION('',(0.,1.,0.));
#1799=DIRECTION('',(0.,0.,-1.));
#1800=DIRECTION('',(0.,1.,0.));
#1801=DIRECTION('',(0.,0.,-1.));
#1802=DIRECTION('',(0.,1.,0.));
#1803=DIRECTION('',(0.,0.,1.));
#1804=DIRECTION('',(0.,1.,0.));
#1805=DIRECTION('',(0.,-1.,0.));
#1806=DIRECTION('',(0.,0.,-1.));
#1807=DIRECTION('',(0.,-1.,0.));
#1808=DIRECTION('',(0.,0.,-1.));
#1809=DIRECTION('',(-1.,0.,0.));
#1810=DIRECTION('',(0.,0.,1.));
#1811=DIRECTION('',(0.,-1.,0.));
#1812=DIRECTION('',(0.,0.,1.));
#1813=DIRECTION('',(-1.,0.,0.));
#1814=DIRECTION('',(0.,0.,1.));
#1815=DIRECTION('',(0.,1.,0.));
#1816=DIRECTION('',(-1.,0.,0.));
#1817=DIRECTION('',(0.,0.,1.));
#1818=DIRECTION('',(0.,0.,1.));
#1819=DIRECTION('',(0.,0.,1.));
#1820=DIRECTION('',(0.,0.,1.));
#1821=DIRECTION('',(0.,-1.,0.));
#1822=DIRECTION('',(1.,0.,0.));
#1823=DIRECTION('',(0.,-1.,0.));
#1824=DIRECTION('',(0.,0.,-1.));
#1825=DIRECTION('',(-1.,0.,0.));
#1826=DIRECTION('',(0.,0.,-1.));
#1827=DIRECTION('',(0.,-1.,0.));
#1828=DIRECTION('',(0.,0.,-1.));
#1829=DIRECTION('',(0.,0.,1.));
#1830=DIRECTION('',(0.,-1.,0.));
#1831=DIRECTION('',(1.,0.,0.));
#1832=DIRECTION('',(0.,0.,1.));
#1833=DIRECTION('',(0.,-1.,0.));
#1834=DIRECTION('',(0.,0.,-1.));
#1835=DIRECTION('',(0.,0.,-1.));
#1836=DIRECTION('',(0.,-1.,0.));
#1837=DIRECTION('',(0.,0.,-1.));
#1838=DIRECTION('',(1.,0.,0.));
#1839=DIRECTION('',(0.,-1.,0.));
#1840=DIRECTION('',(0.,0.,-1.));
#1841=DIRECTION('',(0.,0.,-1.));
#1842=DIRECTION('',(0.,-1.,0.));
#1843=DIRECTION('',(0.,0.,-1.));
#1844=DIRECTION('',(0.,0.,1.));
#1845=DIRECTION('',(0.,-1.,0.));
#1846=DIRECTION('',(0.,0.,-1.));
#1847=DIRECTION('',(0.,-1.,0.));
#1848=DIRECTION('',(0.,0.,-1.));
#1849=DIRECTION('',(0.,-1.,0.));
#1850=DIRECTION('',(0.,0.,-1.));
#1851=DIRECTION('',(0.,-1.,0.));
#1852=DIRECTION('',(0.,0.,-1.));
#1853=DIRECTION('',(0.,1.,0.));
#1854=DIRECTION('',(0.,0.,1.));
#1855=DIRECTION('',(0.,-1.,0.));
#1856=DIRECTION('',(0.,0.,-1.));
#1857=DIRECTION('',(0.,-1.,0.));
#1858=DIRECTION('',(0.,0.,-1.));
#1859=DIRECTION('',(0.,1.,0.));
#1860=DIRECTION('',(0.,0.,1.));
#1861=DIRECTION('',(0.,1.,0.));
#1862=DIRECTION('',(0.,-1.,0.));
#1863=DIRECTION('',(0.,0.,-1.));
#1864=DIRECTION('',(0.,-1.,0.));
#1865=DIRECTION('',(0.,0.,-1.));
#1866=DIRECTION('',(1.,0.,0.));
#1867=DIRECTION('',(0.,0.,-1.));
#1868=DIRECTION('',(0.,1.,0.));
#1869=DIRECTION('',(0.,0.,-1.));
#1870=DIRECTION('',(0.,0.,-1.));
#1871=DIRECTION('',(0.,-1.,0.));
#1872=DIRECTION('',(1.,0.,0.));
#1873=DIRECTION('',(0.,-1.,0.));
#1874=DIRECTION('',(0.,0.,-1.));
#1875=DIRECTION('',(0.,-1.,0.));
#1876=DIRECTION('',(0.,0.,-1.));
#1877=DIRECTION('',(0.,0.,-1.));
#1878=DIRECTION('',(1.,0.,0.));
#1879=DIRECTION('',(0.,0.,1.));
#1880=DIRECTION('',(0.,-1.,0.));
#1881=DIRECTION('',(0.,0.,-1.));
#1882=DIRECTION('',(0.,-1.,0.));
#1883=DIRECTION('',(0.,0.,-1.));
#1884=DIRECTION('',(0.,1.,0.));
#1885=DIRECTION('',(0.,0.,1.));
#1886=DIRECTION('',(0.,-1.,0.));
#1887=DIRECTION('',(0.,0.,-1.));
#1888=DIRECTION('',(0.,-1.,0.));
#1889=DIRECTION('',(0.,0.,-1.));
#1890=DIRECTION('',(-1.,0.,0.));
#1891=DIRECTION('',(0.,0.,1.));
#1892=DIRECTION('',(0.,-1.,0.));
#1893=DIRECTION('',(0.,0.,-1.));
#1894=DIRECTION('',(0.,-1.,0.));
#1895=DIRECTION('',(0.,0.,-1.));
#1896=DIRECTION('',(0.,-1.,0.));
#1897=DIRECTION('',(0.,0.,-1.));
#1898=DIRECTION('',(0.,-1.,0.));
#1899=DIRECTION('',(0.,0.,-1.));
#1900=DIRECTION('',(0.,-1.,0.));
#1901=DIRECTION('',(0.,0.,-1.));
#1902=DIRECTION('',(0.,-1.,0.));
#1903=DIRECTION('',(1.,0.,0.));
#1904=DIRECTION('',(0.,1.,0.));
#1905=DIRECTION('',(0.,0.,1.));
#1906=DIRECTION('',(0.,-1.,0.));
#1907=DIRECTION('',(0.,0.,-1.));
#1908=DIRECTION('',(0.,0.,-1.));
#1909=DIRECTION('',(-1.,0.,0.));
#1910=DIRECTION('',(0.,0.,1.));
#1911=DIRECTION('',(0.,1.,0.));
#1912=DIRECTION('',(0.,0.,1.));
#1913=DIRECTION('',(0.,1.,0.));
#1914=DIRECTION('',(0.,0.,1.));
#1915=DIRECTION('',(0.,-1.,0.));
#1916=DIRECTION('',(0.,0.,-1.));
#1917=DIRECTION('',(0.,1.,0.));
#1918=DIRECTION('',(0.,0.,1.));
#1919=DIRECTION('',(0.,1.,0.));
#1920=DIRECTION('',(0.,0.,1.));
#1921=DIRECTION('',(0.,1.,0.));
#1922=DIRECTION('',(0.,0.,1.));
#1923=DIRECTION('',(0.,-1.,0.));
#1924=DIRECTION('',(0.,0.,-1.));
#1925=DIRECTION('',(-0.894427190999916,-0.447213595499958,0.));
#1926=DIRECTION('',(0.447213595499958,-0.894427190999916,0.));
#1927=DIRECTION('',(1.,0.,0.));
#1928=DIRECTION('',(0.,0.,-1.));
#1929=DIRECTION('',(-0.447213595499958,-0.894427190999916,0.));
#1930=DIRECTION('',(0.894427190999916,-0.447213595499958,0.));
#1931=DIRECTION('',(1.,0.,0.));
#1932=DIRECTION('',(0.,0.,-1.));
#1933=DIRECTION('',(0.,1.,0.));
#1934=DIRECTION('',(0.,0.,1.));
#1935=DIRECTION('',(0.894427190999916,-0.447213595499958,0.));
#1936=DIRECTION('',(-0.447213595499958,-0.894427190999916,0.));
#1937=DIRECTION('',(0.,-1.,0.));
#1938=DIRECTION('',(0.,0.,-1.));
#1939=DIRECTION('',(-1.,0.,0.));
#1940=DIRECTION('',(0.,0.,1.));
#1941=DIRECTION('',(0.447213595499958,-0.894427190999916,0.));
#1942=DIRECTION('',(-0.894427190999916,-0.447213595499958,0.));
#1943=DIRECTION('',(1.,0.,0.));
#1944=DIRECTION('',(0.,0.,-1.));
#1945=DIRECTION('',(0.,-1.,0.));
#1946=DIRECTION('',(0.,0.,-1.));
#1947=DIRECTION('',(0.894427190999916,-0.447213595499958,0.));
#1948=DIRECTION('',(-0.447213595499958,-0.894427190999916,0.));
#1949=DIRECTION('',(0.,-1.,0.));
#1950=DIRECTION('',(0.,0.,-1.));
#1951=DIRECTION('',(-1.,0.,0.));
#1952=DIRECTION('',(0.,0.,1.));
#1953=DIRECTION('',(0.447213595499958,-0.894427190999916,0.));
#1954=DIRECTION('',(-0.894427190999916,-0.447213595499958,0.));
#1955=DIRECTION('',(-1.,0.,0.));
#1956=DIRECTION('',(0.,0.,1.));
#1957=DIRECTION('',(0.,-1.,0.));
#1958=DIRECTION('',(0.,0.,-1.));
#1959=DIRECTION('',(-0.894427190999916,-0.447213595499958,0.));
#1960=DIRECTION('',(0.447213595499958,-0.894427190999916,0.));
#1961=DIRECTION('',(0.,-1.,0.));
#1962=DIRECTION('',(0.,0.,-1.));
#1963=DIRECTION('',(1.,0.,0.));
#1964=DIRECTION('',(0.,0.,-1.));
#1965=DIRECTION('',(-0.447213595499958,-0.894427190999916,0.));
#1966=DIRECTION('',(0.894427190999916,-0.447213595499958,0.));
#1967=DIRECTION('',(-1.,0.,0.));
#1968=DIRECTION('',(0.,0.,1.));
#1969=DIRECTION('',(0.,0.,1.));
#1970=DIRECTION('',(1.,0.,0.));
#1971=DIRECTION('',(0.,0.,-1.));
#1972=DIRECTION('',(-1.,0.,0.));
#1973=DIRECTION('',(0.,0.,1.));
#1974=DIRECTION('',(1.,0.,0.));
#1975=DIRECTION('',(0.,-1.,0.));
#1976=DIRECTION('',(0.,0.,-1.));
#1977=DIRECTION('',(0.,0.,-1.));
#1978=DIRECTION('',(-1.,0.,0.));
#1979=DIRECTION('',(0.,0.,1.));
#1980=DIRECTION('',(1.,0.,0.));
#1981=DIRECTION('',(0.,0.,-1.));
#1982=DIRECTION('',(-1.,0.,0.));
#1983=DIRECTION('',(-1.,0.,0.));
#1984=DIRECTION('',(0.,0.,1.));
#1985=DIRECTION('',(0.,-1.,0.));
#1986=DIRECTION('',(0.,0.,-1.));
#1987=DIRECTION('',(0.,1.,0.));
#1988=DIRECTION('',(0.,0.,1.));
#1989=DIRECTION('',(0.,-1.,0.));
#1990=DIRECTION('',(0.,0.,-1.));
#1991=DIRECTION('',(-1.,0.,0.));
#1992=DIRECTION('',(0.,0.,1.));
#1993=DIRECTION('',(0.,0.,1.));
#1994=DIRECTION('',(1.,0.,0.));
#1995=DIRECTION('',(0.,0.,-1.));
#1996=DIRECTION('',(-1.,0.,0.));
#1997=DIRECTION('',(0.,0.,1.));
#1998=DIRECTION('',(1.,0.,0.));
#1999=DIRECTION('',(0.,-1.,0.));
#2000=DIRECTION('',(0.,0.,-1.));
#2001=DIRECTION('',(0.,0.,-1.));
#2002=DIRECTION('',(-1.,0.,0.));
#2003=DIRECTION('',(0.,0.,-1.));
#2004=DIRECTION('',(-1.,0.,0.));
#2005=DIRECTION('',(0.,0.,-1.));
#2006=DIRECTION('',(-1.,0.,0.));
#2007=DIRECTION('',(0.,0.,1.));
#2008=DIRECTION('',(1.,0.,0.));
#2009=DIRECTION('',(0.,0.,1.));
#2010=DIRECTION('',(1.,0.,0.));
#2011=DIRECTION('',(0.,-1.,0.));
#2012=DIRECTION('',(0.,0.,-1.));
#2013=DIRECTION('',(0.,0.,-1.));
#2014=DIRECTION('',(-1.,0.,0.));
#2015=DIRECTION('',(0.,0.,-1.));
#2016=DIRECTION('',(-1.,0.,0.));
#2017=DIRECTION('',(0.,0.,-1.));
#2018=DIRECTION('',(-1.,0.,0.));
#2019=DIRECTION('',(0.,-1.,0.));
#2020=DIRECTION('',(0.,0.,-1.));
#2021=DIRECTION('',(-1.,0.,0.));
#2022=DIRECTION('',(0.,0.,1.));
#2023=DIRECTION('',(1.,0.,0.));
#2024=DIRECTION('',(0.,0.,-1.));
#2025=DIRECTION('',(-1.,0.,0.));
#2026=DIRECTION('',(0.,0.,1.));
#2027=DIRECTION('',(0.,-1.,0.));
#2028=DIRECTION('',(0.,0.,-1.));
#2029=DIRECTION('',(0.,0.,1.));
#2030=DIRECTION('',(1.,0.,0.));
#2031=DIRECTION('',(0.,0.,1.));
#2032=DIRECTION('',(1.,0.,0.));
#2033=DIRECTION('',(0.,0.,1.));
#2034=DIRECTION('',(1.,0.,0.));
#2035=DIRECTION('',(0.,-1.,0.));
#2036=DIRECTION('',(0.,0.,-1.));
#2037=DIRECTION('',(0.,0.,-1.));
#2038=DIRECTION('',(-1.,0.,0.));
#2039=DIRECTION('',(0.,0.,1.));
#2040=DIRECTION('',(1.,0.,0.));
#2041=DIRECTION('',(0.,0.,1.));
#2042=DIRECTION('',(1.,0.,0.));
#2043=DIRECTION('',(0.,0.,1.));
#2044=DIRECTION('',(1.,0.,0.));
#2045=DIRECTION('',(0.,0.,1.));
#2046=DIRECTION('',(1.,0.,0.));
#2047=DIRECTION('',(0.,-1.,0.));
#2048=DIRECTION('',(0.,0.,-1.));
#2049=DIRECTION('',(0.,0.,-1.));
#2050=DIRECTION('',(-1.,0.,0.));
#2051=DIRECTION('',(0.,0.,1.));
#2052=DIRECTION('',(1.,0.,0.));
#2053=DIRECTION('',(0.,0.,-1.));
#2054=DIRECTION('',(-1.,0.,0.));
#2055=DIRECTION('',(1.,0.,0.));
#2056=DIRECTION('',(0.,0.,-1.));
#2057=DIRECTION('',(0.,-1.,0.));
#2058=DIRECTION('',(0.,0.,-1.));
#2059=DIRECTION('',(0.,1.,0.));
#2060=DIRECTION('',(0.,0.,1.));
#2061=DIRECTION('',(0.,-1.,0.));
#2062=DIRECTION('',(0.,0.,-1.));
#2063=DIRECTION('',(1.,0.,0.));
#2064=DIRECTION('',(0.,0.,-1.));
#2065=DIRECTION('',(0.,0.,1.));
#2066=DIRECTION('',(1.,0.,0.));
#2067=DIRECTION('',(0.,0.,-1.));
#2068=DIRECTION('',(-1.,0.,0.));
#2069=DIRECTION('',(0.,0.,1.));
#2070=DIRECTION('',(1.,0.,0.));
#2071=DIRECTION('',(0.,-1.,0.));
#2072=DIRECTION('',(0.,0.,-1.));
#2073=DIRECTION('',(0.,0.,-1.));
#2074=DIRECTION('',(-1.,0.,0.));
#2075=DIRECTION('',(0.,0.,1.));
#2076=DIRECTION('',(1.,0.,0.));
#2077=DIRECTION('',(0.,0.,-1.));
#2078=DIRECTION('',(-1.,0.,0.));
#2079=DIRECTION('',(0.,0.,-1.));
#2080=DIRECTION('',(-1.,0.,0.));
#2081=DIRECTION('',(0.,0.,1.));
#2082=DIRECTION('',(1.,0.,0.));
#2083=DIRECTION('',(0.,-1.,0.));
#2084=DIRECTION('',(0.,0.,-1.));
#2085=DIRECTION('',(0.,0.,-1.));
#2086=DIRECTION('',(-1.,0.,0.));
#2087=DIRECTION('',(0.,0.,-1.));
#2088=DIRECTION('',(-1.,0.,0.));
#2089=DIRECTION('',(0.,0.,-1.));
#2090=DIRECTION('',(-1.,0.,0.));
#2091=DIRECTION('',(0.,-1.,0.));
#2092=DIRECTION('',(0.,0.,-1.));
#2093=DIRECTION('',(-1.,0.,0.));
#2094=DIRECTION('',(0.,0.,1.));
#2095=DIRECTION('',(-1.,0.,0.));
#2096=DIRECTION('',(0.,0.,1.));
#2097=DIRECTION('',(-1.,0.,0.));
#2098=DIRECTION('',(0.,0.,1.));
#2099=DIRECTION('',(0.,-1.,0.));
#2100=DIRECTION('',(0.,0.,-1.));
#2101=DIRECTION('',(0.,0.,1.));
#2102=DIRECTION('',(1.,0.,0.));
#2103=DIRECTION('',(0.,0.,1.));
#2104=DIRECTION('',(1.,0.,0.));
#2105=DIRECTION('',(0.,0.,1.));
#2106=DIRECTION('',(1.,0.,0.));
#2107=DIRECTION('',(0.,-1.,0.));
#2108=DIRECTION('',(0.,0.,-1.));
#2109=DIRECTION('',(0.,0.,-1.));
#2110=DIRECTION('',(-1.,0.,0.));
#2111=DIRECTION('',(0.,0.,-1.));
#2112=DIRECTION('',(-1.,0.,0.));
#2113=DIRECTION('',(0.,1.,0.));
#2114=DIRECTION('',(0.,0.,1.));
#2115=DIRECTION('',(0.,0.,1.));
#2116=DIRECTION('',(-1.,0.,0.));
#2117=DIRECTION('',(0.,0.,1.));
#2118=DIRECTION('',(1.,0.,0.));
#2119=DIRECTION('',(0.,0.,-1.));
#2120=DIRECTION('',(0.,0.,1.));
#2121=DIRECTION('',(0.,1.,0.));
#2122=DIRECTION('',(0.,0.,1.));
#2123=DIRECTION('',(0.,1.,0.));
#2124=DIRECTION('',(0.,0.,1.));
#2125=DIRECTION('',(0.,0.,1.));
#2126=DIRECTION('',(-1.,0.,0.));
#2127=DIRECTION('',(0.,0.,1.));
#2128=DIRECTION('',(1.,0.,0.));
#2129=DIRECTION('',(0.,0.,-1.));
#2130=DIRECTION('',(0.,1.,0.));
#2131=DIRECTION('',(0.,0.,1.));
#2132=DIRECTION('',(0.,0.,1.));
#2133=DIRECTION('',(0.,0.,-1.));
#2134=DIRECTION('',(-1.,0.,0.));
#2135=DIRECTION('',(0.,0.,1.));
#2136=DIRECTION('',(1.,0.,0.));
#2137=DIRECTION('',(0.,0.,1.));
#2138=DIRECTION('',(1.,0.,0.));
#2139=DIRECTION('',(1.,0.,0.));
#2140=DIRECTION('',(0.,0.,-1.));
#2141=DIRECTION('',(0.,1.,0.));
#2142=DIRECTION('',(0.,0.,1.));
#2143=DIRECTION('',(0.,0.,1.));
#2144=DIRECTION('',(1.,0.,0.));
#2145=DIRECTION('',(0.,0.,1.));
#2146=DIRECTION('',(1.,0.,0.));
#2147=DIRECTION('',(0.,-1.,0.));
#2148=DIRECTION('',(0.,0.,-1.));
#2149=DIRECTION('',(0.,-1.,0.));
#2150=DIRECTION('',(0.,0.,-1.));
#2151=DIRECTION('',(1.,0.,0.));
#2152=DIRECTION('',(0.,0.,-1.));
#2153=DIRECTION('',(-1.,0.,0.));
#2154=DIRECTION('',(0.,0.,1.));
#2155=DIRECTION('',(0.,0.,1.));
#2156=DIRECTION('',(1.,0.,0.));
#2157=DIRECTION('',(0.,0.,1.));
#2158=DIRECTION('',(1.,0.,0.));
#2159=DIRECTION('',(0.,0.,1.));
#2160=DIRECTION('',(1.,0.,0.));
#2161=DIRECTION('',(1.,0.,0.));
#2162=DIRECTION('',(0.,0.,-1.));
#2163=DIRECTION('',(0.,0.,1.));
#2164=DIRECTION('',(1.,0.,0.));
#2165=DIRECTION('',(0.,1.,0.));
#2166=DIRECTION('',(0.,0.,1.));
#2167=DIRECTION('',(-1.,0.,0.));
#2168=DIRECTION('',(0.,0.,1.));
#2169=DIRECTION('',(-1.,0.,0.));
#2170=DIRECTION('',(0.,0.,1.));
#2171=DIRECTION('',(0.,1.,0.));
#2172=DIRECTION('',(0.,0.,1.));
#2173=DIRECTION('',(0.,-1.,0.));
#2174=DIRECTION('',(0.,0.,-1.));
#2175=DIRECTION('',(0.,0.,1.));
#2176=DIRECTION('',(1.,0.,0.));
#2177=DIRECTION('',(0.,0.,1.));
#2178=DIRECTION('',(1.,0.,0.));
#2179=DIRECTION('',(0.,0.,-1.));
#2180=DIRECTION('',(-1.,0.,0.));
#2181=CARTESIAN_POINT('',(0.,0.,0.));
#2182=CARTESIAN_POINT('',(0.0645,-0.0381,-0.1026));
#2183=CARTESIAN_POINT('',(0.02295,0.00905,-0.1026));
#2184=CARTESIAN_POINT('',(0.03295,0.00905,-0.1026));
#2185=CARTESIAN_POINT('',(0.02295,0.01905,-0.1026));
#2186=CARTESIAN_POINT('',(0.03295,-0.01405,-0.1026));
#2187=CARTESIAN_POINT('',(0.03295,-0.00905,-0.1026));
#2188=CARTESIAN_POINT('',(0.02295,-0.00905,-0.1026));
#2189=CARTESIAN_POINT('',(0.02295,-0.01905,-0.1026));
#2190=CARTESIAN_POINT('',(0.0645,-0.01905,-0.1026));
#2191=CARTESIAN_POINT('',(-0.02295,-0.01905,-0.1026));
#2192=CARTESIAN_POINT('',(-0.02295,-0.00905,-0.1026));
#2193=CARTESIAN_POINT('',(-0.03295,-0.00905,-0.1026));
#2194=CARTESIAN_POINT('',(-0.03295,-0.0381,-0.1026));
#2195=CARTESIAN_POINT('',(-0.03295,0.00905,-0.1026));
#2196=CARTESIAN_POINT('',(-0.02295,0.00905,-0.1026));
#2197=CARTESIAN_POINT('',(-0.02295,0.01905,-0.1026));
#2198=CARTESIAN_POINT('',(0.02795,0.01905,-0.1026));
#2199=CARTESIAN_POINT('',(-0.077,0.0204,-0.1026));
#2200=CARTESIAN_POINT('',(-0.047,0.0204,-0.1026));
#2201=CARTESIAN_POINT('',(-0.072,0.0204,-0.1026));
#2202=CARTESIAN_POINT('',(-0.072,-0.0381,-0.1026));
#2203=CARTESIAN_POINT('',(-0.072,-0.0204,-0.1026));
#2204=CARTESIAN_POINT('',(0.0645,-0.0204,-0.1026));
#2205=CARTESIAN_POINT('',(-0.047,-0.0204,-0.1026));
#2206=CARTESIAN_POINT('',(-0.047,-0.0381,-0.1026));
#2207=CARTESIAN_POINT('',(-0.047,-0.0331,-0.1026));
#2208=CARTESIAN_POINT('',(0.0645,-0.0331,-0.1026));
#2209=CARTESIAN_POINT('',(0.047,-0.0331,-0.1026));
#2210=CARTESIAN_POINT('',(0.047,-0.0254,-0.1026));
#2211=CARTESIAN_POINT('',(0.047,-0.0204,-0.1026));
#2212=CARTESIAN_POINT('',(0.0645,-0.0204,-0.1026));
#2213=CARTESIAN_POINT('',(0.072,-0.0204,-0.1026));
#2214=CARTESIAN_POINT('',(0.072,-0.0381,-0.1026));
#2215=CARTESIAN_POINT('',(0.072,0.0204,-0.1026));
#2216=CARTESIAN_POINT('',(0.052,0.0204,-0.1026));
#2217=CARTESIAN_POINT('',(0.047,0.0204,-0.1026));
#2218=CARTESIAN_POINT('',(0.047,-0.0381,-0.1026));
#2219=CARTESIAN_POINT('',(0.047,0.0331,-0.1026));
#2220=CARTESIAN_POINT('',(-0.047,0.0331,-0.1026));
#2221=CARTESIAN_POINT('',(-0.047,0.0331,-0.1026));
#2222=CARTESIAN_POINT('',(-0.047,0.0254,-0.1026));
#2223=CARTESIAN_POINT('',(0.0385,-0.0381,-0.1153));
#2224=CARTESIAN_POINT('',(0.0385,-0.0381,-0.1153));
#2225=CARTESIAN_POINT('',(0.072,-0.0381,-0.1153));
#2226=CARTESIAN_POINT('',(-0.072,-0.0381,-0.1153));
#2227=CARTESIAN_POINT('',(-0.072,-0.0331,-0.1153));
#2228=CARTESIAN_POINT('',(-0.077,-0.0331,-0.1153));
#2229=CARTESIAN_POINT('',(-0.077,-0.0381,-0.1153));
#2230=CARTESIAN_POINT('',(-0.077,0.0331,-0.1153));
#2231=CARTESIAN_POINT('',(-0.072,0.0331,-0.1153));
#2232=CARTESIAN_POINT('',(-0.072,0.0381,-0.1153));
#2233=CARTESIAN_POINT('',(0.0385,0.0381,-0.1153));
#2234=CARTESIAN_POINT('',(0.072,0.0381,-0.1153));
#2235=CARTESIAN_POINT('',(0.072,0.0331,-0.1153));
#2236=CARTESIAN_POINT('',(0.077,0.0331,-0.1153));
#2237=CARTESIAN_POINT('',(0.077,-0.0381,-0.1153));
#2238=CARTESIAN_POINT('',(0.077,-0.0331,-0.1153));
#2239=CARTESIAN_POINT('',(0.072,-0.0331,-0.1153));
#2240=CARTESIAN_POINT('',(0.0385,0.01405,-0.1153));
#2241=CARTESIAN_POINT('',(-0.02295,0.01405,-0.1153));
#2242=CARTESIAN_POINT('',(0.02295,0.01405,-0.1153));
#2243=CARTESIAN_POINT('',(-0.02295,0.00905,-0.1153));
#2244=CARTESIAN_POINT('',(-0.02795,0.00905,-0.1153));
#2245=CARTESIAN_POINT('',(-0.02795,-0.0381,-0.1153));
#2246=CARTESIAN_POINT('',(-0.02795,-0.00905,-0.1153));
#2247=CARTESIAN_POINT('',(-0.02295,-0.00905,-0.1153));
#2248=CARTESIAN_POINT('',(-0.02295,-0.01405,-0.1153));
#2249=CARTESIAN_POINT('',(0.0385,-0.01405,-0.1153));
#2250=CARTESIAN_POINT('',(0.02295,-0.01405,-0.1153));
#2251=CARTESIAN_POINT('',(0.02295,-0.00905,-0.1153));
#2252=CARTESIAN_POINT('',(0.02795,-0.00905,-0.1153));
#2253=CARTESIAN_POINT('',(0.02795,-0.0381,-0.1153));
#2254=CARTESIAN_POINT('',(0.02795,0.00905,-0.1153));
#2255=CARTESIAN_POINT('',(0.02295,0.00905,-0.1153));
#2256=CARTESIAN_POINT('',(0.0645,-0.0254,-0.0531069910652072));
#2257=CARTESIAN_POINT('',(0.052,-0.0254,-0.0531069910652072));
#2258=CARTESIAN_POINT('',(0.052,-0.0304,-0.0531069910652072));
#2259=CARTESIAN_POINT('',(0.052,-0.0331,-0.0531069910652072));
#2260=CARTESIAN_POINT('',(0.0645,-0.0331,-0.0531069910652072));
#2261=CARTESIAN_POINT('',(0.077,-0.0331,-0.0531069910652072));
#2262=CARTESIAN_POINT('',(0.077,-0.0254,-0.0531069910652072));
#2263=CARTESIAN_POINT('',(0.077,-0.0304,-0.0531069910652072));
#2264=CARTESIAN_POINT('',(0.0645,-0.0304,-0.0531069910652072));
#2265=CARTESIAN_POINT('',(0.052,-0.0254,-0.0850412020513758));
#2266=CARTESIAN_POINT('',(0.052,-0.0381,-0.0976));
#2267=CARTESIAN_POINT('',(0.052,-0.0304,-0.0976));
#2268=CARTESIAN_POINT('',(0.052,-0.0331,-0.0976));
#2269=CARTESIAN_POINT('',(0.052,-0.0331,-0.0850412020513758));
#2270=CARTESIAN_POINT('',(0.052,-0.0304,-0.0976));
#2271=CARTESIAN_POINT('',(0.077,-0.0254,-0.0850412020513758));
#2272=CARTESIAN_POINT('',(0.077,-0.0331,-0.0850412020513758));
#2273=CARTESIAN_POINT('',(0.077,0.0331,-0.0531069910652072));
#2274=CARTESIAN_POINT('',(0.077,0.0331,-0.0531069910652072));
#2275=CARTESIAN_POINT('',(0.077,0.0254,-0.0531069910652072));
#2276=CARTESIAN_POINT('',(0.077,0.0304,-0.0531069910652072));
#2277=CARTESIAN_POINT('',(0.077,0.0304,-0.0850412020513758));
#2278=CARTESIAN_POINT('',(0.077,0.0304,-0.0976));
#2279=CARTESIAN_POINT('',(0.077,0.0204,-0.0976));
#2280=CARTESIAN_POINT('',(0.077,0.0204,-0.1076));
#2281=CARTESIAN_POINT('',(0.077,-0.0254,-0.1076));
#2282=CARTESIAN_POINT('',(0.077,-0.0204,-0.1076));
#2283=CARTESIAN_POINT('',(0.077,-0.0204,-0.0976));
#2284=CARTESIAN_POINT('',(0.077,-0.0304,-0.0976));
#2285=CARTESIAN_POINT('',(0.077,-0.0304,-0.0531069910652072));
#2286=CARTESIAN_POINT('',(0.,-0.0254,-0.0228));
#2287=CARTESIAN_POINT('',(0.0645,-0.0254,-0.0531069910652072));
#2288=CARTESIAN_POINT('',(0.0645,-0.0254,-0.0502069910652072));
#2289=CARTESIAN_POINT('',(0.,-0.0254,-0.0976));
#2290=CARTESIAN_POINT('',(0.072,-0.0254,-0.0976));
#2291=CARTESIAN_POINT('',(0.057,-0.0254,-0.0976));
#2292=CARTESIAN_POINT('',(0.057,-0.0254,-0.0531069910652072));
#2293=CARTESIAN_POINT('',(0.057,-0.0254,-0.0531069910652072));
#2294=CARTESIAN_POINT('',(0.0645,-0.0254,-0.0531069910652072));
#2295=CARTESIAN_POINT('',(0.072,-0.0254,-0.0531069910652072));
#2296=CARTESIAN_POINT('',(0.072,-0.0254,-0.0976));
#2297=CARTESIAN_POINT('',(0.,-0.0381,-0.0228));
#2298=CARTESIAN_POINT('',(0.0645,-0.0381,-0.0531069910652072));
#2299=CARTESIAN_POINT('',(0.0645,-0.0381,-0.0482319910652072));
#2300=CARTESIAN_POINT('',(-0.0645,-0.0381,-0.0531069910652072));
#2301=CARTESIAN_POINT('',(-0.057,-0.0381,-0.0531069910652072));
#2302=CARTESIAN_POINT('',(-0.072,-0.0381,-0.0531069910652072));
#2303=CARTESIAN_POINT('',(-0.072,-0.0381,-0.0228));
#2304=CARTESIAN_POINT('',(0.072,-0.0381,-0.0228));
#2305=CARTESIAN_POINT('',(0.072,-0.0381,-0.0531069910652072));
#2306=CARTESIAN_POINT('',(0.0645,-0.0381,-0.0531069910652072));
#2307=CARTESIAN_POINT('',(0.057,-0.0381,-0.0531069910652072));
#2308=CARTESIAN_POINT('',(0.057,-0.0381,-0.0228));
#2309=CARTESIAN_POINT('',(0.057,-0.0381,-0.0976));
#2310=CARTESIAN_POINT('',(0.047,-0.0381,-0.0976));
#2311=CARTESIAN_POINT('',(0.047,-0.0381,-0.1076));
#2312=CARTESIAN_POINT('',(0.,-0.0381,-0.1076));
#2313=CARTESIAN_POINT('',(-0.047,-0.0381,-0.1076));
#2314=CARTESIAN_POINT('',(-0.047,-0.0381,-0.0976));
#2315=CARTESIAN_POINT('',(-0.057,-0.0381,-0.0976));
#2316=CARTESIAN_POINT('',(-0.057,-0.0381,-0.0531069910652072));
#2317=CARTESIAN_POINT('',(-0.0645,-0.0381,-0.0531069910652072));
#2318=CARTESIAN_POINT('',(-0.0645,-0.0381,-0.0482319910652072));
#2319=CARTESIAN_POINT('',(0.0645,-0.0381,-0.0531069910652072));
#2320=CARTESIAN_POINT('',(0.0645,-0.0331,-0.0531069910652072));
#2321=CARTESIAN_POINT('',(0.0645,-0.0331,-0.0502069910652072));
#2322=CARTESIAN_POINT('',(0.069375,-0.0331,-0.0531069910652072));
#2323=CARTESIAN_POINT('',(0.0645,-0.0331,-0.0531069910652072));
#2324=CARTESIAN_POINT('',(0.0645,-0.0331,-0.0482319910652072));
#2325=CARTESIAN_POINT('',(0.0645,-0.0381,-0.0531069910652072));
#2326=CARTESIAN_POINT('',(-0.052,0.0254,-0.0850412020513758));
#2327=CARTESIAN_POINT('',(-0.052,0.0254,-0.0531069910652072));
#2328=CARTESIAN_POINT('',(-0.052,0.0304,-0.0531069910652072));
#2329=CARTESIAN_POINT('',(-0.052,0.0331,-0.0531069910652072));
#2330=CARTESIAN_POINT('',(-0.052,0.0304,-0.0850412020513758));
#2331=CARTESIAN_POINT('',(-0.052,0.0304,-0.0976));
#2332=CARTESIAN_POINT('',(-0.052,0.0381,-0.0976));
#2333=CARTESIAN_POINT('',(-0.052,0.0331,-0.0976));
#2334=CARTESIAN_POINT('',(-0.052,0.0331,-0.0531069910652072));
#2335=CARTESIAN_POINT('',(-0.0645,0.0254,-0.0531069910652072));
#2336=CARTESIAN_POINT('',(-0.077,0.0254,-0.0531069910652072));
#2337=CARTESIAN_POINT('',(-0.077,0.0304,-0.0531069910652072));
#2338=CARTESIAN_POINT('',(-0.077,0.0331,-0.0531069910652072));
#2339=CARTESIAN_POINT('',(-0.0645,0.0304,-0.0531069910652072));
#2340=CARTESIAN_POINT('',(-0.0645,0.0331,-0.0531069910652072));
#2341=CARTESIAN_POINT('',(-0.077,0.0254,-0.0850412020513758));
#2342=CARTESIAN_POINT('',(-0.077,-0.0254,-0.0531069910652072));
#2343=CARTESIAN_POINT('',(-0.077,-0.0304,-0.0531069910652072));
#2344=CARTESIAN_POINT('',(-0.077,-0.0331,-0.0531069910652072));
#2345=CARTESIAN_POINT('',(-0.077,-0.0304,-0.0976));
#2346=CARTESIAN_POINT('',(-0.077,-0.0304,-0.0976));
#2347=CARTESIAN_POINT('',(-0.077,-0.0204,-0.0976));
#2348=CARTESIAN_POINT('',(-0.077,-0.0204,-0.1076));
#2349=CARTESIAN_POINT('',(-0.077,0.0254,-0.1076));
#2350=CARTESIAN_POINT('',(-0.077,0.0204,-0.1076));
#2351=CARTESIAN_POINT('',(-0.077,0.0204,-0.0976));
#2352=CARTESIAN_POINT('',(-0.077,0.0304,-0.0976));
#2353=CARTESIAN_POINT('',(-0.077,0.0304,-0.0850412020513758));
#2354=CARTESIAN_POINT('',(-0.077,0.0331,-0.1153));
#2355=CARTESIAN_POINT('',(-0.077,-0.0331,-0.0850412020513758));
#2356=CARTESIAN_POINT('',(0.,0.0254,-0.0228));
#2357=CARTESIAN_POINT('',(-0.0645,0.0254,-0.0531069910652072));
#2358=CARTESIAN_POINT('',(-0.0645,0.0254,-0.0560069910652072));
#2359=CARTESIAN_POINT('',(-0.052,0.0254,-0.0976));
#2360=CARTESIAN_POINT('',(-0.072,0.0254,-0.0976));
#2361=CARTESIAN_POINT('',(-0.057,0.0254,-0.0976));
#2362=CARTESIAN_POINT('',(-0.057,0.0254,-0.0228));
#2363=CARTESIAN_POINT('',(-0.057,0.0254,-0.0531069910652072));
#2364=CARTESIAN_POINT('',(-0.0645,0.0254,-0.0531069910652072));
#2365=CARTESIAN_POINT('',(-0.072,0.0254,-0.0531069910652072));
#2366=CARTESIAN_POINT('',(-0.072,0.0254,-0.0228));
#2367=CARTESIAN_POINT('',(0.,0.0381,-0.0228));
#2368=CARTESIAN_POINT('',(-0.072,0.0381,-0.0531069910652072));
#2369=CARTESIAN_POINT('',(-0.072,0.0381,-0.0531069910652072));
#2370=CARTESIAN_POINT('',(-0.0645,0.0381,-0.0531069910652072));
#2371=CARTESIAN_POINT('',(-0.057,0.0381,-0.0531069910652072));
#2372=CARTESIAN_POINT('',(-0.057,0.0381,-0.0976));
#2373=CARTESIAN_POINT('',(-0.057,0.0381,-0.0976));
#2374=CARTESIAN_POINT('',(-0.047,0.0381,-0.0976));
#2375=CARTESIAN_POINT('',(-0.047,0.0381,-0.1076));
#2376=CARTESIAN_POINT('',(0.047,0.0381,-0.1076));
#2377=CARTESIAN_POINT('',(0.047,0.0381,-0.1076));
#2378=CARTESIAN_POINT('',(0.047,0.0381,-0.0976));
#2379=CARTESIAN_POINT('',(0.057,0.0381,-0.0976));
#2380=CARTESIAN_POINT('',(0.057,0.0381,-0.0228));
#2381=CARTESIAN_POINT('',(0.057,0.0381,-0.0531069910652072));
#2382=CARTESIAN_POINT('',(0.0645,0.0381,-0.0531069910652072));
#2383=CARTESIAN_POINT('',(0.072,0.0381,-0.0531069910652072));
#2384=CARTESIAN_POINT('',(0.072,0.0381,-0.1153));
#2385=CARTESIAN_POINT('',(-0.0645,0.0381,-0.0531069910652072));
#2386=CARTESIAN_POINT('',(-0.0645,0.0381,-0.0579819910652072));
#2387=CARTESIAN_POINT('',(0.0645,0.0381,-0.0531069910652072));
#2388=CARTESIAN_POINT('',(0.0645,0.0381,-0.0579819910652072));
#2389=CARTESIAN_POINT('',(-0.0645,0.0381,-0.0531069910652072));
#2390=CARTESIAN_POINT('',(-0.0645,0.0331,-0.0531069910652072));
#2391=CARTESIAN_POINT('',(-0.0645,0.0331,-0.0560069910652072));
#2392=CARTESIAN_POINT('',(-0.059625,0.0331,-0.0531069910652072));
#2393=CARTESIAN_POINT('',(-0.0645,0.0331,-0.0531069910652072));
#2394=CARTESIAN_POINT('',(-0.0645,0.0331,-0.0579819910652072));
#2395=CARTESIAN_POINT('',(-0.0645,0.0381,-0.0531069910652072));
#2396=CARTESIAN_POINT('',(0.0645,0.0254,-0.0531069910652072));
#2397=CARTESIAN_POINT('',(0.052,0.0254,-0.0531069910652072));
#2398=CARTESIAN_POINT('',(0.052,0.0304,-0.0531069910652072));
#2399=CARTESIAN_POINT('',(0.052,0.0331,-0.0531069910652072));
#2400=CARTESIAN_POINT('',(0.0645,0.0304,-0.0531069910652072));
#2401=CARTESIAN_POINT('',(0.0645,0.0331,-0.0531069910652072));
#2402=CARTESIAN_POINT('',(0.052,0.0254,-0.0850412020513758));
#2403=CARTESIAN_POINT('',(0.052,0.0254,-0.0976));
#2404=CARTESIAN_POINT('',(0.052,0.0331,-0.0976));
#2405=CARTESIAN_POINT('',(0.052,0.0304,-0.0976));
#2406=CARTESIAN_POINT('',(0.052,0.0304,-0.0531069910652072));
#2407=CARTESIAN_POINT('',(0.052,0.0331,-0.0850412020513758));
#2408=CARTESIAN_POINT('',(0.,0.0254,-0.0228));
#2409=CARTESIAN_POINT('',(0.0645,0.0254,-0.0531069910652072));
#2410=CARTESIAN_POINT('',(0.0645,0.0254,-0.0560069910652072));
#2411=CARTESIAN_POINT('',(0.0645,0.0254,-0.0531069910652072));
#2412=CARTESIAN_POINT('',(0.072,0.0254,-0.0531069910652072));
#2413=CARTESIAN_POINT('',(0.057,0.0254,-0.0531069910652072));
#2414=CARTESIAN_POINT('',(0.057,0.0254,-0.0976));
#2415=CARTESIAN_POINT('',(0.057,0.0254,-0.0976));
#2416=CARTESIAN_POINT('',(0.077,0.0254,-0.0976));
#2417=CARTESIAN_POINT('',(0.072,0.0254,-0.0976));
#2418=CARTESIAN_POINT('',(0.072,0.0254,-0.0228));
#2419=CARTESIAN_POINT('',(0.0645,0.0381,-0.0531069910652072));
#2420=CARTESIAN_POINT('',(0.0645,0.0331,-0.0531069910652072));
#2421=CARTESIAN_POINT('',(0.0645,0.0331,-0.0560069910652072));
#2422=CARTESIAN_POINT('',(0.069375,0.0331,-0.0531069910652072));
#2423=CARTESIAN_POINT('',(0.0645,0.0331,-0.0531069910652072));
#2424=CARTESIAN_POINT('',(0.0645,0.0331,-0.0579819910652072));
#2425=CARTESIAN_POINT('',(0.0645,0.0381,-0.0531069910652072));
#2426=CARTESIAN_POINT('',(-0.052,-0.0254,-0.0850412020513758));
#2427=CARTESIAN_POINT('',(-0.052,-0.0254,-0.0976));
#2428=CARTESIAN_POINT('',(-0.052,-0.0331,-0.0976));
#2429=CARTESIAN_POINT('',(-0.052,-0.0304,-0.0976));
#2430=CARTESIAN_POINT('',(-0.052,-0.0304,-0.0850412020513758));
#2431=CARTESIAN_POINT('',(-0.052,-0.0304,-0.0531069910652072));
#2432=CARTESIAN_POINT('',(-0.052,-0.0254,-0.0531069910652072));
#2433=CARTESIAN_POINT('',(-0.052,-0.0331,-0.0531069910652072));
#2434=CARTESIAN_POINT('',(-0.052,-0.0331,-0.0976));
#2435=CARTESIAN_POINT('',(-0.0645,-0.0254,-0.0531069910652072));
#2436=CARTESIAN_POINT('',(-0.0645,-0.0304,-0.0531069910652072));
#2437=CARTESIAN_POINT('',(-0.0645,-0.0331,-0.0531069910652072));
#2438=CARTESIAN_POINT('',(0.,-0.0254,-0.0228));
#2439=CARTESIAN_POINT('',(-0.0645,-0.0254,-0.0531069910652072));
#2440=CARTESIAN_POINT('',(-0.0645,-0.0254,-0.0502069910652072));
#2441=CARTESIAN_POINT('',(-0.0645,-0.0254,-0.0531069910652072));
#2442=CARTESIAN_POINT('',(-0.072,-0.0254,-0.0531069910652072));
#2443=CARTESIAN_POINT('',(-0.057,-0.0254,-0.0531069910652072));
#2444=CARTESIAN_POINT('',(-0.057,-0.0254,-0.0228));
#2445=CARTESIAN_POINT('',(-0.057,-0.0254,-0.0976));
#2446=CARTESIAN_POINT('',(0.,-0.0254,-0.0976));
#2447=CARTESIAN_POINT('',(-0.072,-0.0254,-0.0976));
#2448=CARTESIAN_POINT('',(-0.072,-0.0254,-0.0531069910652072));
#2449=CARTESIAN_POINT('',(-0.0645,-0.0381,-0.0531069910652072));
#2450=CARTESIAN_POINT('',(-0.0645,-0.0331,-0.0531069910652072));
#2451=CARTESIAN_POINT('',(-0.0645,-0.0331,-0.0502069910652072));
#2452=CARTESIAN_POINT('',(-0.059625,-0.0331,-0.0531069910652072));
#2453=CARTESIAN_POINT('',(-0.0645,-0.0331,-0.0531069910652072));
#2454=CARTESIAN_POINT('',(-0.0645,-0.0331,-0.0482319910652072));
#2455=CARTESIAN_POINT('',(-0.0645,-0.0381,-0.0531069910652072));
#2456=CARTESIAN_POINT('',(0.047,-0.0254,-0.0976));
#2457=CARTESIAN_POINT('',(0.047,-0.0331,-0.0976));
#2458=CARTESIAN_POINT('',(0.047,-0.0204,-0.0976));
#2459=CARTESIAN_POINT('',(0.0645,-0.0204,-0.0976));
#2460=CARTESIAN_POINT('',(0.047,-0.0204,-0.0976));
#2461=CARTESIAN_POINT('',(0.072,-0.0204,-0.0976));
#2462=CARTESIAN_POINT('',(0.047,-0.0381,-0.0976));
#2463=CARTESIAN_POINT('',(0.047,0.0204,-0.0976));
#2464=CARTESIAN_POINT('',(0.047,0.0331,-0.0976));
#2465=CARTESIAN_POINT('',(0.,0.0204,-0.0976));
#2466=CARTESIAN_POINT('',(0.047,0.0204,-0.0976));
#2467=CARTESIAN_POINT('',(0.072,0.0204,-0.0976));
#2468=CARTESIAN_POINT('',(-0.047,-0.0381,-0.0976));
#2469=CARTESIAN_POINT('',(-0.047,-0.0204,-0.0976));
#2470=CARTESIAN_POINT('',(-0.047,-0.0331,-0.0976));
#2471=CARTESIAN_POINT('',(0.,-0.0204,-0.0976));
#2472=CARTESIAN_POINT('',(-0.047,-0.0204,-0.0976));
#2473=CARTESIAN_POINT('',(-0.072,-0.0204,-0.0976));
#2474=CARTESIAN_POINT('',(-0.047,0.0254,-0.0976));
#2475=CARTESIAN_POINT('',(-0.047,0.0204,-0.0976));
#2476=CARTESIAN_POINT('',(-0.047,0.0331,-0.0976));
#2477=CARTESIAN_POINT('',(0.0645,0.0204,-0.0976));
#2478=CARTESIAN_POINT('',(-0.047,0.0204,-0.0976));
#2479=CARTESIAN_POINT('',(-0.072,0.0204,-0.0976));
#2480=CARTESIAN_POINT('',(-0.047,0.0204,-0.1026));
#2481=CARTESIAN_POINT('',(-0.047,0.0204,-0.1026));
#2482=CARTESIAN_POINT('',(-0.047,0.0204,-0.1026));
#2483=CARTESIAN_POINT('',(-0.0476544984705941,0.0217089969411818,-0.1026));
#2484=CARTESIAN_POINT('',(-0.0479817477083157,0.0213817477083446,-0.102600000000051));
#2485=CARTESIAN_POINT('',(-0.0483089969411689,0.0210544984705973,-0.1026));
#2486=CARTESIAN_POINT('',(-0.0489632931886855,0.0243265863773741,-0.102339724441443));
#2487=CARTESIAN_POINT('',(-0.0500192939308421,0.023419293930828,-0.102032323498415));
#2488=CARTESIAN_POINT('',(-0.0509265863773802,0.022363293188684,-0.102339724441443));
#2489=CARTESIAN_POINT('',(-0.0503499064519995,0.0270998129039986,-0.101412746098814));
#2490=CARTESIAN_POINT('',(-0.0516723210080776,0.0250723210080797,-0.100265538335147));
#2491=CARTESIAN_POINT('',(-0.0536998129039979,0.0237499064519997,-0.101412746098814));
#2492=CARTESIAN_POINT('',(-0.051184111466462,0.0287682229329241,-0.100395713851645));
#2493=CARTESIAN_POINT('',(-0.052204787555526,0.0256047875555254,-0.0988478455503337));
#2494=CARTESIAN_POINT('',(-0.0553682229329242,0.024584111466462,-0.100395713851645));
#2495=CARTESIAN_POINT('',(-0.0516491847976132,0.0296983695952262,-0.099525763546987));
#2496=CARTESIAN_POINT('',(-0.0522435929560569,0.0256435929560576,-0.0980010455249874));
#2497=CARTESIAN_POINT('',(-0.0562983695952265,0.0250491847976132,-0.099525763546987));
#2498=CARTESIAN_POINT('',(-0.051935535318424,0.0302710706368484,-0.0985817349313599));
#2499=CARTESIAN_POINT('',(-0.0520710365163808,0.0254710365163783,-0.0976026243589185));
#2500=CARTESIAN_POINT('',(-0.0568710706368469,0.0253355353184239,-0.0985817349313599));
#2501=CARTESIAN_POINT('',(-0.052,0.0303999999999989,-0.0979272492358249));
#2502=CARTESIAN_POINT('',(-0.0519999999999952,0.0254000000000005,-0.0975999999868659));
#2503=CARTESIAN_POINT('',(-0.0570000000000023,0.0254,-0.0979272492358249));
#2504=CARTESIAN_POINT('',(-0.052,0.0304,-0.0976));
#2505=CARTESIAN_POINT('',(-0.052,0.0254,-0.0976));
#2506=CARTESIAN_POINT('',(-0.057,0.0254,-0.0976));
#2507=CARTESIAN_POINT('',(-0.057,0.0304,-0.0976));
#2508=CARTESIAN_POINT('',(-0.057,0.0304,-0.0850412020513758));
#2509=CARTESIAN_POINT('',(-0.057,0.0304,-0.0531069910652072));
#2510=CARTESIAN_POINT('',(-0.0645,0.0304,-0.0531069910652072));
#2511=CARTESIAN_POINT('',(-0.072,0.0304,-0.0531069910652072));
#2512=CARTESIAN_POINT('',(-0.072,0.0304,-0.0850412020513758));
#2513=CARTESIAN_POINT('',(-0.072,0.0304,-0.0976));
#2514=CARTESIAN_POINT('',(-0.072,0.0204,-0.0976));
#2515=CARTESIAN_POINT('',(-0.072,0.0204,-0.1076));
#2516=CARTESIAN_POINT('',(-0.072,0.0254,-0.1076));
#2517=CARTESIAN_POINT('',(-0.072,-0.0204,-0.1076));
#2518=CARTESIAN_POINT('',(-0.072,-0.0204,-0.0976));
#2519=CARTESIAN_POINT('',(-0.072,-0.0304,-0.0976));
#2520=CARTESIAN_POINT('',(-0.072,-0.0304,-0.0228));
#2521=CARTESIAN_POINT('',(-0.072,-0.0304,-0.0531069910652072));
#2522=CARTESIAN_POINT('',(-0.0645,-0.0304,-0.0531069910652072));
#2523=CARTESIAN_POINT('',(-0.057,-0.0304,-0.0531069910652072));
#2524=CARTESIAN_POINT('',(-0.057,-0.0304,-0.0228));
#2525=CARTESIAN_POINT('',(-0.057,-0.0304,-0.0976));
#2526=CARTESIAN_POINT('',(-0.047,-0.0204,-0.1026));
#2527=CARTESIAN_POINT('',(-0.047,-0.0204,-0.1026));
#2528=CARTESIAN_POINT('',(-0.047,-0.0204,-0.1026));
#2529=CARTESIAN_POINT('',(-0.04830899694118,-0.0210544984705964,-0.1026));
#2530=CARTESIAN_POINT('',(-0.0479817477083288,-0.0213817477083416,-0.102600000000051));
#2531=CARTESIAN_POINT('',(-0.04765449847059,-0.0217089969411864,-0.1026));
#2532=CARTESIAN_POINT('',(-0.0509265863773749,-0.0223632931886844,-0.102339724441443));
#2533=CARTESIAN_POINT('',(-0.0500192939308357,-0.0234192939308294,-0.102032323498415));
#2534=CARTESIAN_POINT('',(-0.0489632931886875,-0.0243265863773719,-0.102339724441443));
#2535=CARTESIAN_POINT('',(-0.0536998129039985,-0.0237499064519996,-0.101412746098814));
#2536=CARTESIAN_POINT('',(-0.0516723210080785,-0.0250723210080795,-0.100265538335147));
#2537=CARTESIAN_POINT('',(-0.0503499064519992,-0.0270998129039988,-0.101412746098814));
#2538=CARTESIAN_POINT('',(-0.055368222932924,-0.024584111466462,-0.100395713851645));
#2539=CARTESIAN_POINT('',(-0.0522047875555258,-0.0256047875555255,-0.0988478455503338));
#2540=CARTESIAN_POINT('',(-0.0511841114664621,-0.0287682229329241,-0.100395713851645));
#2541=CARTESIAN_POINT('',(-0.0562983695952266,-0.0250491847976132,-0.0995257635469872));
#2542=CARTESIAN_POINT('',(-0.052243592956057,-0.0256435929560576,-0.0980010455249867));
#2543=CARTESIAN_POINT('',(-0.0516491847976132,-0.0296983695952262,-0.0995257635469872));
#2544=CARTESIAN_POINT('',(-0.0568710706368468,-0.0253355353184239,-0.0985817349313592));
#2545=CARTESIAN_POINT('',(-0.0520710365163808,-0.0254710365163783,-0.0976026243589214));
#2546=CARTESIAN_POINT('',(-0.0519355353184239,-0.0302710706368484,-0.0985817349313592));
#2547=CARTESIAN_POINT('',(-0.0570000000000023,-0.0254,-0.0979272492358264));
#2548=CARTESIAN_POINT('',(-0.0519999999999952,-0.0254000000000005,-0.0975999999868595));
#2549=CARTESIAN_POINT('',(-0.052,-0.0303999999999989,-0.0979272492358264));
#2550=CARTESIAN_POINT('',(-0.057,-0.0254,-0.0976));
#2551=CARTESIAN_POINT('',(-0.052,-0.0254,-0.0976));
#2552=CARTESIAN_POINT('',(-0.052,-0.0304,-0.0976));
#2553=CARTESIAN_POINT('',(0.072,-0.0331,-0.0228));
#2554=CARTESIAN_POINT('',(0.072,-0.0331,-0.0531069910652072));
#2555=CARTESIAN_POINT('',(0.0645,-0.0331,-0.0531069910652072));
#2556=CARTESIAN_POINT('',(0.057,-0.0331,-0.0531069910652072));
#2557=CARTESIAN_POINT('',(0.057,-0.0331,-0.0228));
#2558=CARTESIAN_POINT('',(0.057,-0.0331,-0.0976));
#2559=CARTESIAN_POINT('',(0.047,-0.0331,-0.0976));
#2560=CARTESIAN_POINT('',(0.047,-0.0331,-0.1076));
#2561=CARTESIAN_POINT('',(0.0645,-0.0331,-0.1076));
#2562=CARTESIAN_POINT('',(-0.047,-0.0331,-0.1076));
#2563=CARTESIAN_POINT('',(-0.047,-0.0331,-0.0976));
#2564=CARTESIAN_POINT('',(-0.057,-0.0331,-0.0976));
#2565=CARTESIAN_POINT('',(-0.057,-0.0331,-0.0850412020513758));
#2566=CARTESIAN_POINT('',(-0.057,-0.0331,-0.0531069910652072));
#2567=CARTESIAN_POINT('',(-0.0645,-0.0331,-0.0531069910652072));
#2568=CARTESIAN_POINT('',(-0.072,-0.0331,-0.0531069910652072));
#2569=CARTESIAN_POINT('',(-0.072,-0.0331,-0.0850412020513758));
#2570=CARTESIAN_POINT('',(0.052,0.0304,-0.0976));
#2571=CARTESIAN_POINT('',(0.052,0.0254,-0.0976));
#2572=CARTESIAN_POINT('',(0.057,0.0254,-0.0976));
#2573=CARTESIAN_POINT('',(0.052,0.0303999999999989,-0.0979272492358431));
#2574=CARTESIAN_POINT('',(0.0519999999999952,0.0254000000000021,-0.0975999999869109));
#2575=CARTESIAN_POINT('',(0.0570000000000023,0.0254,-0.0979272492358431));
#2576=CARTESIAN_POINT('',(0.051935535318424,0.0302710706368484,-0.0985817349313515));
#2577=CARTESIAN_POINT('',(0.0520710365163808,0.0254710365163776,-0.0976026243588979));
#2578=CARTESIAN_POINT('',(0.0568710706368468,0.0253355353184239,-0.0985817349313515));
#2579=CARTESIAN_POINT('',(0.0516491847976131,0.0296983695952262,-0.0995257635469892));
#2580=CARTESIAN_POINT('',(0.0522435929560571,0.0256435929560577,-0.0980010455249926));
#2581=CARTESIAN_POINT('',(0.0562983695952266,0.0250491847976132,-0.0995257635469892));
#2582=CARTESIAN_POINT('',(0.0511841114664621,0.0287682229329242,-0.100395713851644));
#2583=CARTESIAN_POINT('',(0.0522047875555255,0.0256047875555256,-0.0988478455503324));
#2584=CARTESIAN_POINT('',(0.0553682229329241,0.024584111466462,-0.100395713851644));
#2585=CARTESIAN_POINT('',(0.0503499064519993,0.0270998129039981,-0.101412746098814));
#2586=CARTESIAN_POINT('',(0.0516723210080802,0.0250723210080786,-0.100265538335148));
#2587=CARTESIAN_POINT('',(0.0536998129039985,0.0237499064519996,-0.101412746098814));
#2588=CARTESIAN_POINT('',(0.0489632931886875,0.024326586377378,-0.102339724441443));
#2589=CARTESIAN_POINT('',(0.0500192939308232,0.0234192939308357,-0.102032323498414));
#2590=CARTESIAN_POINT('',(0.0509265863773749,0.0223632931886844,-0.102339724441443));
#2591=CARTESIAN_POINT('',(0.04765449847059,0.0217089969411735,-0.1026));
#2592=CARTESIAN_POINT('',(0.0479817477083545,0.0213817477083288,-0.102600000000051));
#2593=CARTESIAN_POINT('',(0.04830899694118,0.0210544984705964,-0.1026));
#2594=CARTESIAN_POINT('',(0.047,0.0204,-0.1026));
#2595=CARTESIAN_POINT('',(0.047,0.0204,-0.1026));
#2596=CARTESIAN_POINT('',(0.047,0.0204,-0.1026));
#2597=CARTESIAN_POINT('',(0.057,0.0304,-0.0976));
#2598=CARTESIAN_POINT('',(0.057,0.0304,-0.0228));
#2599=CARTESIAN_POINT('',(0.057,0.0304,-0.0531069910652072));
#2600=CARTESIAN_POINT('',(0.0645,0.0304,-0.0531069910652072));
#2601=CARTESIAN_POINT('',(0.072,0.0304,-0.0531069910652072));
#2602=CARTESIAN_POINT('',(0.072,0.0304,-0.0228));
#2603=CARTESIAN_POINT('',(0.072,0.0304,-0.0976));
#2604=CARTESIAN_POINT('',(0.072,0.0204,-0.0976));
#2605=CARTESIAN_POINT('',(0.072,0.0204,-0.1076));
#2606=CARTESIAN_POINT('',(0.072,-0.0381,-0.1076));
#2607=CARTESIAN_POINT('',(0.072,-0.0204,-0.1076));
#2608=CARTESIAN_POINT('',(0.072,-0.0204,-0.0976));
#2609=CARTESIAN_POINT('',(0.072,-0.0304,-0.0976));
#2610=CARTESIAN_POINT('',(0.072,-0.0304,-0.0850412020513758));
#2611=CARTESIAN_POINT('',(0.072,-0.0304,-0.0531069910652072));
#2612=CARTESIAN_POINT('',(0.0645,-0.0304,-0.0531069910652072));
#2613=CARTESIAN_POINT('',(0.057,-0.0304,-0.0531069910652072));
#2614=CARTESIAN_POINT('',(0.057,-0.0304,-0.0850412020513758));
#2615=CARTESIAN_POINT('',(0.057,-0.0304,-0.0976));
#2616=CARTESIAN_POINT('',(0.057,-0.0254,-0.0976));
#2617=CARTESIAN_POINT('',(0.052,-0.0254,-0.0976));
#2618=CARTESIAN_POINT('',(0.052,-0.0304,-0.0976));
#2619=CARTESIAN_POINT('',(0.0570000000000023,-0.0254,-0.0979272492358445));
#2620=CARTESIAN_POINT('',(0.0519999999999952,-0.0254000000000005,-0.0975999999869109));
#2621=CARTESIAN_POINT('',(0.052,-0.0303999999999989,-0.0979272492358445));
#2622=CARTESIAN_POINT('',(0.0568710706368468,-0.0253355353184239,-0.0985817349313508));
#2623=CARTESIAN_POINT('',(0.0520710365163808,-0.0254710365163783,-0.0976026243588979));
#2624=CARTESIAN_POINT('',(0.0519355353184239,-0.0302710706368484,-0.0985817349313508));
#2625=CARTESIAN_POINT('',(0.0562983695952266,-0.0250491847976132,-0.0995257635469894));
#2626=CARTESIAN_POINT('',(0.0522435929560571,-0.0256435929560576,-0.0980010455249926));
#2627=CARTESIAN_POINT('',(0.0516491847976132,-0.0296983695952262,-0.0995257635469894));
#2628=CARTESIAN_POINT('',(0.055368222932924,-0.024584111466462,-0.100395713851644));
#2629=CARTESIAN_POINT('',(0.0522047875555254,-0.0256047875555256,-0.0988478455503324));
#2630=CARTESIAN_POINT('',(0.0511841114664621,-0.0287682229329242,-0.100395713851644));
#2631=CARTESIAN_POINT('',(0.0536998129039986,-0.0237499064519998,-0.101412746098814));
#2632=CARTESIAN_POINT('',(0.0516723210080802,-0.0250723210080788,-0.100265538335148));
#2633=CARTESIAN_POINT('',(0.0503499064519993,-0.0270998129039983,-0.101412746098814));
#2634=CARTESIAN_POINT('',(0.0509265863773749,-0.0223632931886829,-0.102339724441443));
#2635=CARTESIAN_POINT('',(0.0500192939308232,-0.0234192939308341,-0.102032323498414));
#2636=CARTESIAN_POINT('',(0.0489632931886875,-0.0243265863773765,-0.102339724441443));
#2637=CARTESIAN_POINT('',(0.04830899694118,-0.0210544984705996,-0.1026));
#2638=CARTESIAN_POINT('',(0.0479817477083545,-0.021381747708332,-0.102600000000051));
#2639=CARTESIAN_POINT('',(0.04765449847059,-0.0217089969411767,-0.1026));
#2640=CARTESIAN_POINT('',(0.047,-0.0204,-0.1026));
#2641=CARTESIAN_POINT('',(0.047,-0.0204,-0.1026));
#2642=CARTESIAN_POINT('',(0.047,-0.0204,-0.1026));
#2643=CARTESIAN_POINT('',(0.072,0.0331,-0.0850412020513758));
#2644=CARTESIAN_POINT('',(0.072,0.0331,-0.0531069910652072));
#2645=CARTESIAN_POINT('',(0.0645,0.0331,-0.0531069910652072));
#2646=CARTESIAN_POINT('',(0.057,0.0331,-0.0531069910652072));
#2647=CARTESIAN_POINT('',(0.057,0.0331,-0.0850412020513758));
#2648=CARTESIAN_POINT('',(0.057,0.0331,-0.0976));
#2649=CARTESIAN_POINT('',(0.047,0.0331,-0.0976));
#2650=CARTESIAN_POINT('',(0.047,0.0331,-0.1076));
#2651=CARTESIAN_POINT('',(0.,0.0331,-0.1076));
#2652=CARTESIAN_POINT('',(-0.047,0.0331,-0.1076));
#2653=CARTESIAN_POINT('',(-0.047,0.0331,-0.0976));
#2654=CARTESIAN_POINT('',(-0.057,0.0331,-0.0976));
#2655=CARTESIAN_POINT('',(-0.057,0.0331,-0.0228));
#2656=CARTESIAN_POINT('',(-0.057,0.0331,-0.0531069910652072));
#2657=CARTESIAN_POINT('',(-0.0645,0.0331,-0.0531069910652072));
#2658=CARTESIAN_POINT('',(-0.072,0.0331,-0.0531069910652072));
#2659=CARTESIAN_POINT('',(-0.072,0.0331,-0.0228));
#2660=CARTESIAN_POINT('',(0.,-0.01405,-0.1276));
#2661=CARTESIAN_POINT('',(-0.02295,-0.01405,-0.1026));
#2662=CARTESIAN_POINT('',(-0.02295,-0.01405,-0.1076));
#2663=CARTESIAN_POINT('',(0.,-0.01405,-0.1076));
#2664=CARTESIAN_POINT('',(0.02295,-0.01405,-0.1076));
#2665=CARTESIAN_POINT('',(0.02295,-0.01405,-0.1276));
#2666=CARTESIAN_POINT('',(0.02795,0.,-0.1276));
#2667=CARTESIAN_POINT('',(0.02795,-0.00905,-0.1276));
#2668=CARTESIAN_POINT('',(0.02795,-0.00905,-0.1076));
#2669=CARTESIAN_POINT('',(0.02795,0.01405,-0.1076));
#2670=CARTESIAN_POINT('',(0.02795,0.00905,-0.1076));
#2671=CARTESIAN_POINT('',(0.02795,0.00905,-0.1153));
#2672=CARTESIAN_POINT('',(-3.46944695195361E-18,0.01405,-0.1276));
#2673=CARTESIAN_POINT('',(0.02295,0.01405,-0.1026));
#2674=CARTESIAN_POINT('',(0.02295,0.01405,-0.1076));
#2675=CARTESIAN_POINT('',(-0.02795,0.01405,-0.1076));
#2676=CARTESIAN_POINT('',(-0.02295,0.01405,-0.1076));
#2677=CARTESIAN_POINT('',(-0.02295,0.01405,-0.1276));
#2678=CARTESIAN_POINT('',(-0.02795,0.,-0.1276));
#2679=CARTESIAN_POINT('',(-0.02795,0.,-0.1076));
#2680=CARTESIAN_POINT('',(-0.02795,0.00905,-0.1076));
#2681=CARTESIAN_POINT('',(-0.02795,-0.00905,-0.1076));
#2682=CARTESIAN_POINT('',(-0.02795,-0.00905,-0.1153));
#2683=CARTESIAN_POINT('',(-0.02795,0.00905,-0.1276));
#2684=CARTESIAN_POINT('',(0.02295,0.00905,-0.1276));
#2685=CARTESIAN_POINT('',(0.02295,0.00905,-0.1076));
#2686=CARTESIAN_POINT('',(0.02295,0.00905,-0.1076));
#2687=CARTESIAN_POINT('',(0.02295,0.01905,-0.1076));
#2688=CARTESIAN_POINT('',(0.03295,0.00905,-0.1076));
#2689=CARTESIAN_POINT('',(0.02295,-0.00905,-0.1276));
#2690=CARTESIAN_POINT('',(0.02295,-0.00905,-0.1076));
#2691=CARTESIAN_POINT('',(0.03295,0.,-0.1076));
#2692=CARTESIAN_POINT('',(0.03295,-0.00905,-0.1076));
#2693=CARTESIAN_POINT('',(-3.46944695195361E-18,0.01905,-0.1076));
#2694=CARTESIAN_POINT('',(-0.02295,0.01905,-0.1076));
#2695=CARTESIAN_POINT('',(-0.02295,0.00905,-0.1276));
#2696=CARTESIAN_POINT('',(-0.02295,0.00905,-0.1076));
#2697=CARTESIAN_POINT('',(0.02295,-0.00905,-0.1076));
#2698=CARTESIAN_POINT('',(0.02295,-0.01905,-0.1076));
#2699=CARTESIAN_POINT('',(-0.02295,0.00905,-0.1076));
#2700=CARTESIAN_POINT('',(-0.03295,0.00905,-0.1076));
#2701=CARTESIAN_POINT('',(0.0645,-0.01905,-0.1076));
#2702=CARTESIAN_POINT('',(-0.02295,-0.01905,-0.1076));
#2703=CARTESIAN_POINT('',(-0.03295,-0.0381,-0.1076));
#2704=CARTESIAN_POINT('',(-0.03295,-0.00905,-0.1076));
#2705=CARTESIAN_POINT('',(-0.02295,-0.00905,-0.1076));
#2706=CARTESIAN_POINT('',(-0.02295,-0.00905,-0.1076));
#2707=CARTESIAN_POINT('',(-0.02295,-0.00905,-0.1276));
#2708=MECHANICAL_DESIGN_GEOMETRIC_PRESENTATION_REPRESENTATION('',(#1461),
#2709);
#2709=(
GEOMETRIC_REPRESENTATION_CONTEXT(3)
GLOBAL_UNCERTAINTY_ASSIGNED_CONTEXT((#2710))
GLOBAL_UNIT_ASSIGNED_CONTEXT((#2713,#2712,#2711))
REPRESENTATION_CONTEXT('Part 2','TOP_LEVEL_ASSEMBLY_PART')
);
#2710=UNCERTAINTY_MEASURE_WITH_UNIT(LENGTH_MEASURE(2.E-5),#2713,
'DISTANCE_ACCURACY_VALUE','Maximum Tolerance applied to model');
#2711=(
NAMED_UNIT(*)
SI_UNIT($,.STERADIAN.)
SOLID_ANGLE_UNIT()
);
#2712=(
NAMED_UNIT(*)
PLANE_ANGLE_UNIT()
SI_UNIT($,.RADIAN.)
);
#2713=(
LENGTH_UNIT()
NAMED_UNIT(*)
SI_UNIT($,.METRE.)
);
#2714=PRODUCT_DEFINITION_SHAPE('','',#2715);
#2715=PRODUCT_DEFINITION('','',#2717,#2716);
#2716=PRODUCT_DEFINITION_CONTEXT('',#2723,'design');
#2717=PRODUCT_DEFINITION_FORMATION_WITH_SPECIFIED_SOURCE('','',#2719,
 .NOT_KNOWN.);
#2718=PRODUCT_RELATED_PRODUCT_CATEGORY('','',(#2719));
#2719=PRODUCT('Part 2','Part 2','Part 2',(#2721));
#2720=PRODUCT_CATEGORY('','');
#2721=PRODUCT_CONTEXT('',#2723,'mechanical');
#2722=APPLICATION_PROTOCOL_DEFINITION('international standard',
'ap242_managed_model_based_3d_engineering',2020,#2723);
#2723=APPLICATION_CONTEXT('managed model based 3d engineering');
ENDSEC;
END-ISO-10303-21;
