ISO-10303-21;
HEADER;
/* Generated by software containing ST-Developer
 * from STEP Tools, Inc. (www.steptools.com) 
 */
/* OPTION: using custom renumber hook */

FILE_DESCRIPTION(
/* description */ ('STEP AP242 Edition 2',
'CAx-IF Rec.Pracs.---Representation and Presentation of Product Manufa
cturing Information (PMI)---4.0---2014-10-13',
'CAx-IF Rec.Pracs.---3D Tessellated Geometry---0.4---2014-09-14','2;1',
'CAx-IF Rec.Pracs.---User Defined Attributes---1.5---2016-08-15'),
/* implementation_level */ '2;1');

FILE_NAME(
/* name */ 'Part Studio 1 - Part 3',
/* time_stamp */ '2026-10-05T17:46:52Z',
/* author */ (''),
/* organization */ (''),
/* preprocessor_version */ 'ST-DEVELOPER v20',
/* originating_system */ 'ONSHAPE BY PTC INC, 1.221',
/* authorisation */ '  ');

FILE_SCHEMA (('AP242_MANAGED_MODEL_BASED_3D_ENGINEERING_MIM_LF { 1 0 10303 442 3 1 4 }'));
ENDSEC;

DATA;
#10=SHAPE_REPRESENTATION_RELATIONSHIP('','',#123,#11);
#11=ADVANCED_BREP_SHAPE_REPRESENTATION('',(#121),#5947);
#12=(
BOUNDED_SURFACE()
B_SPLINE_SURFACE(1,2,((#1643,#1644,#1645,#1646,#1647,#1648,#1649,#1650,
#1651,#1652,#1653,#1654,#1655,#1656,#1657,#1658,#1659,#1660,#1661,#1662,
#1663,#1664,#1665,#1666,#1667,#1668,#1669,#1670,#1671,#1672,#1673,#1674,
#1675,#1676,#1677,#1678,#1679,#1680,#1681,#1682,#1683,#1684,#1685,#1686,
#1687,#1688,#1689,#1690,#1691,#1692,#1693,#1694,#1695,#1696,#1697,#1698,
#1699,#1700,#1701,#1702,#1703,#1704,#1705,#1706,#1707,#1708,#1709,#1710,
#1711,#1712,#1713,#1714,#1715,#1716,#1717,#1718,#1719,#1720,#1721,#1722,
#1723,#1724,#1725,#1726,#1727,#1728,#1729,#1730,#1731,#1732,#1733,#1734,
#1735,#1736,#1737,#1738,#1739,#1740,#1741,#1742,#1743,#1744,#1745,#1746,
#1747,#1748,#1749,#1750,#1751,#1752,#1753,#1754,#1755,#1756,#1757,#1758,
#1759,#1760,#1761,#1762,#1763,#1764,#1765,#1766,#1767,#1768,#1769,#1770,
#1771,#1772,#1773,#1774,#1775,#1776,#1777,#1778,#1779,#1780,#1781,#1782,
#1783,#1784,#1785,#1786,#1787,#1788,#1789,#1790,#1791,#1792,#1793,#1794,
#1795,#1796,#1797,#1798,#1799,#1800,#1801,#1802,#1803,#1804,#1805,#1806,
#1807,#1808,#1809,#1810,#1811,#1812,#1813,#1814,#1815,#1816,#1817,#1818,
#1819,#1820,#1821,#1822,#1823,#1824,#1825,#1826,#1827,#1828,#1829,#1830,
#1831,#1832,#1833,#1834,#1835,#1836,#1837,#1838,#1839,#1840,#1841,#1842,
#1843,#1844,#1845,#1846,#1847,#1848,#1849,#1850,#1851,#1852,#1853,#1854,
#1855,#1856,#1857,#1858,#1859,#1860,#1861,#1862,#1863,#1864,#1865,#1866,
#1867,#1868,#1869,#1870,#1871,#1872,#1873,#1874,#1875,#1876,#1877,#1878,
#1879,#1880,#1881,#1882,#1883,#1884,#1885,#1886,#1887,#1888,#1889,#1890,
#1891,#1892,#1893,#1894,#1895,#1896,#1897,#1898,#1899,#1900,#1901,#1902,
#1903,#1904,#1905,#1906,#1907,#1908,#1909,#1910,#1911,#1912,#1913,#1914,
#1915,#1916,#1917,#1918,#1919,#1920,#1921,#1922,#1923,#1924,#1925,#1926,
#1927,#1928,#1929,#1930,#1931,#1932,#1933,#1934,#1935,#1936,#1937,#1938,
#1939,#1940,#1941,#1942,#1943,#1944,#1945,#1946,#1947,#1948,#1949,#1950,
#1951,#1952,#1953,#1954,#1955,#1956,#1957,#1958,#1959,#1960,#1961,#1962,
#1963,#1964,#1965,#1966,#1967,#1968,#1969,#1970,#1971,#1972,#1973,#1974,
#1975,#1976,#1977,#1978,#1979,#1980,#1981,#1982,#1983,#1984,#1985,#1986,
#1987,#1988,#1989,#1990,#1991,#1992,#1993,#1994,#1995,#1996,#1997,#1998,
#1999,#2000,#2001,#2002,#2003,#2004,#2005,#2006,#2007,#2008,#2009,#2010,
#2011,#2012,#2013,#2014,#2015,#2016,#2017,#2018,#2019,#2020,#2021,#2022,
#2023,#2024,#2025,#2026,#2027,#2028,#2029,#2030,#2031,#2032,#2033,#2034,
#2035,#2036,#2037,#2038,#2039,#2040,#2041,#2042,#2043,#2044,#2045,#2046,
#2047,#2048,#2049,#2050,#2051,#2052,#2053,#2054,#2055,#2056,#2057,#2058,
#2059,#2060,#2061,#2062,#2063,#2064,#2065,#2066,#2067,#2068,#2069,#2070,
#2071,#2072,#2073,#2074,#2075,#2076,#2077,#2078,#2079,#2080,#2081,#2082,
#2083,#2084,#2085,#2086,#2087,#2088,#2089,#2090,#2091,#2092,#2093,#2094,
#2095,#2096,#2097,#2098,#2099,#2100,#2101,#2102,#2103,#2104,#2105,#2106,
#2107,#2108,#2109,#2110,#2111,#2112,#2113,#2114,#2115,#2116,#2117,#2118,
#2119,#2120,#2121,#2122,#2123,#2124,#2125,#2126,#2127,#2128,#2129,#2130,
#2131,#2132,#2133,#2134,#2135,#2136,#2137,#2138,#2139,#2140,#2141,#2142,
#2143,#2144,#2145,#2146,#2147,#2148,#2149,#2150,#2151,#2152,#2153,#2154,
#2155,#2156,#2157,#2158,#2159,#2160,#2161,#2162,#2163,#2164,#2165,#2166,
#2167,#2168,#2169,#2170,#2171,#2172,#2173,#2174,#2175,#2176,#2177,#2178,
#2179,#2180,#2181,#2182,#2183,#2184,#2185,#2186,#2187,#2188,#2189,#2190,
#2191,#2192,#2193,#2194,#2195,#2196,#2197,#2198,#2199,#2200,#2201,#2202,
#2203,#2204,#2205,#2206,#2207,#2208,#2209,#2210,#2211,#2212,#2213,#2214,
#2215,#2216,#2217,#2218,#2219,#2220,#2221,#2222,#2223,#2224,#2225,#2226,
#2227,#2228,#2229,#2230,#2231,#2232,#2233,#2234,#2235,#2236,#2237,#2238,
#2239,#2240,#2241,#2242,#2243,#2244,#2245,#2246,#2247,#2248,#2249,#2250,
#2251,#2252,#2253,#2254,#2255,#2256,#2257,#2258,#2259,#2260,#2261,#2262,
#2263,#2264,#2265,#2266,#2267,#2268,#2269,#2270,#2271,#2272,#2273,#2274,
#2275,#2276,#2277,#2278,#2279,#2280,#2281,#2282,#2283,#2284,#2285,#2286,
#2287,#2288,#2289,#2290,#2291,#2292,#2293,#2294,#2295,#2296,#2297,#2298,
#2299,#2300,#2301,#2302,#2303,#2304,#2305,#2306,#2307,#2308,#2309,#2310,
#2311,#2312,#2313,#2314,#2315,#2316,#2317,#2318,#2319,#2320,#2321,#2322,
#2323,#2324,#2325,#2326,#2327,#2328,#2329,#2330,#2331,#2332,#2333,#2334,
#2335,#2336,#2337,#2338,#2339,#2340,#2341,#2342,#2343,#2344,#2345,#2346,
#2347,#2348,#2349,#2350,#2351,#2352,#2353,#2354,#2355),(#2356,#2357,#2358,
#2359,#2360,#2361,#2362,#2363,#2364,#2365,#2366,#2367,#2368,#2369,#2370,
#2371,#2372,#2373,#2374,#2375,#2376,#2377,#2378,#2379,#2380,#2381,#2382,
#2383,#2384,#2385,#2386,#2387,#2388,#2389,#2390,#2391,#2392,#2393,#2394,
#2395,#2396,#2397,#2398,#2399,#2400,#2401,#2402,#2403,#2404,#2405,#2406,
#2407,#2408,#2409,#2410,#2411,#2412,#2413,#2414,#2415,#2416,#2417,#2418,
#2419,#2420,#2421,#2422,#2423,#2424,#2425,#2426,#2427,#2428,#2429,#2430,
#2431,#2432,#2433,#2434,#2435,#2436,#2437,#2438,#2439,#2440,#2441,#2442,
#2443,#2444,#2445,#2446,#2447,#2448,#2449,#2450,#2451,#2452,#2453,#2454,
#2455,#2456,#2457,#2458,#2459,#2460,#2461,#2462,#2463,#2464,#2465,#2466,
#2467,#2468,#2469,#2470,#2471,#2472,#2473,#2474,#2475,#2476,#2477,#2478,
#2479,#2480,#2481,#2482,#2483,#2484,#2485,#2486,#2487,#2488,#2489,#2490,
#2491,#2492,#2493,#2494,#2495,#2496,#2497,#2498,#2499,#2500,#2501,#2502,
#2503,#2504,#2505,#2506,#2507,#2508,#2509,#2510,#2511,#2512,#2513,#2514,
#2515,#2516,#2517,#2518,#2519,#2520,#2521,#2522,#2523,#2524,#2525,#2526,
#2527,#2528,#2529,#2530,#2531,#2532,#2533,#2534,#2535,#2536,#2537,#2538,
#2539,#2540,#2541,#2542,#2543,#2544,#2545,#2546,#2547,#2548,#2549,#2550,
#2551,#2552,#2553,#2554,#2555,#2556,#2557,#2558,#2559,#2560,#2561,#2562,
#2563,#2564,#2565,#2566,#2567,#2568,#2569,#2570,#2571,#2572,#2573,#2574,
#2575,#2576,#2577,#2578,#2579,#2580,#2581,#2582,#2583,#2584,#2585,#2586,
#2587,#2588,#2589,#2590,#2591,#2592,#2593,#2594,#2595,#2596,#2597,#2598,
#2599,#2600,#2601,#2602,#2603,#2604,#2605,#2606,#2607,#2608,#2609,#2610,
#2611,#2612,#2613,#2614,#2615,#2616,#2617,#2618,#2619,#2620,#2621,#2622,
#2623,#2624,#2625,#2626,#2627,#2628,#2629,#2630,#2631,#2632,#2633,#2634,
#2635,#2636,#2637,#2638,#2639,#2640,#2641,#2642,#2643,#2644,#2645,#2646,
#2647,#2648,#2649,#2650,#2651,#2652,#2653,#2654,#2655,#2656,#2657,#2658,
#2659,#2660,#2661,#2662,#2663,#2664,#2665,#2666,#2667,#2668,#2669,#2670,
#2671,#2672,#2673,#2674,#2675,#2676,#2677,#2678,#2679,#2680,#2681,#2682,
#2683,#2684,#2685,#2686,#2687,#2688,#2689,#2690,#2691,#2692,#2693,#2694,
#2695,#2696,#2697,#2698,#2699,#2700,#2701,#2702,#2703,#2704,#2705,#2706,
#2707,#2708,#2709,#2710,#2711,#2712,#2713,#2714,#2715,#2716,#2717,#2718,
#2719,#2720,#2721,#2722,#2723,#2724,#2725,#2726,#2727,#2728,#2729,#2730,
#2731,#2732,#2733,#2734,#2735,#2736,#2737,#2738,#2739,#2740,#2741,#2742,
#2743,#2744,#2745,#2746,#2747,#2748,#2749,#2750,#2751,#2752,#2753,#2754,
#2755,#2756,#2757,#2758,#2759,#2760,#2761,#2762,#2763,#2764,#2765,#2766,
#2767,#2768,#2769,#2770,#2771,#2772,#2773,#2774,#2775,#2776,#2777,#2778,
#2779,#2780,#2781,#2782,#2783,#2784,#2785,#2786,#2787,#2788,#2789,#2790,
#2791,#2792,#2793,#2794,#2795,#2796,#2797,#2798,#2799,#2800,#2801,#2802,
#2803,#2804,#2805,#2806,#2807,#2808,#2809,#2810,#2811,#2812,#2813,#2814,
#2815,#2816,#2817,#2818,#2819,#2820,#2821,#2822,#2823,#2824,#2825,#2826,
#2827,#2828,#2829,#2830,#2831,#2832,#2833,#2834,#2835,#2836,#2837,#2838,
#2839,#2840,#2841,#2842,#2843,#2844,#2845,#2846,#2847,#2848,#2849,#2850,
#2851,#2852,#2853,#2854,#2855,#2856,#2857,#2858,#2859,#2860,#2861,#2862,
#2863,#2864,#2865,#2866,#2867,#2868,#2869,#2870,#2871,#2872,#2873,#2874,
#2875,#2876,#2877,#2878,#2879,#2880,#2881,#2882,#2883,#2884,#2885,#2886,
#2887,#2888,#2889,#2890,#2891,#2892,#2893,#2894,#2895,#2896,#2897,#2898,
#2899,#2900,#2901,#2902,#2903,#2904,#2905,#2906,#2907,#2908,#2909,#2910,
#2911,#2912,#2913,#2914,#2915,#2916,#2917,#2918,#2919,#2920,#2921,#2922,
#2923,#2924,#2925,#2926,#2927,#2928,#2929,#2930,#2931,#2932,#2933,#2934,
#2935,#2936,#2937,#2938,#2939,#2940,#2941,#2942,#2943,#2944,#2945,#2946,
#2947,#2948,#2949,#2950,#2951,#2952,#2953,#2954,#2955,#2956,#2957,#2958,
#2959,#2960,#2961,#2962,#2963,#2964,#2965,#2966,#2967,#2968,#2969,#2970,
#2971,#2972,#2973,#2974,#2975,#2976,#2977,#2978,#2979,#2980,#2981,#2982,
#2983,#2984,#2985,#2986,#2987,#2988,#2989,#2990,#2991,#2992,#2993,#2994,
#2995,#2996,#2997,#2998,#2999,#3000,#3001,#3002,#3003,#3004,#3005,#3006,
#3007,#3008,#3009,#3010,#3011,#3012,#3013,#3014,#3015,#3016,#3017,#3018,
#3019,#3020,#3021,#3022,#3023,#3024,#3025,#3026,#3027,#3028,#3029,#3030,
#3031,#3032,#3033,#3034,#3035,#3036,#3037,#3038,#3039,#3040,#3041,#3042,
#3043,#3044,#3045,#3046,#3047,#3048,#3049,#3050,#3051,#3052,#3053,#3054,
#3055,#3056,#3057,#3058,#3059,#3060,#3061,#3062,#3063,#3064,#3065,#3066,
#3067,#3068)),.UNSPECIFIED.,.F.,.F.,.F.)
B_SPLINE_SURFACE_WITH_KNOTS((2,2),(3,2,2,2,2,2,2,2,2,2,2,2,2,2,2,2,2,2,
2,2,2,2,2,2,2,2,2,2,2,2,2,2,2,2,2,2,2,2,2,2,2,2,2,2,2,2,2,2,2,2,2,2,2,2,
2,2,2,2,2,2,2,2,2,2,2,2,2,2,2,2,2,2,2,2,2,2,2,2,2,2,2,2,2,2,2,2,2,2,2,2,
2,2,2,2,2,2,2,2,2,2,2,2,2,2,2,2,2,2,2,2,2,2,2,2,2,2,2,2,2,2,2,2,2,2,2,2,
2,2,2,2,2,2,2,2,2,2,2,2,2,2,2,2,2,2,2,2,2,2,2,2,2,2,2,2,2,2,2,2,2,2,2,2,
2,2,2,2,2,2,2,2,2,2,2,2,2,2,2,2,2,2,2,2,2,2,2,2,2,2,2,2,2,2,2,2,2,2,2,2,
2,2,2,2,2,2,2,2,2,2,2,2,2,2,2,2,2,2,2,2,2,2,2,2,2,2,2,2,2,2,2,2,2,2,2,2,
2,2,2,2,2,2,2,2,2,2,2,2,2,2,2,2,2,2,2,2,2,2,2,2,2,2,2,2,2,2,2,2,2,2,2,2,
2,2,2,2,2,2,2,2,2,2,2,2,2,2,2,2,2,2,2,2,2,2,2,2,2,2,2,2,2,2,2,2,2,2,2,2,
2,2,2,2,2,2,2,2,2,2,2,2,2,2,2,2,2,2,2,2,2,2,2,2,2,2,2,2,2,2,2,2,2,2,2,2,
2,2,2,2,2,2,2,2,2,2,2,2,2,2,3),(0.,1.),(0.,0.00277777777777778,0.00555555555555556,
0.00833333333333333,0.0111111111111111,0.0138888888888889,0.0166666666666666,
0.0194444444444444,0.0222222222222222,0.025,0.0277777777777778,0.0305555555555556,
0.0333333333333333,0.0361111111111111,0.0388888888888889,0.0416666666666667,
0.0444444444444444,0.0472222222222222,0.05,0.0527777777777778,0.0555555555555556,
0.0583333333333333,0.0611111111111111,0.0638888888888889,0.0666666666666667,
0.0694444444444445,0.0722222222222222,0.075,0.0777777777777778,0.0805555555555556,
0.0833333333333333,0.0861111111111111,0.0888888888888889,0.0916666666666667,
0.0944444444444444,0.0972222222222222,0.1,0.102777777777778,0.105555555555556,
0.108333333333333,0.111111111111111,0.113888888888889,0.116666666666667,
0.119444444444444,0.122222222222222,0.125,0.127777777777778,0.130555555555556,
0.133333333333333,0.136111111111111,0.138888888888889,0.141666666666667,
0.144444444444444,0.147222222222222,0.15,0.152777777777778,0.155555555555556,
0.158333333333333,0.161111111111111,0.163888888888889,0.166666666666667,
0.169444444444445,0.172222222222222,0.175,0.177777777777778,0.180555555555555,
0.183333333333334,0.186111111111111,0.188888888888889,0.191666666666667,
0.194444444444445,0.197222222222222,0.2,0.202777777777778,0.205555555555555,
0.208333333333334,0.211111111111111,0.213888888888889,0.216666666666667,
0.219444444444444,0.222222222222222,0.225,0.227777777777778,0.230555555555555,
0.233333333333334,0.236111111111111,0.238888888888889,0.241666666666667,
0.244444444444445,0.247222222222222,0.25,0.252777777777778,0.255555555555555,
0.258333333333334,0.261111111111111,0.263888888888889,0.266666666666666,
0.269444444444444,0.272222222222222,0.275,0.277777777777778,0.280555555555556,
0.283333333333334,0.286111111111111,0.288888888888889,0.291666666666667,
0.294444444444445,0.297222222222222,0.3,0.302777777777778,0.305555555555555,
0.308333333333334,0.311111111111111,0.313888888888889,0.316666666666666,
0.319444444444444,0.322222222222223,0.325,0.327777777777778,0.330555555555555,
0.333333333333334,0.336111111111111,0.338888888888889,0.341666666666667,
0.344444444444444,0.347222222222222,0.35,0.352777777777778,0.355555555555556,
0.358333333333334,0.361111111111111,0.363888888888889,0.366666666666666,
0.369444444444444,0.372222222222223,0.375,0.377777777777778,0.380555555555555,
0.383333333333334,0.386111111111111,0.388888888888889,0.391666666666666,
0.394444444444444,0.397222222222222,0.4,0.402777777777778,0.405555555555556,
0.408333333333334,0.411111111111111,0.413888888888889,0.416666666666667,
0.419444444444445,0.422222222222222,0.425,0.427777777777778,0.430555555555555,
0.433333333333334,0.436111111111111,0.438888888888889,0.441666666666666,
0.444444444444444,0.447222222222223,0.45,0.452777777777778,0.455555555555556,
0.458333333333333,0.461111111111111,0.463888888888889,0.466666666666667,
0.469444444444444,0.472222222222222,0.475,0.477777777777778,0.480555555555556,
0.483333333333333,0.486111111111111,0.488888888888889,0.491666666666667,
0.494444444444445,0.497222222222222,0.5,0.502777777777778,0.505555555555556,
0.508333333333333,0.511111111111111,0.513888888888889,0.516666666666667,
0.519444444444445,0.522222222222222,0.525,0.527777777777778,0.530555555555556,
0.533333333333333,0.536111111111111,0.538888888888889,0.541666666666667,
0.544444444444444,0.547222222222222,0.55,0.552777777777778,0.555555555555556,
0.558333333333333,0.561111111111111,0.563888888888889,0.566666666666667,
0.569444444444444,0.572222222222222,0.575,0.577777777777778,0.580555555555556,
0.583333333333333,0.586111111111111,0.588888888888889,0.591666666666667,
0.594444444444444,0.597222222222222,0.6,0.602777777777778,0.605555555555556,
0.608333333333333,0.611111111111111,0.613888888888889,0.616666666666667,
0.619444444444445,0.622222222222222,0.625,0.627777777777778,0.630555555555556,
0.633333333333333,0.636111111111111,0.638888888888889,0.641666666666667,
0.644444444444445,0.647222222222222,0.65,0.652777777777778,0.655555555555556,
0.658333333333333,0.661111111111111,0.663888888888889,0.666666666666667,
0.669444444444444,0.672222222222222,0.675,0.677777777777778,0.680555555555556,
0.683333333333333,0.686111111111111,0.688888888888889,0.691666666666667,
0.694444444444444,0.697222222222222,0.7,0.702777777777778,0.705555555555556,
0.708333333333333,0.711111111111111,0.713888888888889,0.716666666666667,
0.719444444444444,0.722222222222222,0.725,0.727777777777778,0.730555555555556,
0.733333333333333,0.736111111111111,0.738888888888889,0.741666666666667,
0.744444444444445,0.747222222222222,0.75,0.752777777777778,0.755555555555556,
0.758333333333333,0.761111111111111,0.763888888888889,0.766666666666667,
0.769444444444445,0.772222222222222,0.775,0.777777777777778,0.780555555555556,
0.783333333333333,0.786111111111111,0.788888888888889,0.791666666666667,
0.794444444444444,0.797222222222222,0.8,0.802777777777778,0.805555555555556,
0.808333333333333,0.811111111111111,0.813888888888889,0.816666666666667,
0.819444444444444,0.822222222222222,0.825,0.827777777777778,0.830555555555556,
0.833333333333333,0.836111111111111,0.838888888888889,0.841666666666667,
0.844444444444444,0.847222222222222,0.85,0.852777777777778,0.855555555555556,
0.858333333333333,0.861111111111111,0.863888888888889,0.866666666666667,
0.869444444444445,0.872222222222222,0.875,0.877777777777778,0.880555555555556,
0.883333333333333,0.886111111111111,0.888888888888889,0.891666666666667,
0.894444444444445,0.897222222222222,0.9,0.902777777777778,0.905555555555556,
0.908333333333333,0.911111111111111,0.913888888888889,0.916666666666667,
0.919444444444444,0.922222222222222,0.925,0.927777777777778,0.930555555555556,
0.933333333333333,0.936111111111111,0.938888888888889,0.941666666666667,
0.944444444444444,0.947222222222222,0.95,0.952777777777778,0.955555555555556,
0.958333333333333,0.961111111111111,0.963888888888889,0.966666666666667,
0.969444444444444,0.972222222222222,0.975,0.977777777777778,0.980555555555556,
0.983333333333333,0.986111111111111,0.987328983765431),
 .PIECEWISE_BEZIER_KNOTS.)
GEOMETRIC_REPRESENTATION_ITEM()
RATIONAL_B_SPLINE_SURFACE(((1.,0.866025403784439,1.,0.866025403784439,1.,
0.866025403784439,1.,0.866025403784439,1.,0.866025403784439,1.,0.866025403784439,
1.,0.866025403784439,1.,0.866025403784439,1.,0.866025403784439,1.,0.866025403784439,
1.,0.866025403784439,1.,0.866025403784439,1.,0.866025403784439,1.,0.866025403784439,
1.,0.866025403784439,1.,0.866025403784439,1.,0.866025403784439,1.,0.866025403784439,
1.,0.866025403784439,1.,0.866025403784439,1.,0.866025403784439,1.,0.866025403784439,
1.,0.866025403784439,1.,0.866025403784439,1.,0.866025403784439,1.,0.866025403784439,
1.,0.866025403784439,1.,0.866025403784439,1.,0.866025403784439,1.,0.866025403784439,
1.,0.866025403784439,1.,0.866025403784439,1.,0.866025403784439,1.,0.866025403784439,
1.,0.866025403784439,1.,0.866025403784439,1.,0.866025403784439,1.,0.866025403784439,
1.,0.866025403784439,1.,0.866025403784439,1.,0.866025403784439,1.,0.866025403784439,
1.,0.866025403784439,1.,0.866025403784439,1.,0.866025403784439,1.,0.866025403784439,
1.,0.866025403784439,1.,0.866025403784439,1.,0.866025403784439,1.,0.866025403784439,
1.,0.866025403784439,1.,0.866025403784439,1.,0.866025403784439,1.,0.866025403784439,
1.,0.866025403784439,1.,0.866025403784439,1.,0.866025403784439,1.,0.866025403784439,
1.,0.866025403784439,1.,0.866025403784439,1.,0.866025403784439,1.,0.866025403784439,
1.,0.866025403784439,1.,0.866025403784439,1.,0.866025403784439,1.,0.866025403784439,
1.,0.866025403784439,1.,0.866025403784439,1.,0.866025403784439,1.,0.866025403784439,
1.,0.866025403784439,1.,0.866025403784439,1.,0.866025403784439,1.,0.866025403784439,
1.,0.866025403784439,1.,0.866025403784439,1.,0.866025403784439,1.,0.866025403784439,
1.,0.866025403784439,1.,0.866025403784439,1.,0.866025403784439,1.,0.866025403784439,
1.,0.866025403784439,1.,0.866025403784439,1.,0.866025403784439,1.,0.866025403784439,
1.,0.866025403784439,1.,0.866025403784439,1.,0.866025403784439,1.,0.866025403784439,
1.,0.866025403784439,1.,0.866025403784439,1.,0.866025403784439,1.,0.866025403784439,
1.,0.866025403784439,1.,0.866025403784439,1.,0.866025403784439,1.,0.866025403784439,
1.,0.866025403784439,1.,0.866025403784439,1.,0.866025403784439,1.,0.866025403784439,
1.,0.866025403784439,1.,0.866025403784439,1.,0.866025403784439,1.,0.866025403784439,
1.,0.866025403784439,1.,0.866025403784439,1.,0.866025403784439,1.,0.866025403784439,
1.,0.866025403784439,1.,0.866025403784439,1.,0.866025403784439,1.,0.866025403784439,
1.,0.866025403784439,1.,0.866025403784439,1.,0.866025403784439,1.,0.866025403784439,
1.,0.866025403784439,1.,0.866025403784439,1.,0.866025403784439,1.,0.866025403784439,
1.,0.866025403784439,1.,0.866025403784439,1.,0.866025403784439,1.,0.866025403784439,
1.,0.866025403784439,1.,0.866025403784439,1.,0.866025403784439,1.,0.866025403784439,
1.,0.866025403784439,1.,0.866025403784439,1.,0.866025403784439,1.,0.866025403784439,
1.,0.866025403784439,1.,0.866025403784439,1.,0.866025403784439,1.,0.866025403784439,
1.,0.866025403784439,1.,0.866025403784439,1.,0.866025403784439,1.,0.866025403784439,
1.,0.866025403784439,1.,0.866025403784439,1.,0.866025403784439,1.,0.866025403784439,
1.,0.866025403784439,1.,0.866025403784439,1.,0.866025403784439,1.,0.866025403784439,
1.,0.866025403784439,1.,0.866025403784439,1.,0.866025403784439,1.,0.866025403784439,
1.,0.866025403784439,1.,0.866025403784439,1.,0.866025403784439,1.,0.866025403784439,
1.,0.866025403784439,1.,0.866025403784439,1.,0.866025403784439,1.,0.866025403784439,
1.,0.866025403784439,1.,0.866025403784439,1.,0.866025403784439,1.,0.866025403784439,
1.,0.866025403784439,1.,0.866025403784439,1.,0.866025403784439,1.,0.866025403784439,
1.,0.866025403784439,1.,0.866025403784439,1.,0.866025403784439,1.,0.866025403784439,
1.,0.866025403784439,1.,0.866025403784439,1.,0.866025403784439,1.,0.866025403784439,
1.,0.866025403784439,1.,0.866025403784439,1.,0.866025403784439,1.,0.866025403784439,
1.,0.866025403784439,1.,0.866025403784439,1.,0.866025403784439,1.,0.866025403784439,
1.,0.866025403784439,1.,0.866025403784439,1.,0.866025403784439,1.,0.866025403784439,
1.,0.866025403784439,1.,0.866025403784439,1.,0.866025403784439,1.,0.866025403784439,
1.,0.866025403784439,1.,0.866025403784439,1.,0.866025403784439,1.,0.866025403784439,
1.,0.866025403784439,1.,0.866025403784439,1.,0.866025403784439,1.,0.866025403784439,
1.,0.866025403784439,1.,0.866025403784439,1.,0.866025403784439,1.,0.866025403784439,
1.,0.866025403784439,1.,0.866025403784439,1.,0.866025403784439,1.,0.866025403784439,
1.,0.866025403784439,1.,0.866025403784439,1.,0.866025403784439,1.,0.866025403784439,
1.,0.866025403784439,1.,0.866025403784439,1.,0.866025403784439,1.,0.866025403784439,
1.,0.866025403784439,1.,0.866025403784439,1.,0.866025403784439,1.,0.866025403784439,
1.,0.866025403784439,1.,0.866025403784439,1.,0.866025403784439,1.,0.866025403784439,
1.,0.866025403784439,1.,0.866025403784439,1.,0.866025403784439,1.,0.866025403784439,
1.,0.866025403784439,1.,0.866025403784439,1.,0.866025403784439,1.,0.866025403784439,
1.,0.866025403784439,1.,0.866025403784439,1.,0.866025403784439,1.,0.866025403784439,
1.,0.866025403784439,1.,0.866025403784439,1.,0.866025403784439,1.,0.866025403784439,
1.,0.866025403784439,1.,0.866025403784439,1.,0.866025403784439,1.,0.866025403784439,
1.,0.866025403784439,1.,0.866025403784439,1.,0.866025403784439,1.,0.866025403784439,
1.,0.866025403784439,1.,0.866025403784439,1.,0.866025403784439,1.,0.866025403784439,
1.,0.866025403784439,1.,0.866025403784439,1.,0.866025403784439,1.,0.866025403784439,
1.,0.866025403784439,1.,0.866025403784439,1.,0.866025403784439,1.,0.866025403784439,
1.,0.866025403784439,1.,0.866025403784439,1.,0.866025403784439,1.,0.866025403784439,
1.,0.866025403784439,1.,0.866025403784439,1.,0.866025403784439,1.,0.866025403784439,
1.,0.866025403784439,1.,0.866025403784439,1.,0.866025403784439,1.,0.866025403784439,
1.,0.866025403784439,1.,0.866025403784439,1.,0.866025403784439,1.,0.866025403784439,
1.,0.866025403784439,1.,0.866025403784439,1.,0.866025403784439,1.,0.866025403784439,
1.,0.866025403784439,1.,0.866025403784439,1.,0.866025403784439,1.,0.866025403784439,
1.,0.866025403784439,1.,0.866025403784439,1.,0.866025403784439,1.,0.866025403784439,
1.,0.866025403784439,1.,0.866025403784439,1.,0.866025403784439,1.,0.866025403784439,
1.,0.866025403784439,1.,0.866025403784439,1.,0.866025403784439,1.,0.866025403784439,
1.,0.866025403784439,1.,0.866025403784439,1.,0.866025403784439,1.,0.866025403784439,
1.,0.866025403784439,1.,0.866025403784439,1.,0.866025403784439,1.,0.866025403784439,
1.,0.866025403784439,1.,0.866025403784439,1.,0.866025403784439,1.,0.866025403784439,
1.,0.866025403784439,1.,0.866025403784439,1.,0.866025403784439,1.,0.866025403784439,
1.,0.866025403784439,1.,0.866025403784439,1.,0.866025403784439,1.,0.866025403784439,
1.,0.866025403784439,1.,0.866025403784439,1.,0.866025403784439,1.,0.866025403784439,
1.,0.866025403784439,1.,0.866025403784439,1.,0.866025403784439,1.,0.866025403784439,
1.,0.866025403784439,1.,0.866025403784439,1.,0.866025403784439,1.,0.866025403784439,
1.,0.866025403784439,1.,0.866025403784439,1.,0.866025403784439,1.,0.866025403784439,
1.,0.866025403784439,1.,0.866025403784439,1.,0.866025403784439,1.,0.866025403784439,
1.,0.866025403784439,1.,0.866025403784439,1.,0.866025403784439,1.,0.866025403784439,
1.,0.866025403784439,1.,0.866025403784439,1.,0.866025403784439,1.,0.866025403784439,
1.,0.866025403784439,1.,0.866025403784439,1.,0.866025403784439,1.,0.866025403784439,
1.,0.866025403784439,1.,0.866025403784439,1.,0.866025403784439,1.,0.866025403784439,
1.,0.866025403784439,1.,0.941260961042397,0.934028323971782),(1.,0.866025403784439,
1.,0.866025403784439,1.,0.866025403784439,1.,0.866025403784439,1.,0.866025403784439,
1.,0.866025403784439,1.,0.866025403784439,1.,0.866025403784439,1.,0.866025403784439,
1.,0.866025403784439,1.,0.866025403784439,1.,0.866025403784439,1.,0.866025403784439,
1.,0.866025403784439,1.,0.866025403784439,1.,0.866025403784439,1.,0.866025403784439,
1.,0.866025403784439,1.,0.866025403784439,1.,0.866025403784439,1.,0.866025403784439,
1.,0.866025403784439,1.,0.866025403784439,1.,0.866025403784439,1.,0.866025403784439,
1.,0.866025403784439,1.,0.866025403784439,1.,0.866025403784439,1.,0.866025403784439,
1.,0.866025403784439,1.,0.866025403784439,1.,0.866025403784439,1.,0.866025403784439,
1.,0.866025403784439,1.,0.866025403784439,1.,0.866025403784439,1.,0.866025403784439,
1.,0.866025403784439,1.,0.866025403784439,1.,0.866025403784439,1.,0.866025403784439,
1.,0.866025403784439,1.,0.866025403784439,1.,0.866025403784439,1.,0.866025403784439,
1.,0.866025403784439,1.,0.866025403784439,1.,0.866025403784439,1.,0.866025403784439,
1.,0.866025403784439,1.,0.866025403784439,1.,0.866025403784439,1.,0.866025403784439,
1.,0.866025403784439,1.,0.866025403784439,1.,0.866025403784439,1.,0.866025403784439,
1.,0.866025403784439,1.,0.866025403784439,1.,0.866025403784439,1.,0.866025403784439,
1.,0.866025403784439,1.,0.866025403784439,1.,0.866025403784439,1.,0.866025403784439,
1.,0.866025403784439,1.,0.866025403784439,1.,0.866025403784439,1.,0.866025403784439,
1.,0.866025403784439,1.,0.866025403784439,1.,0.866025403784439,1.,0.866025403784439,
1.,0.866025403784439,1.,0.866025403784439,1.,0.866025403784439,1.,0.866025403784439,
1.,0.866025403784439,1.,0.866025403784439,1.,0.866025403784439,1.,0.866025403784439,
1.,0.866025403784439,1.,0.866025403784439,1.,0.866025403784439,1.,0.866025403784439,
1.,0.866025403784439,1.,0.866025403784439,1.,0.866025403784439,1.,0.866025403784439,
1.,0.866025403784439,1.,0.866025403784439,1.,0.866025403784439,1.,0.866025403784439,
1.,0.866025403784439,1.,0.866025403784439,1.,0.866025403784439,1.,0.866025403784439,
1.,0.866025403784439,1.,0.866025403784439,1.,0.866025403784439,1.,0.866025403784439,
1.,0.866025403784439,1.,0.866025403784439,1.,0.866025403784439,1.,0.866025403784439,
1.,0.866025403784439,1.,0.866025403784439,1.,0.866025403784439,1.,0.866025403784439,
1.,0.866025403784439,1.,0.866025403784439,1.,0.866025403784439,1.,0.866025403784439,
1.,0.866025403784439,1.,0.866025403784439,1.,0.866025403784439,1.,0.866025403784439,
1.,0.866025403784439,1.,0.866025403784439,1.,0.866025403784439,1.,0.866025403784439,
1.,0.866025403784439,1.,0.866025403784439,1.,0.866025403784439,1.,0.866025403784439,
1.,0.866025403784439,1.,0.866025403784439,1.,0.866025403784439,1.,0.866025403784439,
1.,0.866025403784439,1.,0.866025403784439,1.,0.866025403784439,1.,0.866025403784439,
1.,0.866025403784439,1.,0.866025403784439,1.,0.866025403784439,1.,0.866025403784439,
1.,0.866025403784439,1.,0.866025403784439,1.,0.866025403784439,1.,0.866025403784439,
1.,0.866025403784439,1.,0.866025403784439,1.,0.866025403784439,1.,0.866025403784439,
1.,0.866025403784439,1.,0.866025403784439,1.,0.866025403784439,1.,0.866025403784439,
1.,0.866025403784439,1.,0.866025403784439,1.,0.866025403784439,1.,0.866025403784439,
1.,0.866025403784439,1.,0.866025403784439,1.,0.866025403784439,1.,0.866025403784439,
1.,0.866025403784439,1.,0.866025403784439,1.,0.866025403784439,1.,0.866025403784439,
1.,0.866025403784439,1.,0.866025403784439,1.,0.866025403784439,1.,0.866025403784439,
1.,0.866025403784439,1.,0.866025403784439,1.,0.866025403784439,1.,0.866025403784439,
1.,0.866025403784439,1.,0.866025403784439,1.,0.866025403784439,1.,0.866025403784439,
1.,0.866025403784439,1.,0.866025403784439,1.,0.866025403784439,1.,0.866025403784439,
1.,0.866025403784439,1.,0.866025403784439,1.,0.866025403784439,1.,0.866025403784439,
1.,0.866025403784439,1.,0.866025403784439,1.,0.866025403784439,1.,0.866025403784439,
1.,0.866025403784439,1.,0.866025403784439,1.,0.866025403784439,1.,0.866025403784439,
1.,0.866025403784439,1.,0.866025403784439,1.,0.866025403784439,1.,0.866025403784439,
1.,0.866025403784439,1.,0.866025403784439,1.,0.866025403784439,1.,0.866025403784439,
1.,0.866025403784439,1.,0.866025403784439,1.,0.866025403784439,1.,0.866025403784439,
1.,0.866025403784439,1.,0.866025403784439,1.,0.866025403784439,1.,0.866025403784439,
1.,0.866025403784439,1.,0.866025403784439,1.,0.866025403784439,1.,0.866025403784439,
1.,0.866025403784439,1.,0.866025403784439,1.,0.866025403784439,1.,0.866025403784439,
1.,0.866025403784439,1.,0.866025403784439,1.,0.866025403784439,1.,0.866025403784439,
1.,0.866025403784439,1.,0.866025403784439,1.,0.866025403784439,1.,0.866025403784439,
1.,0.866025403784439,1.,0.866025403784439,1.,0.866025403784439,1.,0.866025403784439,
1.,0.866025403784439,1.,0.866025403784439,1.,0.866025403784439,1.,0.866025403784439,
1.,0.866025403784439,1.,0.866025403784439,1.,0.866025403784439,1.,0.866025403784439,
1.,0.866025403784439,1.,0.866025403784439,1.,0.866025403784439,1.,0.866025403784439,
1.,0.866025403784439,1.,0.866025403784439,1.,0.866025403784439,1.,0.866025403784439,
1.,0.866025403784439,1.,0.866025403784439,1.,0.866025403784439,1.,0.866025403784439,
1.,0.866025403784439,1.,0.866025403784439,1.,0.866025403784439,1.,0.866025403784439,
1.,0.866025403784439,1.,0.866025403784439,1.,0.866025403784439,1.,0.866025403784439,
1.,0.866025403784439,1.,0.866025403784439,1.,0.866025403784439,1.,0.866025403784439,
1.,0.866025403784439,1.,0.866025403784439,1.,0.866025403784439,1.,0.866025403784439,
1.,0.866025403784439,1.,0.866025403784439,1.,0.866025403784439,1.,0.866025403784439,
1.,0.866025403784439,1.,0.866025403784439,1.,0.866025403784439,1.,0.866025403784439,
1.,0.866025403784439,1.,0.866025403784439,1.,0.866025403784439,1.,0.866025403784439,
1.,0.866025403784439,1.,0.866025403784439,1.,0.866025403784439,1.,0.866025403784439,
1.,0.866025403784439,1.,0.866025403784439,1.,0.866025403784439,1.,0.866025403784439,
1.,0.866025403784439,1.,0.866025403784439,1.,0.866025403784439,1.,0.866025403784439,
1.,0.866025403784439,1.,0.866025403784439,1.,0.866025403784439,1.,0.866025403784439,
1.,0.866025403784439,1.,0.866025403784439,1.,0.866025403784439,1.,0.866025403784439,
1.,0.866025403784439,1.,0.866025403784439,1.,0.866025403784439,1.,0.866025403784439,
1.,0.866025403784439,1.,0.866025403784439,1.,0.866025403784439,1.,0.866025403784439,
1.,0.866025403784439,1.,0.866025403784439,1.,0.866025403784439,1.,0.866025403784439,
1.,0.866025403784439,1.,0.866025403784439,1.,0.866025403784439,1.,0.866025403784439,
1.,0.866025403784439,1.,0.866025403784439,1.,0.866025403784439,1.,0.866025403784439,
1.,0.866025403784439,1.,0.866025403784439,1.,0.866025403784439,1.,0.866025403784439,
1.,0.866025403784439,1.,0.866025403784439,1.,0.866025403784439,1.,0.866025403784439,
1.,0.866025403784439,1.,0.866025403784439,1.,0.866025403784439,1.,0.866025403784439,
1.,0.866025403784439,1.,0.866025403784439,1.,0.866025403784439,1.,0.866025403784439,
1.,0.866025403784439,1.,0.866025403784439,1.,0.866025403784439,1.,0.866025403784439,
1.,0.866025403784439,1.,0.866025403784439,1.,0.866025403784439,1.,0.866025403784439,
1.,0.866025403784439,1.,0.866025403784439,1.,0.866025403784439,1.,0.866025403784439,
1.,0.866025403784439,1.,0.866025403784439,1.,0.866025403784439,1.,0.866025403784439,
1.,0.866025403784439,1.,0.866025403784439,1.,0.866025403784439,1.,0.866025403784439,
1.,0.866025403784439,1.,0.866025403784439,1.,0.866025403784439,1.,0.866025403784439,
1.,0.866025403784439,1.,0.866025403784439,1.,0.941260961042397,0.934028323971782)))
REPRESENTATION_ITEM('')
SURFACE()
);
#13=(
BOUNDED_SURFACE()
B_SPLINE_SURFACE(1,2,((#4512,#4513,#4514,#4515,#4516,#4517,#4518,#4519,
#4520,#4521,#4522,#4523,#4524,#4525,#4526,#4527,#4528,#4529,#4530,#4531,
#4532,#4533,#4534,#4535,#4536,#4537,#4538,#4539,#4540,#4541,#4542,#4543,
#4544,#4545,#4546,#4547,#4548,#4549,#4550,#4551,#4552,#4553,#4554,#4555,
#4556,#4557,#4558,#4559,#4560,#4561,#4562,#4563,#4564,#4565,#4566,#4567,
#4568,#4569,#4570,#4571,#4572,#4573,#4574,#4575,#4576,#4577,#4578,#4579,
#4580,#4581,#4582,#4583,#4584,#4585,#4586,#4587,#4588,#4589,#4590,#4591,
#4592,#4593,#4594,#4595,#4596,#4597,#4598,#4599,#4600,#4601,#4602,#4603,
#4604,#4605,#4606,#4607,#4608,#4609,#4610,#4611,#4612,#4613,#4614,#4615,
#4616,#4617,#4618,#4619,#4620,#4621,#4622,#4623,#4624,#4625,#4626,#4627,
#4628,#4629,#4630,#4631,#4632,#4633,#4634,#4635,#4636,#4637,#4638,#4639,
#4640,#4641,#4642,#4643,#4644,#4645,#4646,#4647,#4648,#4649,#4650,#4651,
#4652,#4653,#4654,#4655,#4656,#4657,#4658,#4659,#4660,#4661,#4662,#4663,
#4664,#4665,#4666,#4667,#4668,#4669,#4670,#4671,#4672,#4673,#4674,#4675,
#4676,#4677,#4678,#4679,#4680,#4681,#4682,#4683,#4684,#4685,#4686,#4687,
#4688,#4689,#4690,#4691,#4692,#4693,#4694,#4695,#4696,#4697,#4698,#4699,
#4700,#4701,#4702,#4703,#4704,#4705,#4706,#4707,#4708,#4709,#4710,#4711,
#4712,#4713,#4714,#4715,#4716,#4717,#4718,#4719,#4720,#4721,#4722,#4723,
#4724,#4725,#4726,#4727,#4728,#4729,#4730,#4731,#4732,#4733,#4734,#4735,
#4736,#4737,#4738,#4739,#4740,#4741,#4742,#4743,#4744,#4745,#4746,#4747,
#4748,#4749,#4750,#4751,#4752,#4753,#4754,#4755,#4756,#4757,#4758,#4759,
#4760,#4761,#4762,#4763,#4764,#4765,#4766,#4767,#4768,#4769,#4770,#4771,
#4772,#4773,#4774,#4775,#4776,#4777,#4778,#4779,#4780,#4781,#4782,#4783,
#4784,#4785,#4786,#4787,#4788,#4789,#4790,#4791,#4792,#4793,#4794,#4795,
#4796,#4797,#4798,#4799,#4800,#4801,#4802,#4803,#4804,#4805,#4806,#4807,
#4808,#4809,#4810,#4811,#4812,#4813,#4814,#4815,#4816,#4817,#4818,#4819,
#4820,#4821,#4822,#4823,#4824,#4825,#4826,#4827,#4828,#4829,#4830,#4831,
#4832,#4833,#4834,#4835,#4836,#4837,#4838,#4839,#4840,#4841,#4842,#4843,
#4844,#4845,#4846,#4847,#4848,#4849,#4850,#4851,#4852,#4853,#4854,#4855,
#4856,#4857,#4858,#4859,#4860,#4861,#4862,#4863,#4864,#4865,#4866,#4867,
#4868,#4869,#4870,#4871,#4872,#4873,#4874,#4875,#4876,#4877,#4878,#4879,
#4880,#4881,#4882,#4883,#4884,#4885,#4886,#4887,#4888,#4889,#4890,#4891,
#4892,#4893,#4894,#4895,#4896,#4897,#4898,#4899,#4900,#4901,#4902,#4903,
#4904,#4905,#4906,#4907,#4908,#4909,#4910,#4911,#4912,#4913,#4914,#4915,
#4916,#4917,#4918,#4919,#4920,#4921,#4922,#4923,#4924,#4925,#4926,#4927,
#4928,#4929,#4930,#4931,#4932,#4933,#4934,#4935,#4936,#4937,#4938,#4939,
#4940,#4941,#4942,#4943,#4944,#4945,#4946,#4947,#4948,#4949,#4950,#4951,
#4952,#4953,#4954,#4955,#4956,#4957,#4958,#4959,#4960,#4961,#4962,#4963,
#4964,#4965,#4966,#4967,#4968,#4969,#4970,#4971,#4972,#4973,#4974,#4975,
#4976,#4977,#4978,#4979,#4980,#4981,#4982,#4983,#4984,#4985,#4986,#4987,
#4988,#4989,#4990,#4991,#4992,#4993,#4994,#4995,#4996,#4997,#4998,#4999,
#5000,#5001,#5002,#5003,#5004,#5005,#5006,#5007,#5008,#5009,#5010,#5011,
#5012,#5013,#5014,#5015,#5016,#5017,#5018,#5019,#5020,#5021,#5022,#5023,
#5024,#5025,#5026,#5027,#5028,#5029,#5030,#5031,#5032,#5033,#5034,#5035,
#5036,#5037,#5038,#5039,#5040,#5041,#5042,#5043,#5044,#5045,#5046,#5047,
#5048,#5049,#5050,#5051,#5052,#5053,#5054,#5055,#5056,#5057,#5058,#5059,
#5060,#5061,#5062,#5063,#5064,#5065,#5066,#5067,#5068,#5069,#5070,#5071,
#5072,#5073,#5074,#5075,#5076,#5077,#5078,#5079,#5080,#5081,#5082,#5083,
#5084,#5085,#5086,#5087,#5088,#5089,#5090,#5091,#5092,#5093,#5094,#5095,
#5096,#5097,#5098,#5099,#5100,#5101,#5102,#5103,#5104,#5105,#5106,#5107,
#5108,#5109,#5110,#5111,#5112,#5113,#5114,#5115,#5116,#5117,#5118,#5119,
#5120,#5121,#5122,#5123,#5124,#5125,#5126,#5127,#5128,#5129,#5130,#5131,
#5132,#5133,#5134,#5135,#5136,#5137,#5138,#5139,#5140,#5141,#5142,#5143,
#5144,#5145,#5146,#5147,#5148,#5149,#5150,#5151,#5152,#5153,#5154,#5155,
#5156,#5157,#5158,#5159,#5160,#5161,#5162,#5163,#5164,#5165,#5166,#5167,
#5168,#5169,#5170,#5171,#5172,#5173,#5174,#5175,#5176,#5177,#5178,#5179,
#5180,#5181,#5182,#5183,#5184,#5185,#5186,#5187,#5188,#5189,#5190,#5191,
#5192,#5193,#5194,#5195,#5196,#5197,#5198,#5199,#5200,#5201,#5202,#5203,
#5204,#5205,#5206,#5207,#5208,#5209,#5210,#5211,#5212,#5213,#5214,#5215,
#5216,#5217,#5218,#5219,#5220,#5221,#5222,#5223,#5224,#5225,#5226,#5227,
#5228),(#5229,#5230,#5231,#5232,#5233,#5234,#5235,#5236,#5237,#5238,#5239,
#5240,#5241,#5242,#5243,#5244,#5245,#5246,#5247,#5248,#5249,#5250,#5251,
#5252,#5253,#5254,#5255,#5256,#5257,#5258,#5259,#5260,#5261,#5262,#5263,
#5264,#5265,#5266,#5267,#5268,#5269,#5270,#5271,#5272,#5273,#5274,#5275,
#5276,#5277,#5278,#5279,#5280,#5281,#5282,#5283,#5284,#5285,#5286,#5287,
#5288,#5289,#5290,#5291,#5292,#5293,#5294,#5295,#5296,#5297,#5298,#5299,
#5300,#5301,#5302,#5303,#5304,#5305,#5306,#5307,#5308,#5309,#5310,#5311,
#5312,#5313,#5314,#5315,#5316,#5317,#5318,#5319,#5320,#5321,#5322,#5323,
#5324,#5325,#5326,#5327,#5328,#5329,#5330,#5331,#5332,#5333,#5334,#5335,
#5336,#5337,#5338,#5339,#5340,#5341,#5342,#5343,#5344,#5345,#5346,#5347,
#5348,#5349,#5350,#5351,#5352,#5353,#5354,#5355,#5356,#5357,#5358,#5359,
#5360,#5361,#5362,#5363,#5364,#5365,#5366,#5367,#5368,#5369,#5370,#5371,
#5372,#5373,#5374,#5375,#5376,#5377,#5378,#5379,#5380,#5381,#5382,#5383,
#5384,#5385,#5386,#5387,#5388,#5389,#5390,#5391,#5392,#5393,#5394,#5395,
#5396,#5397,#5398,#5399,#5400,#5401,#5402,#5403,#5404,#5405,#5406,#5407,
#5408,#5409,#5410,#5411,#5412,#5413,#5414,#5415,#5416,#5417,#5418,#5419,
#5420,#5421,#5422,#5423,#5424,#5425,#5426,#5427,#5428,#5429,#5430,#5431,
#5432,#5433,#5434,#5435,#5436,#5437,#5438,#5439,#5440,#5441,#5442,#5443,
#5444,#5445,#5446,#5447,#5448,#5449,#5450,#5451,#5452,#5453,#5454,#5455,
#5456,#5457,#5458,#5459,#5460,#5461,#5462,#5463,#5464,#5465,#5466,#5467,
#5468,#5469,#5470,#5471,#5472,#5473,#5474,#5475,#5476,#5477,#5478,#5479,
#5480,#5481,#5482,#5483,#5484,#5485,#5486,#5487,#5488,#5489,#5490,#5491,
#5492,#5493,#5494,#5495,#5496,#5497,#5498,#5499,#5500,#5501,#5502,#5503,
#5504,#5505,#5506,#5507,#5508,#5509,#5510,#5511,#5512,#5513,#5514,#5515,
#5516,#5517,#5518,#5519,#5520,#5521,#5522,#5523,#5524,#5525,#5526,#5527,
#5528,#5529,#5530,#5531,#5532,#5533,#5534,#5535,#5536,#5537,#5538,#5539,
#5540,#5541,#5542,#5543,#5544,#5545,#5546,#5547,#5548,#5549,#5550,#5551,
#5552,#5553,#5554,#5555,#5556,#5557,#5558,#5559,#5560,#5561,#5562,#5563,
#5564,#5565,#5566,#5567,#5568,#5569,#5570,#5571,#5572,#5573,#5574,#5575,
#5576,#5577,#5578,#5579,#5580,#5581,#5582,#5583,#5584,#5585,#5586,#5587,
#5588,#5589,#5590,#5591,#5592,#5593,#5594,#5595,#5596,#5597,#5598,#5599,
#5600,#5601,#5602,#5603,#5604,#5605,#5606,#5607,#5608,#5609,#5610,#5611,
#5612,#5613,#5614,#5615,#5616,#5617,#5618,#5619,#5620,#5621,#5622,#5623,
#5624,#5625,#5626,#5627,#5628,#5629,#5630,#5631,#5632,#5633,#5634,#5635,
#5636,#5637,#5638,#5639,#5640,#5641,#5642,#5643,#5644,#5645,#5646,#5647,
#5648,#5649,#5650,#5651,#5652,#5653,#5654,#5655,#5656,#5657,#5658,#5659,
#5660,#5661,#5662,#5663,#5664,#5665,#5666,#5667,#5668,#5669,#5670,#5671,
#5672,#5673,#5674,#5675,#5676,#5677,#5678,#5679,#5680,#5681,#5682,#5683,
#5684,#5685,#5686,#5687,#5688,#5689,#5690,#5691,#5692,#5693,#5694,#5695,
#5696,#5697,#5698,#5699,#5700,#5701,#5702,#5703,#5704,#5705,#5706,#5707,
#5708,#5709,#5710,#5711,#5712,#5713,#5714,#5715,#5716,#5717,#5718,#5719,
#5720,#5721,#5722,#5723,#5724,#5725,#5726,#5727,#5728,#5729,#5730,#5731,
#5732,#5733,#5734,#5735,#5736,#5737,#5738,#5739,#5740,#5741,#5742,#5743,
#5744,#5745,#5746,#5747,#5748,#5749,#5750,#5751,#5752,#5753,#5754,#5755,
#5756,#5757,#5758,#5759,#5760,#5761,#5762,#5763,#5764,#5765,#5766,#5767,
#5768,#5769,#5770,#5771,#5772,#5773,#5774,#5775,#5776,#5777,#5778,#5779,
#5780,#5781,#5782,#5783,#5784,#5785,#5786,#5787,#5788,#5789,#5790,#5791,
#5792,#5793,#5794,#5795,#5796,#5797,#5798,#5799,#5800,#5801,#5802,#5803,
#5804,#5805,#5806,#5807,#5808,#5809,#5810,#5811,#5812,#5813,#5814,#5815,
#5816,#5817,#5818,#5819,#5820,#5821,#5822,#5823,#5824,#5825,#5826,#5827,
#5828,#5829,#5830,#5831,#5832,#5833,#5834,#5835,#5836,#5837,#5838,#5839,
#5840,#5841,#5842,#5843,#5844,#5845,#5846,#5847,#5848,#5849,#5850,#5851,
#5852,#5853,#5854,#5855,#5856,#5857,#5858,#5859,#5860,#5861,#5862,#5863,
#5864,#5865,#5866,#5867,#5868,#5869,#5870,#5871,#5872,#5873,#5874,#5875,
#5876,#5877,#5878,#5879,#5880,#5881,#5882,#5883,#5884,#5885,#5886,#5887,
#5888,#5889,#5890,#5891,#5892,#5893,#5894,#5895,#5896,#5897,#5898,#5899,
#5900,#5901,#5902,#5903,#5904,#5905,#5906,#5907,#5908,#5909,#5910,#5911,
#5912,#5913,#5914,#5915,#5916,#5917,#5918,#5919,#5920,#5921,#5922,#5923,
#5924,#5925,#5926,#5927,#5928,#5929,#5930,#5931,#5932,#5933,#5934,#5935,
#5936,#5937,#5938,#5939,#5940,#5941,#5942,#5943,#5944,#5945)),
 .UNSPECIFIED.,.F.,.F.,.F.)
B_SPLINE_SURFACE_WITH_KNOTS((2,2),(3,2,2,2,2,2,2,2,2,2,2,2,2,2,2,2,2,2,
2,2,2,2,2,2,2,2,2,2,2,2,2,2,2,2,2,2,2,2,2,2,2,2,2,2,2,2,2,2,2,2,2,2,2,2,
2,2,2,2,2,2,2,2,2,2,2,2,2,2,2,2,2,2,2,2,2,2,2,2,2,2,2,2,2,2,2,2,2,2,2,2,
2,2,2,2,2,2,2,2,2,2,2,2,2,2,2,2,2,2,2,2,2,2,2,2,2,2,2,2,2,2,2,2,2,2,2,2,
2,2,2,2,2,2,2,2,2,2,2,2,2,2,2,2,2,2,2,2,2,2,2,2,2,2,2,2,2,2,2,2,2,2,2,2,
2,2,2,2,2,2,2,2,2,2,2,2,2,2,2,2,2,2,2,2,2,2,2,2,2,2,2,2,2,2,2,2,2,2,2,2,
2,2,2,2,2,2,2,2,2,2,2,2,2,2,2,2,2,2,2,2,2,2,2,2,2,2,2,2,2,2,2,2,2,2,2,2,
2,2,2,2,2,2,2,2,2,2,2,2,2,2,2,2,2,2,2,2,2,2,2,2,2,2,2,2,2,2,2,2,2,2,2,2,
2,2,2,2,2,2,2,2,2,2,2,2,2,2,2,2,2,2,2,2,2,2,2,2,2,2,2,2,2,2,2,2,2,2,2,2,
2,2,2,2,2,2,2,2,2,2,2,2,2,2,2,2,2,2,2,2,2,2,2,2,2,2,2,2,2,2,2,2,2,2,2,2,
2,2,2,2,2,2,2,2,2,2,2,2,2,2,2,2,3),(0.,1.),(0.00466477812895906,0.00555555555555556,
0.00833333333333333,0.0111111111111111,0.0138888888888889,0.0166666666666666,
0.0194444444444444,0.0222222222222222,0.025,0.0277777777777778,0.0305555555555556,
0.0333333333333333,0.0361111111111111,0.0388888888888889,0.0416666666666667,
0.0444444444444444,0.0472222222222222,0.05,0.0527777777777778,0.0555555555555556,
0.0583333333333333,0.0611111111111111,0.0638888888888889,0.0666666666666667,
0.0694444444444445,0.0722222222222222,0.075,0.0777777777777778,0.0805555555555556,
0.0833333333333333,0.0861111111111111,0.0888888888888889,0.0916666666666667,
0.0944444444444444,0.0972222222222222,0.1,0.102777777777778,0.105555555555556,
0.108333333333333,0.111111111111111,0.113888888888889,0.116666666666667,
0.119444444444444,0.122222222222222,0.125,0.127777777777778,0.130555555555556,
0.133333333333333,0.136111111111111,0.138888888888889,0.141666666666667,
0.144444444444444,0.147222222222222,0.15,0.152777777777778,0.155555555555556,
0.158333333333333,0.161111111111111,0.163888888888889,0.166666666666667,
0.169444444444445,0.172222222222222,0.175,0.177777777777778,0.180555555555555,
0.183333333333334,0.186111111111111,0.188888888888889,0.191666666666667,
0.194444444444445,0.197222222222222,0.2,0.202777777777778,0.205555555555555,
0.208333333333334,0.211111111111111,0.213888888888889,0.216666666666667,
0.219444444444444,0.222222222222222,0.225,0.227777777777778,0.230555555555555,
0.233333333333334,0.236111111111111,0.238888888888889,0.241666666666667,
0.244444444444445,0.247222222222222,0.25,0.252777777777778,0.255555555555555,
0.258333333333334,0.261111111111111,0.263888888888889,0.266666666666666,
0.269444444444444,0.272222222222222,0.275,0.277777777777778,0.280555555555556,
0.283333333333334,0.286111111111111,0.288888888888889,0.291666666666667,
0.294444444444445,0.297222222222222,0.3,0.302777777777778,0.305555555555555,
0.308333333333334,0.311111111111111,0.313888888888889,0.316666666666666,
0.319444444444444,0.322222222222223,0.325,0.327777777777778,0.330555555555555,
0.333333333333334,0.336111111111111,0.338888888888889,0.341666666666667,
0.344444444444444,0.347222222222222,0.35,0.352777777777778,0.355555555555556,
0.358333333333334,0.361111111111111,0.363888888888889,0.366666666666666,
0.369444444444444,0.372222222222223,0.375,0.377777777777778,0.380555555555555,
0.383333333333334,0.386111111111111,0.388888888888889,0.391666666666666,
0.394444444444444,0.397222222222222,0.4,0.402777777777778,0.405555555555556,
0.408333333333334,0.411111111111111,0.413888888888889,0.416666666666667,
0.419444444444445,0.422222222222222,0.425,0.427777777777778,0.430555555555555,
0.433333333333334,0.436111111111111,0.438888888888889,0.441666666666666,
0.444444444444444,0.447222222222223,0.45,0.452777777777778,0.455555555555556,
0.458333333333333,0.461111111111111,0.463888888888889,0.466666666666667,
0.469444444444444,0.472222222222222,0.475,0.477777777777778,0.480555555555556,
0.483333333333333,0.486111111111111,0.488888888888889,0.491666666666667,
0.494444444444445,0.497222222222222,0.5,0.502777777777778,0.505555555555556,
0.508333333333333,0.511111111111111,0.513888888888889,0.516666666666667,
0.519444444444445,0.522222222222222,0.525,0.527777777777778,0.530555555555556,
0.533333333333333,0.536111111111111,0.538888888888889,0.541666666666667,
0.544444444444444,0.547222222222222,0.55,0.552777777777778,0.555555555555556,
0.558333333333333,0.561111111111111,0.563888888888889,0.566666666666667,
0.569444444444444,0.572222222222222,0.575,0.577777777777778,0.580555555555556,
0.583333333333333,0.586111111111111,0.588888888888889,0.591666666666667,
0.594444444444444,0.597222222222222,0.6,0.602777777777778,0.605555555555556,
0.608333333333333,0.611111111111111,0.613888888888889,0.616666666666667,
0.619444444444445,0.622222222222222,0.625,0.627777777777778,0.630555555555556,
0.633333333333333,0.636111111111111,0.638888888888889,0.641666666666667,
0.644444444444445,0.647222222222222,0.65,0.652777777777778,0.655555555555556,
0.658333333333333,0.661111111111111,0.663888888888889,0.666666666666667,
0.669444444444444,0.672222222222222,0.675,0.677777777777778,0.680555555555556,
0.683333333333333,0.686111111111111,0.688888888888889,0.691666666666667,
0.694444444444444,0.697222222222222,0.7,0.702777777777778,0.705555555555556,
0.708333333333333,0.711111111111111,0.713888888888889,0.716666666666667,
0.719444444444444,0.722222222222222,0.725,0.727777777777778,0.730555555555556,
0.733333333333333,0.736111111111111,0.738888888888889,0.741666666666667,
0.744444444444445,0.747222222222222,0.75,0.752777777777778,0.755555555555556,
0.758333333333333,0.761111111111111,0.763888888888889,0.766666666666667,
0.769444444444445,0.772222222222222,0.775,0.777777777777778,0.780555555555556,
0.783333333333333,0.786111111111111,0.788888888888889,0.791666666666667,
0.794444444444444,0.797222222222222,0.8,0.802777777777778,0.805555555555556,
0.808333333333333,0.811111111111111,0.813888888888889,0.816666666666667,
0.819444444444444,0.822222222222222,0.825,0.827777777777778,0.830555555555556,
0.833333333333333,0.836111111111111,0.838888888888889,0.841666666666667,
0.844444444444444,0.847222222222222,0.85,0.852777777777778,0.855555555555556,
0.858333333333333,0.861111111111111,0.863888888888889,0.866666666666667,
0.869444444444445,0.872222222222222,0.875,0.877777777777778,0.880555555555556,
0.883333333333333,0.886111111111111,0.888888888888889,0.891666666666667,
0.894444444444445,0.897222222222222,0.9,0.902777777777778,0.905555555555556,
0.908333333333333,0.911111111111111,0.913888888888889,0.916666666666667,
0.919444444444444,0.922222222222222,0.925,0.927777777777778,0.930555555555556,
0.933333333333333,0.936111111111111,0.938888888888889,0.941666666666667,
0.944444444444444,0.947222222222222,0.95,0.952777777777778,0.955555555555556,
0.958333333333333,0.961111111111111,0.963888888888889,0.966666666666667,
0.969444444444444,0.972222222222222,0.975,0.977777777777778,0.980555555555556,
0.983333333333333,0.986111111111111,0.988888888888889,0.991666666666667,
0.994444444444444,0.99664283484491),.PIECEWISE_BEZIER_KNOTS.)
GEOMETRIC_REPRESENTATION_ITEM()
RATIONAL_B_SPLINE_SURFACE(((0.941628797813518,0.957037043423367,1.,0.866025403784439,
1.,0.866025403784439,1.,0.866025403784439,1.,0.866025403784439,1.,0.866025403784439,
1.,0.866025403784439,1.,0.866025403784439,1.,0.866025403784439,1.,0.866025403784439,
1.,0.866025403784439,1.,0.866025403784439,1.,0.866025403784439,1.,0.866025403784439,
1.,0.866025403784439,1.,0.866025403784439,1.,0.866025403784439,1.,0.866025403784439,
1.,0.866025403784439,1.,0.866025403784439,1.,0.866025403784439,1.,0.866025403784439,
1.,0.866025403784439,1.,0.866025403784439,1.,0.866025403784439,1.,0.866025403784439,
1.,0.866025403784439,1.,0.866025403784439,1.,0.866025403784439,1.,0.866025403784439,
1.,0.866025403784439,1.,0.866025403784439,1.,0.866025403784439,1.,0.866025403784439,
1.,0.866025403784439,1.,0.866025403784439,1.,0.866025403784439,1.,0.866025403784439,
1.,0.866025403784439,1.,0.866025403784439,1.,0.866025403784439,1.,0.866025403784439,
1.,0.866025403784439,1.,0.866025403784439,1.,0.866025403784439,1.,0.866025403784439,
1.,0.866025403784439,1.,0.866025403784439,1.,0.866025403784439,1.,0.866025403784439,
1.,0.866025403784439,1.,0.866025403784439,1.,0.866025403784439,1.,0.866025403784439,
1.,0.866025403784439,1.,0.866025403784439,1.,0.866025403784439,1.,0.866025403784439,
1.,0.866025403784439,1.,0.866025403784439,1.,0.866025403784439,1.,0.866025403784439,
1.,0.866025403784439,1.,0.866025403784439,1.,0.866025403784439,1.,0.866025403784439,
1.,0.866025403784439,1.,0.866025403784439,1.,0.866025403784439,1.,0.866025403784439,
1.,0.866025403784439,1.,0.866025403784439,1.,0.866025403784439,1.,0.866025403784439,
1.,0.866025403784439,1.,0.866025403784439,1.,0.866025403784439,1.,0.866025403784439,
1.,0.866025403784439,1.,0.866025403784439,1.,0.866025403784439,1.,0.866025403784439,
1.,0.866025403784439,1.,0.866025403784439,1.,0.866025403784439,1.,0.866025403784439,
1.,0.866025403784439,1.,0.866025403784439,1.,0.866025403784439,1.,0.866025403784439,
1.,0.866025403784439,1.,0.866025403784439,1.,0.866025403784439,1.,0.866025403784439,
1.,0.866025403784439,1.,0.866025403784439,1.,0.866025403784439,1.,0.866025403784439,
1.,0.866025403784439,1.,0.866025403784439,1.,0.866025403784439,1.,0.866025403784439,
1.,0.866025403784439,1.,0.866025403784439,1.,0.866025403784439,1.,0.866025403784439,
1.,0.866025403784439,1.,0.866025403784439,1.,0.866025403784439,1.,0.866025403784439,
1.,0.866025403784439,1.,0.866025403784439,1.,0.866025403784439,1.,0.866025403784439,
1.,0.866025403784439,1.,0.866025403784439,1.,0.866025403784439,1.,0.866025403784439,
1.,0.866025403784439,1.,0.866025403784439,1.,0.866025403784439,1.,0.866025403784439,
1.,0.866025403784439,1.,0.866025403784439,1.,0.866025403784439,1.,0.866025403784439,
1.,0.866025403784439,1.,0.866025403784439,1.,0.866025403784439,1.,0.866025403784439,
1.,0.866025403784439,1.,0.866025403784439,1.,0.866025403784439,1.,0.866025403784439,
1.,0.866025403784439,1.,0.866025403784439,1.,0.866025403784439,1.,0.866025403784439,
1.,0.866025403784439,1.,0.866025403784439,1.,0.866025403784439,1.,0.866025403784439,
1.,0.866025403784439,1.,0.866025403784439,1.,0.866025403784439,1.,0.866025403784439,
1.,0.866025403784439,1.,0.866025403784439,1.,0.866025403784439,1.,0.866025403784439,
1.,0.866025403784439,1.,0.866025403784439,1.,0.866025403784439,1.,0.866025403784439,
1.,0.866025403784439,1.,0.866025403784439,1.,0.866025403784439,1.,0.866025403784439,
1.,0.866025403784439,1.,0.866025403784439,1.,0.866025403784439,1.,0.866025403784439,
1.,0.866025403784439,1.,0.866025403784439,1.,0.866025403784439,1.,0.866025403784439,
1.,0.866025403784439,1.,0.866025403784439,1.,0.866025403784439,1.,0.866025403784439,
1.,0.866025403784439,1.,0.866025403784439,1.,0.866025403784439,1.,0.866025403784439,
1.,0.866025403784439,1.,0.866025403784439,1.,0.866025403784439,1.,0.866025403784439,
1.,0.866025403784439,1.,0.866025403784439,1.,0.866025403784439,1.,0.866025403784439,
1.,0.866025403784439,1.,0.866025403784439,1.,0.866025403784439,1.,0.866025403784439,
1.,0.866025403784439,1.,0.866025403784439,1.,0.866025403784439,1.,0.866025403784439,
1.,0.866025403784439,1.,0.866025403784439,1.,0.866025403784439,1.,0.866025403784439,
1.,0.866025403784439,1.,0.866025403784439,1.,0.866025403784439,1.,0.866025403784439,
1.,0.866025403784439,1.,0.866025403784439,1.,0.866025403784439,1.,0.866025403784439,
1.,0.866025403784439,1.,0.866025403784439,1.,0.866025403784439,1.,0.866025403784439,
1.,0.866025403784439,1.,0.866025403784439,1.,0.866025403784439,1.,0.866025403784439,
1.,0.866025403784439,1.,0.866025403784439,1.,0.866025403784439,1.,0.866025403784439,
1.,0.866025403784439,1.,0.866025403784439,1.,0.866025403784439,1.,0.866025403784439,
1.,0.866025403784439,1.,0.866025403784439,1.,0.866025403784439,1.,0.866025403784439,
1.,0.866025403784439,1.,0.866025403784439,1.,0.866025403784439,1.,0.866025403784439,
1.,0.866025403784439,1.,0.866025403784439,1.,0.866025403784439,1.,0.866025403784439,
1.,0.866025403784439,1.,0.866025403784439,1.,0.866025403784439,1.,0.866025403784439,
1.,0.866025403784439,1.,0.866025403784439,1.,0.866025403784439,1.,0.866025403784439,
1.,0.866025403784439,1.,0.866025403784439,1.,0.866025403784439,1.,0.866025403784439,
1.,0.866025403784439,1.,0.866025403784439,1.,0.866025403784439,1.,0.866025403784439,
1.,0.866025403784439,1.,0.866025403784439,1.,0.866025403784439,1.,0.866025403784439,
1.,0.866025403784439,1.,0.866025403784439,1.,0.866025403784439,1.,0.866025403784439,
1.,0.866025403784439,1.,0.866025403784439,1.,0.866025403784439,1.,0.866025403784439,
1.,0.866025403784439,1.,0.866025403784439,1.,0.866025403784439,1.,0.866025403784439,
1.,0.866025403784439,1.,0.866025403784439,1.,0.866025403784439,1.,0.866025403784439,
1.,0.866025403784439,1.,0.866025403784439,1.,0.866025403784439,1.,0.866025403784439,
1.,0.866025403784439,1.,0.866025403784439,1.,0.866025403784439,1.,0.866025403784439,
1.,0.866025403784439,1.,0.866025403784439,1.,0.866025403784439,1.,0.866025403784439,
1.,0.866025403784439,1.,0.866025403784439,1.,0.866025403784439,1.,0.866025403784439,
1.,0.866025403784439,1.,0.866025403784439,1.,0.866025403784439,1.,0.866025403784439,
1.,0.866025403784439,1.,0.866025403784439,1.,0.866025403784439,1.,0.866025403784439,
1.,0.866025403784439,1.,0.866025403784439,1.,0.866025403784439,1.,0.866025403784439,
1.,0.866025403784439,1.,0.866025403784439,1.,0.866025403784439,1.,0.866025403784439,
1.,0.866025403784439,1.,0.866025403784439,1.,0.866025403784439,1.,0.866025403784439,
1.,0.866025403784439,1.,0.866025403784439,1.,0.866025403784439,1.,0.866025403784439,
1.,0.866025403784439,1.,0.866025403784439,1.,0.866025403784439,1.,0.866025403784439,
1.,0.866025403784439,1.,0.866025403784439,1.,0.866025403784439,1.,0.866025403784439,
1.,0.866025403784439,1.,0.866025403784439,1.,0.866025403784439,1.,0.866025403784439,
1.,0.866025403784439,1.,0.866025403784439,1.,0.866025403784439,1.,0.866025403784439,
1.,0.866025403784439,1.,0.866025403784439,1.,0.866025403784439,1.,0.866025403784439,
1.,0.866025403784439,1.,0.866025403784439,1.,0.866025403784439,1.,0.866025403784439,
1.,0.866025403784439,1.,0.866025403784439,1.,0.866025403784439,1.,0.866025403784439,
1.,0.866025403784439,1.,0.866025403784439,1.,0.866025403784439,1.,0.866025403784439,
1.,0.866025403784439,1.,0.866025403784439,1.,0.866025403784439,1.,0.866025403784439,
1.,0.866025403784439,1.,0.866025403784439,1.,0.866025403784439,1.,0.866025403784439,
1.,0.866025403784439,1.,0.866025403784439,1.,0.866025403784439,1.,0.866025403784439,
1.,0.866025403784439,1.,0.866025403784439,1.,0.866025403784439,1.,0.866025403784439,
1.,0.866025403784439,1.,0.866025403784439,1.,0.866025403784439,1.,0.893969752158428,
0.955768537206889),(0.941628797813518,0.957037043423367,1.,0.866025403784439,
1.,0.866025403784439,1.,0.866025403784439,1.,0.866025403784439,1.,0.866025403784439,
1.,0.866025403784439,1.,0.866025403784439,1.,0.866025403784439,1.,0.866025403784439,
1.,0.866025403784439,1.,0.866025403784439,1.,0.866025403784439,1.,0.866025403784439,
1.,0.866025403784439,1.,0.866025403784439,1.,0.866025403784439,1.,0.866025403784439,
1.,0.866025403784439,1.,0.866025403784439,1.,0.866025403784439,1.,0.866025403784439,
1.,0.866025403784439,1.,0.866025403784439,1.,0.866025403784439,1.,0.866025403784439,
1.,0.866025403784439,1.,0.866025403784439,1.,0.866025403784439,1.,0.866025403784439,
1.,0.866025403784439,1.,0.866025403784439,1.,0.866025403784439,1.,0.866025403784439,
1.,0.866025403784439,1.,0.866025403784439,1.,0.866025403784439,1.,0.866025403784439,
1.,0.866025403784439,1.,0.866025403784439,1.,0.866025403784439,1.,0.866025403784439,
1.,0.866025403784439,1.,0.866025403784439,1.,0.866025403784439,1.,0.866025403784439,
1.,0.866025403784439,1.,0.866025403784439,1.,0.866025403784439,1.,0.866025403784439,
1.,0.866025403784439,1.,0.866025403784439,1.,0.866025403784439,1.,0.866025403784439,
1.,0.866025403784439,1.,0.866025403784439,1.,0.866025403784439,1.,0.866025403784439,
1.,0.866025403784439,1.,0.866025403784439,1.,0.866025403784439,1.,0.866025403784439,
1.,0.866025403784439,1.,0.866025403784439,1.,0.866025403784439,1.,0.866025403784439,
1.,0.866025403784439,1.,0.866025403784439,1.,0.866025403784439,1.,0.866025403784439,
1.,0.866025403784439,1.,0.866025403784439,1.,0.866025403784439,1.,0.866025403784439,
1.,0.866025403784439,1.,0.866025403784439,1.,0.866025403784439,1.,0.866025403784439,
1.,0.866025403784439,1.,0.866025403784439,1.,0.866025403784439,1.,0.866025403784439,
1.,0.866025403784439,1.,0.866025403784439,1.,0.866025403784439,1.,0.866025403784439,
1.,0.866025403784439,1.,0.866025403784439,1.,0.866025403784439,1.,0.866025403784439,
1.,0.866025403784439,1.,0.866025403784439,1.,0.866025403784439,1.,0.866025403784439,
1.,0.866025403784439,1.,0.866025403784439,1.,0.866025403784439,1.,0.866025403784439,
1.,0.866025403784439,1.,0.866025403784439,1.,0.866025403784439,1.,0.866025403784439,
1.,0.866025403784439,1.,0.866025403784439,1.,0.866025403784439,1.,0.866025403784439,
1.,0.866025403784439,1.,0.866025403784439,1.,0.866025403784439,1.,0.866025403784439,
1.,0.866025403784439,1.,0.866025403784439,1.,0.866025403784439,1.,0.866025403784439,
1.,0.866025403784439,1.,0.866025403784439,1.,0.866025403784439,1.,0.866025403784439,
1.,0.866025403784439,1.,0.866025403784439,1.,0.866025403784439,1.,0.866025403784439,
1.,0.866025403784439,1.,0.866025403784439,1.,0.866025403784439,1.,0.866025403784439,
1.,0.866025403784439,1.,0.866025403784439,1.,0.866025403784439,1.,0.866025403784439,
1.,0.866025403784439,1.,0.866025403784439,1.,0.866025403784439,1.,0.866025403784439,
1.,0.866025403784439,1.,0.866025403784439,1.,0.866025403784439,1.,0.866025403784439,
1.,0.866025403784439,1.,0.866025403784439,1.,0.866025403784439,1.,0.866025403784439,
1.,0.866025403784439,1.,0.866025403784439,1.,0.866025403784439,1.,0.866025403784439,
1.,0.866025403784439,1.,0.866025403784439,1.,0.866025403784439,1.,0.866025403784439,
1.,0.866025403784439,1.,0.866025403784439,1.,0.866025403784439,1.,0.866025403784439,
1.,0.866025403784439,1.,0.866025403784439,1.,0.866025403784439,1.,0.866025403784439,
1.,0.866025403784439,1.,0.866025403784439,1.,0.866025403784439,1.,0.866025403784439,
1.,0.866025403784439,1.,0.866025403784439,1.,0.866025403784439,1.,0.866025403784439,
1.,0.866025403784439,1.,0.866025403784439,1.,0.866025403784439,1.,0.866025403784439,
1.,0.866025403784439,1.,0.866025403784439,1.,0.866025403784439,1.,0.866025403784439,
1.,0.866025403784439,1.,0.866025403784439,1.,0.866025403784439,1.,0.866025403784439,
1.,0.866025403784439,1.,0.866025403784439,1.,0.866025403784439,1.,0.866025403784439,
1.,0.866025403784439,1.,0.866025403784439,1.,0.866025403784439,1.,0.866025403784439,
1.,0.866025403784439,1.,0.866025403784439,1.,0.866025403784439,1.,0.866025403784439,
1.,0.866025403784439,1.,0.866025403784439,1.,0.866025403784439,1.,0.866025403784439,
1.,0.866025403784439,1.,0.866025403784439,1.,0.866025403784439,1.,0.866025403784439,
1.,0.866025403784439,1.,0.866025403784439,1.,0.866025403784439,1.,0.866025403784439,
1.,0.866025403784439,1.,0.866025403784439,1.,0.866025403784439,1.,0.866025403784439,
1.,0.866025403784439,1.,0.866025403784439,1.,0.866025403784439,1.,0.866025403784439,
1.,0.866025403784439,1.,0.866025403784439,1.,0.866025403784439,1.,0.866025403784439,
1.,0.866025403784439,1.,0.866025403784439,1.,0.866025403784439,1.,0.866025403784439,
1.,0.866025403784439,1.,0.866025403784439,1.,0.866025403784439,1.,0.866025403784439,
1.,0.866025403784439,1.,0.866025403784439,1.,0.866025403784439,1.,0.866025403784439,
1.,0.866025403784439,1.,0.866025403784439,1.,0.866025403784439,1.,0.866025403784439,
1.,0.866025403784439,1.,0.866025403784439,1.,0.866025403784439,1.,0.866025403784439,
1.,0.866025403784439,1.,0.866025403784439,1.,0.866025403784439,1.,0.866025403784439,
1.,0.866025403784439,1.,0.866025403784439,1.,0.866025403784439,1.,0.866025403784439,
1.,0.866025403784439,1.,0.866025403784439,1.,0.866025403784439,1.,0.866025403784439,
1.,0.866025403784439,1.,0.866025403784439,1.,0.866025403784439,1.,0.866025403784439,
1.,0.866025403784439,1.,0.866025403784439,1.,0.866025403784439,1.,0.866025403784439,
1.,0.866025403784439,1.,0.866025403784439,1.,0.866025403784439,1.,0.866025403784439,
1.,0.866025403784439,1.,0.866025403784439,1.,0.866025403784439,1.,0.866025403784439,
1.,0.866025403784439,1.,0.866025403784439,1.,0.866025403784439,1.,0.866025403784439,
1.,0.866025403784439,1.,0.866025403784439,1.,0.866025403784439,1.,0.866025403784439,
1.,0.866025403784439,1.,0.866025403784439,1.,0.866025403784439,1.,0.866025403784439,
1.,0.866025403784439,1.,0.866025403784439,1.,0.866025403784439,1.,0.866025403784439,
1.,0.866025403784439,1.,0.866025403784439,1.,0.866025403784439,1.,0.866025403784439,
1.,0.866025403784439,1.,0.866025403784439,1.,0.866025403784439,1.,0.866025403784439,
1.,0.866025403784439,1.,0.866025403784439,1.,0.866025403784439,1.,0.866025403784439,
1.,0.866025403784439,1.,0.866025403784439,1.,0.866025403784439,1.,0.866025403784439,
1.,0.866025403784439,1.,0.866025403784439,1.,0.866025403784439,1.,0.866025403784439,
1.,0.866025403784439,1.,0.866025403784439,1.,0.866025403784439,1.,0.866025403784439,
1.,0.866025403784439,1.,0.866025403784439,1.,0.866025403784439,1.,0.866025403784439,
1.,0.866025403784439,1.,0.866025403784439,1.,0.866025403784439,1.,0.866025403784439,
1.,0.866025403784439,1.,0.866025403784439,1.,0.866025403784439,1.,0.866025403784439,
1.,0.866025403784439,1.,0.866025403784439,1.,0.866025403784439,1.,0.866025403784439,
1.,0.866025403784439,1.,0.866025403784439,1.,0.866025403784439,1.,0.866025403784439,
1.,0.866025403784439,1.,0.866025403784439,1.,0.866025403784439,1.,0.866025403784439,
1.,0.866025403784439,1.,0.866025403784439,1.,0.866025403784439,1.,0.866025403784439,
1.,0.866025403784439,1.,0.866025403784439,1.,0.866025403784439,1.,0.866025403784439,
1.,0.866025403784439,1.,0.866025403784439,1.,0.866025403784439,1.,0.866025403784439,
1.,0.866025403784439,1.,0.866025403784439,1.,0.866025403784439,1.,0.866025403784439,
1.,0.866025403784439,1.,0.866025403784439,1.,0.866025403784439,1.,0.866025403784439,
1.,0.866025403784439,1.,0.866025403784439,1.,0.866025403784439,1.,0.866025403784439,
1.,0.866025403784439,1.,0.866025403784439,1.,0.866025403784439,1.,0.866025403784439,
1.,0.866025403784439,1.,0.866025403784439,1.,0.866025403784439,1.,0.893969752158428,
0.955768537206889)))
REPRESENTATION_ITEM('')
SURFACE()
);
#14=(
BOUNDED_CURVE()
B_SPLINE_CURVE(2,(#201,#202,#203,#204,#205,#206,#207,#208,#209,#210,#211,
#212,#213,#214,#215,#216,#217,#218,#219,#220,#221,#222,#223,#224,#225,#226,
#227,#228,#229,#230,#231,#232,#233,#234,#235,#236,#237,#238,#239,#240,#241,
#242,#243,#244,#245,#246,#247,#248,#249,#250,#251,#252,#253,#254,#255,#256,
#257,#258,#259,#260,#261,#262,#263,#264,#265,#266,#267,#268,#269,#270,#271,
#272,#273,#274,#275,#276,#277,#278,#279,#280,#281,#282,#283,#284,#285,#286,
#287,#288,#289,#290,#291,#292,#293,#294,#295,#296,#297,#298,#299,#300,#301,
#302,#303,#304,#305,#306,#307,#308,#309,#310,#311,#312,#313,#314,#315,#316,
#317,#318,#319,#320,#321,#322,#323,#324,#325,#326,#327,#328,#329,#330,#331,
#332,#333,#334,#335,#336,#337,#338,#339,#340,#341,#342,#343,#344,#345,#346,
#347,#348,#349,#350,#351,#352,#353,#354,#355,#356,#357,#358,#359,#360,#361,
#362,#363,#364,#365,#366,#367,#368,#369,#370,#371,#372,#373,#374,#375,#376,
#377,#378,#379,#380,#381,#382,#383,#384,#385,#386,#387,#388,#389,#390,#391,
#392,#393,#394,#395,#396,#397,#398,#399,#400,#401,#402,#403,#404,#405,#406,
#407,#408,#409,#410,#411,#412,#413,#414,#415,#416,#417,#418,#419,#420,#421,
#422,#423,#424,#425,#426,#427,#428,#429,#430,#431,#432,#433,#434,#435,#436,
#437,#438,#439,#440,#441,#442,#443,#444,#445,#446,#447,#448,#449,#450,#451,
#452,#453,#454,#455,#456,#457,#458,#459,#460,#461,#462,#463,#464,#465,#466,
#467,#468,#469,#470,#471,#472,#473,#474,#475,#476,#477,#478,#479,#480,#481,
#482,#483,#484,#485,#486,#487,#488,#489,#490,#491,#492,#493,#494,#495,#496,
#497,#498,#499,#500,#501,#502,#503,#504,#505,#506,#507,#508,#509,#510,#511,
#512,#513,#514,#515,#516,#517,#518,#519,#520,#521,#522,#523,#524,#525,#526,
#527,#528,#529,#530,#531,#532,#533,#534,#535,#536,#537,#538,#539,#540,#541,
#542,#543,#544,#545,#546,#547,#548,#549,#550,#551,#552,#553,#554,#555,#556,
#557,#558,#559,#560,#561,#562,#563,#564,#565,#566,#567,#568,#569,#570,#571,
#572,#573,#574,#575,#576,#577,#578,#579,#580,#581,#582,#583,#584,#585,#586,
#587,#588,#589,#590,#591,#592,#593,#594,#595,#596,#597,#598,#599,#600,#601,
#602,#603,#604,#605,#606,#607,#608,#609,#610,#611,#612,#613,#614,#615,#616,
#617,#618,#619,#620,#621,#622,#623,#624,#625,#626,#627,#628,#629,#630,#631,
#632,#633,#634,#635,#636,#637,#638,#639,#640,#641,#642,#643,#644,#645,#646,
#647,#648,#649,#650,#651,#652,#653,#654,#655,#656,#657,#658,#659,#660,#661,
#662,#663,#664,#665,#666,#667,#668,#669,#670,#671,#672,#673,#674,#675,#676,
#677,#678,#679,#680,#681,#682,#683,#684,#685,#686,#687,#688,#689,#690,#691,
#692,#693,#694,#695,#696,#697,#698,#699,#700,#701,#702,#703,#704,#705,#706,
#707,#708,#709,#710,#711,#712,#713,#714,#715,#716,#717,#718,#719,#720,#721,
#722,#723,#724,#725,#726,#727,#728,#729,#730,#731,#732,#733,#734,#735,#736,
#737,#738,#739,#740,#741,#742,#743,#744,#745,#746,#747,#748,#749,#750,#751,
#752,#753,#754,#755,#756,#757,#758,#759,#760,#761,#762,#763,#764,#765,#766,
#767,#768,#769,#770,#771,#772,#773,#774,#775,#776,#777,#778,#779,#780,#781,
#782,#783,#784,#785,#786,#787,#788,#789,#790,#791,#792,#793,#794,#795,#796,
#797,#798,#799,#800,#801,#802,#803,#804,#805,#806,#807,#808,#809,#810,#811,
#812,#813,#814,#815,#816,#817,#818,#819,#820,#821,#822,#823,#824,#825,#826,
#827,#828,#829,#830,#831,#832,#833,#834,#835,#836,#837,#838,#839,#840,#841,
#842,#843,#844,#845,#846,#847,#848,#849,#850,#851,#852,#853,#854,#855,#856,
#857,#858,#859,#860,#861,#862,#863,#864,#865,#866,#867,#868,#869,#870,#871,
#872,#873,#874,#875,#876,#877,#878,#879,#880,#881,#882,#883,#884,#885,#886,
#887,#888,#889,#890,#891,#892,#893,#894,#895,#896,#897,#898,#899,#900,#901,
#902,#903,#904,#905,#906,#907,#908,#909,#910,#911,#912,#913,#914,#915,#916,
#917,#918,#919,#920,#921),.UNSPECIFIED.,.F.,.F.)
B_SPLINE_CURVE_WITH_KNOTS((3,2,2,2,2,2,2,2,2,2,2,2,2,2,2,2,2,2,2,2,2,2,
2,2,2,2,2,2,2,2,2,2,2,2,2,2,2,2,2,2,2,2,2,2,2,2,2,2,2,2,2,2,2,2,2,2,2,2,
2,2,2,2,2,2,2,2,2,2,2,2,2,2,2,2,2,2,2,2,2,2,2,2,2,2,2,2,2,2,2,2,2,2,2,2,
2,2,2,2,2,2,2,2,2,2,2,2,2,2,2,2,2,2,2,2,2,2,2,2,2,2,2,2,2,2,2,2,2,2,2,2,
2,2,2,2,2,2,2,2,2,2,2,2,2,2,2,2,2,2,2,2,2,2,2,2,2,2,2,2,2,2,2,2,2,2,2,2,
2,2,2,2,2,2,2,2,2,2,2,2,2,2,2,2,2,2,2,2,2,2,2,2,2,2,2,2,2,2,2,2,2,2,2,2,
2,2,2,2,2,2,2,2,2,2,2,2,2,2,2,2,2,2,2,2,2,2,2,2,2,2,2,2,2,2,2,2,2,2,2,2,
2,2,2,2,2,2,2,2,2,2,2,2,2,2,2,2,2,2,2,2,2,2,2,2,2,2,2,2,2,2,2,2,2,2,2,2,
2,2,2,2,2,2,2,2,2,2,2,2,2,2,2,2,2,2,2,2,2,2,2,2,2,2,2,2,2,2,2,2,2,2,2,2,
2,2,2,2,2,2,2,2,2,2,2,2,2,2,2,2,2,2,2,2,2,2,2,2,2,2,2,2,2,2,2,2,2,2,2,2,
2,2,2,2,2,2,2,2,2,2,2,2,2,2,3),(0.,0.00277777777777778,0.00555555555555556,
0.00833333333333333,0.0111111111111111,0.0138888888888889,0.0166666666666666,
0.0194444444444444,0.0222222222222222,0.025,0.0277777777777778,0.0305555555555556,
0.0333333333333333,0.0361111111111111,0.0388888888888889,0.0416666666666667,
0.0444444444444444,0.0472222222222222,0.05,0.0527777777777778,0.0555555555555556,
0.0583333333333333,0.0611111111111111,0.0638888888888889,0.0666666666666667,
0.0694444444444445,0.0722222222222222,0.075,0.0777777777777778,0.0805555555555556,
0.0833333333333333,0.0861111111111111,0.0888888888888889,0.0916666666666667,
0.0944444444444444,0.0972222222222222,0.1,0.102777777777778,0.105555555555556,
0.108333333333333,0.111111111111111,0.113888888888889,0.116666666666667,
0.119444444444444,0.122222222222222,0.125,0.127777777777778,0.130555555555556,
0.133333333333333,0.136111111111111,0.138888888888889,0.141666666666667,
0.144444444444444,0.147222222222222,0.15,0.152777777777778,0.155555555555556,
0.158333333333333,0.161111111111111,0.163888888888889,0.166666666666667,
0.169444444444445,0.172222222222222,0.175,0.177777777777778,0.180555555555555,
0.183333333333334,0.186111111111111,0.188888888888889,0.191666666666667,
0.194444444444445,0.197222222222222,0.2,0.202777777777778,0.205555555555555,
0.208333333333334,0.211111111111111,0.213888888888889,0.216666666666667,
0.219444444444444,0.222222222222222,0.225,0.227777777777778,0.230555555555555,
0.233333333333334,0.236111111111111,0.238888888888889,0.241666666666667,
0.244444444444445,0.247222222222222,0.25,0.252777777777778,0.255555555555555,
0.258333333333334,0.261111111111111,0.263888888888889,0.266666666666666,
0.269444444444444,0.272222222222222,0.275,0.277777777777778,0.280555555555556,
0.283333333333334,0.286111111111111,0.288888888888889,0.291666666666667,
0.294444444444445,0.297222222222222,0.3,0.302777777777778,0.305555555555555,
0.308333333333334,0.311111111111111,0.313888888888889,0.316666666666666,
0.319444444444444,0.322222222222223,0.325,0.327777777777778,0.330555555555555,
0.333333333333334,0.336111111111111,0.338888888888889,0.341666666666667,
0.344444444444444,0.347222222222222,0.35,0.352777777777778,0.355555555555556,
0.358333333333334,0.361111111111111,0.363888888888889,0.366666666666666,
0.369444444444444,0.372222222222223,0.375,0.377777777777778,0.380555555555555,
0.383333333333334,0.386111111111111,0.388888888888889,0.391666666666666,
0.394444444444444,0.397222222222222,0.4,0.402777777777778,0.405555555555556,
0.408333333333334,0.411111111111111,0.413888888888889,0.416666666666667,
0.419444444444445,0.422222222222222,0.425,0.427777777777778,0.430555555555555,
0.433333333333334,0.436111111111111,0.438888888888889,0.441666666666666,
0.444444444444444,0.447222222222223,0.45,0.452777777777778,0.455555555555556,
0.458333333333333,0.461111111111111,0.463888888888889,0.466666666666667,
0.469444444444444,0.472222222222222,0.475,0.477777777777778,0.480555555555556,
0.483333333333333,0.486111111111111,0.488888888888889,0.491666666666667,
0.494444444444445,0.497222222222222,0.5,0.502777777777778,0.505555555555556,
0.508333333333333,0.511111111111111,0.513888888888889,0.516666666666667,
0.519444444444445,0.522222222222222,0.525,0.527777777777778,0.530555555555556,
0.533333333333333,0.536111111111111,0.538888888888889,0.541666666666667,
0.544444444444444,0.547222222222222,0.55,0.552777777777778,0.555555555555556,
0.558333333333333,0.561111111111111,0.563888888888889,0.566666666666667,
0.569444444444444,0.572222222222222,0.575,0.577777777777778,0.580555555555556,
0.583333333333333,0.586111111111111,0.588888888888889,0.591666666666667,
0.594444444444444,0.597222222222222,0.6,0.602777777777778,0.605555555555556,
0.608333333333333,0.611111111111111,0.613888888888889,0.616666666666667,
0.619444444444445,0.622222222222222,0.625,0.627777777777778,0.630555555555556,
0.633333333333333,0.636111111111111,0.638888888888889,0.641666666666667,
0.644444444444445,0.647222222222222,0.65,0.652777777777778,0.655555555555556,
0.658333333333333,0.661111111111111,0.663888888888889,0.666666666666667,
0.669444444444444,0.672222222222222,0.675,0.677777777777778,0.680555555555556,
0.683333333333333,0.686111111111111,0.688888888888889,0.691666666666667,
0.694444444444444,0.697222222222222,0.7,0.702777777777778,0.705555555555556,
0.708333333333333,0.711111111111111,0.713888888888889,0.716666666666667,
0.719444444444444,0.722222222222222,0.725,0.727777777777778,0.730555555555556,
0.733333333333333,0.736111111111111,0.738888888888889,0.741666666666667,
0.744444444444445,0.747222222222222,0.75,0.752777777777778,0.755555555555556,
0.758333333333333,0.761111111111111,0.763888888888889,0.766666666666667,
0.769444444444445,0.772222222222222,0.775,0.777777777777778,0.780555555555556,
0.783333333333333,0.786111111111111,0.788888888888889,0.791666666666667,
0.794444444444444,0.797222222222222,0.8,0.802777777777778,0.805555555555556,
0.808333333333333,0.811111111111111,0.813888888888889,0.816666666666667,
0.819444444444444,0.822222222222222,0.825,0.827777777777778,0.830555555555556,
0.833333333333333,0.836111111111111,0.838888888888889,0.841666666666667,
0.844444444444444,0.847222222222222,0.85,0.852777777777778,0.855555555555556,
0.858333333333333,0.861111111111111,0.863888888888889,0.866666666666667,
0.869444444444445,0.872222222222222,0.875,0.877777777777778,0.880555555555556,
0.883333333333333,0.886111111111111,0.888888888888889,0.891666666666667,
0.894444444444445,0.897222222222222,0.9,0.902777777777778,0.905555555555556,
0.908333333333333,0.911111111111111,0.913888888888889,0.916666666666667,
0.919444444444444,0.922222222222222,0.925,0.927777777777778,0.930555555555556,
0.933333333333333,0.936111111111111,0.938888888888889,0.941666666666667,
0.944444444444444,0.947222222222222,0.95,0.952777777777778,0.955555555555556,
0.958333333333333,0.961111111111111,0.963888888888889,0.966666666666667,
0.969444444444444,0.972222222222222,0.975,0.977777777777778,0.980555555555556,
0.983333333333333,0.986111111111111,0.988888888888889,0.991666666666667,
0.994444444444444,0.997222222222222,1.),.UNSPECIFIED.)
CURVE()
GEOMETRIC_REPRESENTATION_ITEM()
RATIONAL_B_SPLINE_CURVE((1.,0.866025403784439,1.,0.866025403784439,1.,0.866025403784439,
1.,0.866025403784439,1.,0.866025403784439,1.,0.866025403784439,1.,0.866025403784439,
1.,0.866025403784439,1.,0.866025403784439,1.,0.866025403784439,1.,0.866025403784439,
1.,0.866025403784439,1.,0.866025403784439,1.,0.866025403784439,1.,0.866025403784439,
1.,0.866025403784439,1.,0.866025403784439,1.,0.866025403784439,1.,0.866025403784439,
1.,0.866025403784439,1.,0.866025403784439,1.,0.866025403784439,1.,0.866025403784439,
1.,0.866025403784439,1.,0.866025403784439,1.,0.866025403784439,1.,0.866025403784439,
1.,0.866025403784439,1.,0.866025403784439,1.,0.866025403784439,1.,0.866025403784439,
1.,0.866025403784439,1.,0.866025403784439,1.,0.866025403784439,1.,0.866025403784439,
1.,0.866025403784439,1.,0.866025403784439,1.,0.866025403784439,1.,0.866025403784439,
1.,0.866025403784439,1.,0.866025403784439,1.,0.866025403784439,1.,0.866025403784439,
1.,0.866025403784439,1.,0.866025403784439,1.,0.866025403784439,1.,0.866025403784439,
1.,0.866025403784439,1.,0.866025403784439,1.,0.866025403784439,1.,0.866025403784439,
1.,0.866025403784439,1.,0.866025403784439,1.,0.866025403784439,1.,0.866025403784439,
1.,0.866025403784439,1.,0.866025403784439,1.,0.866025403784439,1.,0.866025403784439,
1.,0.866025403784439,1.,0.866025403784439,1.,0.866025403784439,1.,0.866025403784439,
1.,0.866025403784439,1.,0.866025403784439,1.,0.866025403784439,1.,0.866025403784439,
1.,0.866025403784439,1.,0.866025403784439,1.,0.866025403784439,1.,0.866025403784439,
1.,0.866025403784439,1.,0.866025403784439,1.,0.866025403784439,1.,0.866025403784439,
1.,0.866025403784439,1.,0.866025403784439,1.,0.866025403784439,1.,0.866025403784439,
1.,0.866025403784439,1.,0.866025403784439,1.,0.866025403784439,1.,0.866025403784439,
1.,0.866025403784439,1.,0.866025403784439,1.,0.866025403784439,1.,0.866025403784439,
1.,0.866025403784439,1.,0.866025403784439,1.,0.866025403784439,1.,0.866025403784439,
1.,0.866025403784439,1.,0.866025403784439,1.,0.866025403784439,1.,0.866025403784439,
1.,0.866025403784439,1.,0.866025403784439,1.,0.866025403784439,1.,0.866025403784439,
1.,0.866025403784439,1.,0.866025403784439,1.,0.866025403784439,1.,0.866025403784439,
1.,0.866025403784439,1.,0.866025403784439,1.,0.866025403784439,1.,0.866025403784439,
1.,0.866025403784439,1.,0.866025403784439,1.,0.866025403784439,1.,0.866025403784439,
1.,0.866025403784439,1.,0.866025403784439,1.,0.866025403784439,1.,0.866025403784439,
1.,0.866025403784439,1.,0.866025403784439,1.,0.866025403784439,1.,0.866025403784439,
1.,0.866025403784439,1.,0.866025403784439,1.,0.866025403784439,1.,0.866025403784439,
1.,0.866025403784439,1.,0.866025403784439,1.,0.866025403784439,1.,0.866025403784439,
1.,0.866025403784439,1.,0.866025403784439,1.,0.866025403784439,1.,0.866025403784439,
1.,0.866025403784439,1.,0.866025403784439,1.,0.866025403784439,1.,0.866025403784439,
1.,0.866025403784439,1.,0.866025403784439,1.,0.866025403784439,1.,0.866025403784439,
1.,0.866025403784439,1.,0.866025403784439,1.,0.866025403784439,1.,0.866025403784439,
1.,0.866025403784439,1.,0.866025403784439,1.,0.866025403784439,1.,0.866025403784439,
1.,0.866025403784439,1.,0.866025403784439,1.,0.866025403784439,1.,0.866025403784439,
1.,0.866025403784439,1.,0.866025403784439,1.,0.866025403784439,1.,0.866025403784439,
1.,0.866025403784439,1.,0.866025403784439,1.,0.866025403784439,1.,0.866025403784439,
1.,0.866025403784439,1.,0.866025403784439,1.,0.866025403784439,1.,0.866025403784439,
1.,0.866025403784439,1.,0.866025403784439,1.,0.866025403784439,1.,0.866025403784439,
1.,0.866025403784439,1.,0.866025403784439,1.,0.866025403784439,1.,0.866025403784439,
1.,0.866025403784439,1.,0.866025403784439,1.,0.866025403784439,1.,0.866025403784439,
1.,0.866025403784439,1.,0.866025403784439,1.,0.866025403784439,1.,0.866025403784439,
1.,0.866025403784439,1.,0.866025403784439,1.,0.866025403784439,1.,0.866025403784439,
1.,0.866025403784439,1.,0.866025403784439,1.,0.866025403784439,1.,0.866025403784439,
1.,0.866025403784439,1.,0.866025403784439,1.,0.866025403784439,1.,0.866025403784439,
1.,0.866025403784439,1.,0.866025403784439,1.,0.866025403784439,1.,0.866025403784439,
1.,0.866025403784439,1.,0.866025403784439,1.,0.866025403784439,1.,0.866025403784439,
1.,0.866025403784439,1.,0.866025403784439,1.,0.866025403784439,1.,0.866025403784439,
1.,0.866025403784439,1.,0.866025403784439,1.,0.866025403784439,1.,0.866025403784439,
1.,0.866025403784439,1.,0.866025403784439,1.,0.866025403784439,1.,0.866025403784439,
1.,0.866025403784439,1.,0.866025403784439,1.,0.866025403784439,1.,0.866025403784439,
1.,0.866025403784439,1.,0.866025403784439,1.,0.866025403784439,1.,0.866025403784439,
1.,0.866025403784439,1.,0.866025403784439,1.,0.866025403784439,1.,0.866025403784439,
1.,0.866025403784439,1.,0.866025403784439,1.,0.866025403784439,1.,0.866025403784439,
1.,0.866025403784439,1.,0.866025403784439,1.,0.866025403784439,1.,0.866025403784439,
1.,0.866025403784439,1.,0.866025403784439,1.,0.866025403784439,1.,0.866025403784439,
1.,0.866025403784439,1.,0.866025403784439,1.,0.866025403784439,1.,0.866025403784439,
1.,0.866025403784439,1.,0.866025403784439,1.,0.866025403784439,1.,0.866025403784439,
1.,0.866025403784439,1.,0.866025403784439,1.,0.866025403784439,1.,0.866025403784439,
1.,0.866025403784439,1.,0.866025403784439,1.,0.866025403784439,1.,0.866025403784439,
1.,0.866025403784439,1.,0.866025403784439,1.,0.866025403784439,1.,0.866025403784439,
1.,0.866025403784439,1.,0.866025403784439,1.,0.866025403784439,1.,0.866025403784439,
1.,0.866025403784439,1.,0.866025403784439,1.,0.866025403784439,1.,0.866025403784439,
1.,0.866025403784439,1.,0.866025403784439,1.,0.866025403784439,1.,0.866025403784439,
1.,0.866025403784439,1.,0.866025403784439,1.,0.866025403784439,1.,0.866025403784439,
1.,0.866025403784439,1.,0.866025403784439,1.,0.866025403784439,1.,0.866025403784439,
1.,0.866025403784439,1.,0.866025403784439,1.,0.866025403784439,1.,0.866025403784439,
1.,0.866025403784439,1.,0.866025403784439,1.,0.866025403784439,1.,0.866025403784439,
1.,0.866025403784439,1.,0.866025403784439,1.,0.866025403784439,1.,0.866025403784439,
1.,0.866025403784439,1.,0.866025403784439,1.,0.866025403784439,1.,0.866025403784439,
1.,0.866025403784439,1.,0.866025403784439,1.,0.866025403784439,1.,0.866025403784439,
1.,0.866025403784439,1.,0.866025403784439,1.,0.866025403784439,1.,0.866025403784439,
1.,0.866025403784439,1.,0.866025403784439,1.,0.866025403784439,1.,0.866025403784439,
1.,0.866025403784439,1.,0.866025403784439,1.,0.866025403784439,1.,0.866025403784439,
1.,0.866025403784439,1.,0.866025403784439,1.,0.866025403784439,1.,0.866025403784439,
1.,0.866025403784439,1.,0.866025403784439,1.,0.866025403784439,1.,0.866025403784439,
1.,0.866025403784439,1.,0.866025403784439,1.,0.866025403784439,1.,0.866025403784439,
1.,0.866025403784439,1.,0.866025403784439,1.,0.866025403784439,1.,0.866025403784439,
1.,0.866025403784439,1.,0.866025403784439,1.,0.866025403784439,1.,0.866025403784439,
1.,0.866025403784439,1.,0.866025403784439,1.,0.866025403784439,1.,0.866025403784439,
1.,0.866025403784439,1.,0.866025403784439,1.,0.866025403784439,1.,0.866025403784439,
1.,0.866025403784439,1.,0.866025403784439,1.,0.866025403784439,1.,0.866025403784439,
1.,0.866025403784439,1.,0.866025403784439,1.,0.866025403784439,1.,0.866025403784439,
1.,0.866025403784439,1.,0.866025403784439,1.,0.866025403784439,1.,0.866025403784439,
1.,0.866025403784439,1.,0.866025403784439,1.,0.866025403784439,1.,0.866025403784439,
1.,0.866025403784439,1.,0.866025403784439,1.,0.866025403784439,1.,0.866025403784439,
1.,0.866025403784439,1.,0.866025403784439,1.,0.866025403784439,1.,0.866025403784439,
1.,0.866025403784439,1.))
REPRESENTATION_ITEM('')
);
#15=(
BOUNDED_CURVE()
B_SPLINE_CURVE(2,(#922,#923,#924,#925,#926,#927,#928,#929,#930,#931,#932,
#933,#934,#935,#936,#937,#938,#939,#940,#941,#942,#943,#944,#945,#946,#947,
#948,#949,#950,#951,#952,#953,#954,#955,#956,#957,#958,#959,#960,#961,#962,
#963,#964,#965,#966,#967,#968,#969,#970,#971,#972,#973,#974,#975,#976,#977,
#978,#979,#980,#981,#982,#983,#984,#985,#986,#987,#988,#989,#990,#991,#992,
#993,#994,#995,#996,#997,#998,#999,#1000,#1001,#1002,#1003,#1004,#1005,
#1006,#1007,#1008,#1009,#1010,#1011,#1012,#1013,#1014,#1015,#1016,#1017,
#1018,#1019,#1020,#1021,#1022,#1023,#1024,#1025,#1026,#1027,#1028,#1029,
#1030,#1031,#1032,#1033,#1034,#1035,#1036,#1037,#1038,#1039,#1040,#1041,
#1042,#1043,#1044,#1045,#1046,#1047,#1048,#1049,#1050,#1051,#1052,#1053,
#1054,#1055,#1056,#1057,#1058,#1059,#1060,#1061,#1062,#1063,#1064,#1065,
#1066,#1067,#1068,#1069,#1070,#1071,#1072,#1073,#1074,#1075,#1076,#1077,
#1078,#1079,#1080,#1081,#1082,#1083,#1084,#1085,#1086,#1087,#1088,#1089,
#1090,#1091,#1092,#1093,#1094,#1095,#1096,#1097,#1098,#1099,#1100,#1101,
#1102,#1103,#1104,#1105,#1106,#1107,#1108,#1109,#1110,#1111,#1112,#1113,
#1114,#1115,#1116,#1117,#1118,#1119,#1120,#1121,#1122,#1123,#1124,#1125,
#1126,#1127,#1128,#1129,#1130,#1131,#1132,#1133,#1134,#1135,#1136,#1137,
#1138,#1139,#1140,#1141,#1142,#1143,#1144,#1145,#1146,#1147,#1148,#1149,
#1150,#1151,#1152,#1153,#1154,#1155,#1156,#1157,#1158,#1159,#1160,#1161,
#1162,#1163,#1164,#1165,#1166,#1167,#1168,#1169,#1170,#1171,#1172,#1173,
#1174,#1175,#1176,#1177,#1178,#1179,#1180,#1181,#1182,#1183,#1184,#1185,
#1186,#1187,#1188,#1189,#1190,#1191,#1192,#1193,#1194,#1195,#1196,#1197,
#1198,#1199,#1200,#1201,#1202,#1203,#1204,#1205,#1206,#1207,#1208,#1209,
#1210,#1211,#1212,#1213,#1214,#1215,#1216,#1217,#1218,#1219,#1220,#1221,
#1222,#1223,#1224,#1225,#1226,#1227,#1228,#1229,#1230,#1231,#1232,#1233,
#1234,#1235,#1236,#1237,#1238,#1239,#1240,#1241,#1242,#1243,#1244,#1245,
#1246,#1247,#1248,#1249,#1250,#1251,#1252,#1253,#1254,#1255,#1256,#1257,
#1258,#1259,#1260,#1261,#1262,#1263,#1264,#1265,#1266,#1267,#1268,#1269,
#1270,#1271,#1272,#1273,#1274,#1275,#1276,#1277,#1278,#1279,#1280,#1281,
#1282,#1283,#1284,#1285,#1286,#1287,#1288,#1289,#1290,#1291,#1292,#1293,
#1294,#1295,#1296,#1297,#1298,#1299,#1300,#1301,#1302,#1303,#1304,#1305,
#1306,#1307,#1308,#1309,#1310,#1311,#1312,#1313,#1314,#1315,#1316,#1317,
#1318,#1319,#1320,#1321,#1322,#1323,#1324,#1325,#1326,#1327,#1328,#1329,
#1330,#1331,#1332,#1333,#1334,#1335,#1336,#1337,#1338,#1339,#1340,#1341,
#1342,#1343,#1344,#1345,#1346,#1347,#1348,#1349,#1350,#1351,#1352,#1353,
#1354,#1355,#1356,#1357,#1358,#1359,#1360,#1361,#1362,#1363,#1364,#1365,
#1366,#1367,#1368,#1369,#1370,#1371,#1372,#1373,#1374,#1375,#1376,#1377,
#1378,#1379,#1380,#1381,#1382,#1383,#1384,#1385,#1386,#1387,#1388,#1389,
#1390,#1391,#1392,#1393,#1394,#1395,#1396,#1397,#1398,#1399,#1400,#1401,
#1402,#1403,#1404,#1405,#1406,#1407,#1408,#1409,#1410,#1411,#1412,#1413,
#1414,#1415,#1416,#1417,#1418,#1419,#1420,#1421,#1422,#1423,#1424,#1425,
#1426,#1427,#1428,#1429,#1430,#1431,#1432,#1433,#1434,#1435,#1436,#1437,
#1438,#1439,#1440,#1441,#1442,#1443,#1444,#1445,#1446,#1447,#1448,#1449,
#1450,#1451,#1452,#1453,#1454,#1455,#1456,#1457,#1458,#1459,#1460,#1461,
#1462,#1463,#1464,#1465,#1466,#1467,#1468,#1469,#1470,#1471,#1472,#1473,
#1474,#1475,#1476,#1477,#1478,#1479,#1480,#1481,#1482,#1483,#1484,#1485,
#1486,#1487,#1488,#1489,#1490,#1491,#1492,#1493,#1494,#1495,#1496,#1497,
#1498,#1499,#1500,#1501,#1502,#1503,#1504,#1505,#1506,#1507,#1508,#1509,
#1510,#1511,#1512,#1513,#1514,#1515,#1516,#1517,#1518,#1519,#1520,#1521,
#1522,#1523,#1524,#1525,#1526,#1527,#1528,#1529,#1530,#1531,#1532,#1533,
#1534,#1535,#1536,#1537,#1538,#1539,#1540,#1541,#1542,#1543,#1544,#1545,
#1546,#1547,#1548,#1549,#1550,#1551,#1552,#1553,#1554,#1555,#1556,#1557,
#1558,#1559,#1560,#1561,#1562,#1563,#1564,#1565,#1566,#1567,#1568,#1569,
#1570,#1571,#1572,#1573,#1574,#1575,#1576,#1577,#1578,#1579,#1580,#1581,
#1582,#1583,#1584,#1585,#1586,#1587,#1588,#1589,#1590,#1591,#1592,#1593,
#1594,#1595,#1596,#1597,#1598,#1599,#1600,#1601,#1602,#1603,#1604,#1605,
#1606,#1607,#1608,#1609,#1610,#1611,#1612,#1613,#1614,#1615,#1616,#1617,
#1618,#1619,#1620,#1621,#1622,#1623,#1624,#1625,#1626,#1627,#1628,#1629,
#1630,#1631,#1632,#1633,#1634,#1635,#1636,#1637,#1638,#1639,#1640,#1641,
#1642),.UNSPECIFIED.,.F.,.F.)
B_SPLINE_CURVE_WITH_KNOTS((3,2,2,2,2,2,2,2,2,2,2,2,2,2,2,2,2,2,2,2,2,2,
2,2,2,2,2,2,2,2,2,2,2,2,2,2,2,2,2,2,2,2,2,2,2,2,2,2,2,2,2,2,2,2,2,2,2,2,
2,2,2,2,2,2,2,2,2,2,2,2,2,2,2,2,2,2,2,2,2,2,2,2,2,2,2,2,2,2,2,2,2,2,2,2,
2,2,2,2,2,2,2,2,2,2,2,2,2,2,2,2,2,2,2,2,2,2,2,2,2,2,2,2,2,2,2,2,2,2,2,2,
2,2,2,2,2,2,2,2,2,2,2,2,2,2,2,2,2,2,2,2,2,2,2,2,2,2,2,2,2,2,2,2,2,2,2,2,
2,2,2,2,2,2,2,2,2,2,2,2,2,2,2,2,2,2,2,2,2,2,2,2,2,2,2,2,2,2,2,2,2,2,2,2,
2,2,2,2,2,2,2,2,2,2,2,2,2,2,2,2,2,2,2,2,2,2,2,2,2,2,2,2,2,2,2,2,2,2,2,2,
2,2,2,2,2,2,2,2,2,2,2,2,2,2,2,2,2,2,2,2,2,2,2,2,2,2,2,2,2,2,2,2,2,2,2,2,
2,2,2,2,2,2,2,2,2,2,2,2,2,2,2,2,2,2,2,2,2,2,2,2,2,2,2,2,2,2,2,2,2,2,2,2,
2,2,2,2,2,2,2,2,2,2,2,2,2,2,2,2,2,2,2,2,2,2,2,2,2,2,2,2,2,2,2,2,2,2,2,2,
2,2,2,2,2,2,2,2,2,2,2,2,2,2,3),(0.,0.00277777777777778,0.00555555555555556,
0.00833333333333333,0.0111111111111111,0.0138888888888889,0.0166666666666666,
0.0194444444444444,0.0222222222222222,0.025,0.0277777777777778,0.0305555555555556,
0.0333333333333333,0.0361111111111111,0.0388888888888889,0.0416666666666667,
0.0444444444444444,0.0472222222222222,0.05,0.0527777777777778,0.0555555555555556,
0.0583333333333333,0.0611111111111111,0.0638888888888889,0.0666666666666667,
0.0694444444444445,0.0722222222222222,0.075,0.0777777777777778,0.0805555555555556,
0.0833333333333333,0.0861111111111111,0.0888888888888889,0.0916666666666667,
0.0944444444444444,0.0972222222222222,0.1,0.102777777777778,0.105555555555556,
0.108333333333333,0.111111111111111,0.113888888888889,0.116666666666667,
0.119444444444444,0.122222222222222,0.125,0.127777777777778,0.130555555555556,
0.133333333333333,0.136111111111111,0.138888888888889,0.141666666666667,
0.144444444444444,0.147222222222222,0.15,0.152777777777778,0.155555555555556,
0.158333333333333,0.161111111111111,0.163888888888889,0.166666666666667,
0.169444444444445,0.172222222222222,0.175,0.177777777777778,0.180555555555555,
0.183333333333334,0.186111111111111,0.188888888888889,0.191666666666667,
0.194444444444445,0.197222222222222,0.2,0.202777777777778,0.205555555555555,
0.208333333333334,0.211111111111111,0.213888888888889,0.216666666666667,
0.219444444444444,0.222222222222222,0.225,0.227777777777778,0.230555555555555,
0.233333333333334,0.236111111111111,0.238888888888889,0.241666666666667,
0.244444444444445,0.247222222222222,0.25,0.252777777777778,0.255555555555555,
0.258333333333334,0.261111111111111,0.263888888888889,0.266666666666666,
0.269444444444444,0.272222222222222,0.275,0.277777777777778,0.280555555555556,
0.283333333333334,0.286111111111111,0.288888888888889,0.291666666666667,
0.294444444444445,0.297222222222222,0.3,0.302777777777778,0.305555555555555,
0.308333333333334,0.311111111111111,0.313888888888889,0.316666666666666,
0.319444444444444,0.322222222222223,0.325,0.327777777777778,0.330555555555555,
0.333333333333334,0.336111111111111,0.338888888888889,0.341666666666667,
0.344444444444444,0.347222222222222,0.35,0.352777777777778,0.355555555555556,
0.358333333333334,0.361111111111111,0.363888888888889,0.366666666666666,
0.369444444444444,0.372222222222223,0.375,0.377777777777778,0.380555555555555,
0.383333333333334,0.386111111111111,0.388888888888889,0.391666666666666,
0.394444444444444,0.397222222222222,0.4,0.402777777777778,0.405555555555556,
0.408333333333334,0.411111111111111,0.413888888888889,0.416666666666667,
0.419444444444445,0.422222222222222,0.425,0.427777777777778,0.430555555555555,
0.433333333333334,0.436111111111111,0.438888888888889,0.441666666666666,
0.444444444444444,0.447222222222223,0.45,0.452777777777778,0.455555555555556,
0.458333333333333,0.461111111111111,0.463888888888889,0.466666666666667,
0.469444444444444,0.472222222222222,0.475,0.477777777777778,0.480555555555556,
0.483333333333333,0.486111111111111,0.488888888888889,0.491666666666667,
0.494444444444445,0.497222222222222,0.5,0.502777777777778,0.505555555555556,
0.508333333333333,0.511111111111111,0.513888888888889,0.516666666666667,
0.519444444444445,0.522222222222222,0.525,0.527777777777778,0.530555555555556,
0.533333333333333,0.536111111111111,0.538888888888889,0.541666666666667,
0.544444444444444,0.547222222222222,0.55,0.552777777777778,0.555555555555556,
0.558333333333333,0.561111111111111,0.563888888888889,0.566666666666667,
0.569444444444444,0.572222222222222,0.575,0.577777777777778,0.580555555555556,
0.583333333333333,0.586111111111111,0.588888888888889,0.591666666666667,
0.594444444444444,0.597222222222222,0.6,0.602777777777778,0.605555555555556,
0.608333333333333,0.611111111111111,0.613888888888889,0.616666666666667,
0.619444444444445,0.622222222222222,0.625,0.627777777777778,0.630555555555556,
0.633333333333333,0.636111111111111,0.638888888888889,0.641666666666667,
0.644444444444445,0.647222222222222,0.65,0.652777777777778,0.655555555555556,
0.658333333333333,0.661111111111111,0.663888888888889,0.666666666666667,
0.669444444444444,0.672222222222222,0.675,0.677777777777778,0.680555555555556,
0.683333333333333,0.686111111111111,0.688888888888889,0.691666666666667,
0.694444444444444,0.697222222222222,0.7,0.702777777777778,0.705555555555556,
0.708333333333333,0.711111111111111,0.713888888888889,0.716666666666667,
0.719444444444444,0.722222222222222,0.725,0.727777777777778,0.730555555555556,
0.733333333333333,0.736111111111111,0.738888888888889,0.741666666666667,
0.744444444444445,0.747222222222222,0.75,0.752777777777778,0.755555555555556,
0.758333333333333,0.761111111111111,0.763888888888889,0.766666666666667,
0.769444444444445,0.772222222222222,0.775,0.777777777777778,0.780555555555556,
0.783333333333333,0.786111111111111,0.788888888888889,0.791666666666667,
0.794444444444444,0.797222222222222,0.8,0.802777777777778,0.805555555555556,
0.808333333333333,0.811111111111111,0.813888888888889,0.816666666666667,
0.819444444444444,0.822222222222222,0.825,0.827777777777778,0.830555555555556,
0.833333333333333,0.836111111111111,0.838888888888889,0.841666666666667,
0.844444444444444,0.847222222222222,0.85,0.852777777777778,0.855555555555556,
0.858333333333333,0.861111111111111,0.863888888888889,0.866666666666667,
0.869444444444445,0.872222222222222,0.875,0.877777777777778,0.880555555555556,
0.883333333333333,0.886111111111111,0.888888888888889,0.891666666666667,
0.894444444444445,0.897222222222222,0.9,0.902777777777778,0.905555555555556,
0.908333333333333,0.911111111111111,0.913888888888889,0.916666666666667,
0.919444444444444,0.922222222222222,0.925,0.927777777777778,0.930555555555556,
0.933333333333333,0.936111111111111,0.938888888888889,0.941666666666667,
0.944444444444444,0.947222222222222,0.95,0.952777777777778,0.955555555555556,
0.958333333333333,0.961111111111111,0.963888888888889,0.966666666666667,
0.969444444444444,0.972222222222222,0.975,0.977777777777778,0.980555555555556,
0.983333333333333,0.986111111111111,0.988888888888889,0.991666666666667,
0.994444444444444,0.997222222222222,1.),.UNSPECIFIED.)
CURVE()
GEOMETRIC_REPRESENTATION_ITEM()
RATIONAL_B_SPLINE_CURVE((1.,0.866025403784439,1.,0.866025403784439,1.,0.866025403784439,
1.,0.866025403784439,1.,0.866025403784439,1.,0.866025403784439,1.,0.866025403784439,
1.,0.866025403784439,1.,0.866025403784439,1.,0.866025403784439,1.,0.866025403784439,
1.,0.866025403784439,1.,0.866025403784439,1.,0.866025403784439,1.,0.866025403784439,
1.,0.866025403784439,1.,0.866025403784439,1.,0.866025403784439,1.,0.866025403784439,
1.,0.866025403784439,1.,0.866025403784439,1.,0.866025403784439,1.,0.866025403784439,
1.,0.866025403784439,1.,0.866025403784439,1.,0.866025403784439,1.,0.866025403784439,
1.,0.866025403784439,1.,0.866025403784439,1.,0.866025403784439,1.,0.866025403784439,
1.,0.866025403784439,1.,0.866025403784439,1.,0.866025403784439,1.,0.866025403784439,
1.,0.866025403784439,1.,0.866025403784439,1.,0.866025403784439,1.,0.866025403784439,
1.,0.866025403784439,1.,0.866025403784439,1.,0.866025403784439,1.,0.866025403784439,
1.,0.866025403784439,1.,0.866025403784439,1.,0.866025403784439,1.,0.866025403784439,
1.,0.866025403784439,1.,0.866025403784439,1.,0.866025403784439,1.,0.866025403784439,
1.,0.866025403784439,1.,0.866025403784439,1.,0.866025403784439,1.,0.866025403784439,
1.,0.866025403784439,1.,0.866025403784439,1.,0.866025403784439,1.,0.866025403784439,
1.,0.866025403784439,1.,0.866025403784439,1.,0.866025403784439,1.,0.866025403784439,
1.,0.866025403784439,1.,0.866025403784439,1.,0.866025403784439,1.,0.866025403784439,
1.,0.866025403784439,1.,0.866025403784439,1.,0.866025403784439,1.,0.866025403784439,
1.,0.866025403784439,1.,0.866025403784439,1.,0.866025403784439,1.,0.866025403784439,
1.,0.866025403784439,1.,0.866025403784439,1.,0.866025403784439,1.,0.866025403784439,
1.,0.866025403784439,1.,0.866025403784439,1.,0.866025403784439,1.,0.866025403784439,
1.,0.866025403784439,1.,0.866025403784439,1.,0.866025403784439,1.,0.866025403784439,
1.,0.866025403784439,1.,0.866025403784439,1.,0.866025403784439,1.,0.866025403784439,
1.,0.866025403784439,1.,0.866025403784439,1.,0.866025403784439,1.,0.866025403784439,
1.,0.866025403784439,1.,0.866025403784439,1.,0.866025403784439,1.,0.866025403784439,
1.,0.866025403784439,1.,0.866025403784439,1.,0.866025403784439,1.,0.866025403784439,
1.,0.866025403784439,1.,0.866025403784439,1.,0.866025403784439,1.,0.866025403784439,
1.,0.866025403784439,1.,0.866025403784439,1.,0.866025403784439,1.,0.866025403784439,
1.,0.866025403784439,1.,0.866025403784439,1.,0.866025403784439,1.,0.866025403784439,
1.,0.866025403784439,1.,0.866025403784439,1.,0.866025403784439,1.,0.866025403784439,
1.,0.866025403784439,1.,0.866025403784439,1.,0.866025403784439,1.,0.866025403784439,
1.,0.866025403784439,1.,0.866025403784439,1.,0.866025403784439,1.,0.866025403784439,
1.,0.866025403784439,1.,0.866025403784439,1.,0.866025403784439,1.,0.866025403784439,
1.,0.866025403784439,1.,0.866025403784439,1.,0.866025403784439,1.,0.866025403784439,
1.,0.866025403784439,1.,0.866025403784439,1.,0.866025403784439,1.,0.866025403784439,
1.,0.866025403784439,1.,0.866025403784439,1.,0.866025403784439,1.,0.866025403784439,
1.,0.866025403784439,1.,0.866025403784439,1.,0.866025403784439,1.,0.866025403784439,
1.,0.866025403784439,1.,0.866025403784439,1.,0.866025403784439,1.,0.866025403784439,
1.,0.866025403784439,1.,0.866025403784439,1.,0.866025403784439,1.,0.866025403784439,
1.,0.866025403784439,1.,0.866025403784439,1.,0.866025403784439,1.,0.866025403784439,
1.,0.866025403784439,1.,0.866025403784439,1.,0.866025403784439,1.,0.866025403784439,
1.,0.866025403784439,1.,0.866025403784439,1.,0.866025403784439,1.,0.866025403784439,
1.,0.866025403784439,1.,0.866025403784439,1.,0.866025403784439,1.,0.866025403784439,
1.,0.866025403784439,1.,0.866025403784439,1.,0.866025403784439,1.,0.866025403784439,
1.,0.866025403784439,1.,0.866025403784439,1.,0.866025403784439,1.,0.866025403784439,
1.,0.866025403784439,1.,0.866025403784439,1.,0.866025403784439,1.,0.866025403784439,
1.,0.866025403784439,1.,0.866025403784439,1.,0.866025403784439,1.,0.866025403784439,
1.,0.866025403784439,1.,0.866025403784439,1.,0.866025403784439,1.,0.866025403784439,
1.,0.866025403784439,1.,0.866025403784439,1.,0.866025403784439,1.,0.866025403784439,
1.,0.866025403784439,1.,0.866025403784439,1.,0.866025403784439,1.,0.866025403784439,
1.,0.866025403784439,1.,0.866025403784439,1.,0.866025403784439,1.,0.866025403784439,
1.,0.866025403784439,1.,0.866025403784439,1.,0.866025403784439,1.,0.866025403784439,
1.,0.866025403784439,1.,0.866025403784439,1.,0.866025403784439,1.,0.866025403784439,
1.,0.866025403784439,1.,0.866025403784439,1.,0.866025403784439,1.,0.866025403784439,
1.,0.866025403784439,1.,0.866025403784439,1.,0.866025403784439,1.,0.866025403784439,
1.,0.866025403784439,1.,0.866025403784439,1.,0.866025403784439,1.,0.866025403784439,
1.,0.866025403784439,1.,0.866025403784439,1.,0.866025403784439,1.,0.866025403784439,
1.,0.866025403784439,1.,0.866025403784439,1.,0.866025403784439,1.,0.866025403784439,
1.,0.866025403784439,1.,0.866025403784439,1.,0.866025403784439,1.,0.866025403784439,
1.,0.866025403784439,1.,0.866025403784439,1.,0.866025403784439,1.,0.866025403784439,
1.,0.866025403784439,1.,0.866025403784439,1.,0.866025403784439,1.,0.866025403784439,
1.,0.866025403784439,1.,0.866025403784439,1.,0.866025403784439,1.,0.866025403784439,
1.,0.866025403784439,1.,0.866025403784439,1.,0.866025403784439,1.,0.866025403784439,
1.,0.866025403784439,1.,0.866025403784439,1.,0.866025403784439,1.,0.866025403784439,
1.,0.866025403784439,1.,0.866025403784439,1.,0.866025403784439,1.,0.866025403784439,
1.,0.866025403784439,1.,0.866025403784439,1.,0.866025403784439,1.,0.866025403784439,
1.,0.866025403784439,1.,0.866025403784439,1.,0.866025403784439,1.,0.866025403784439,
1.,0.866025403784439,1.,0.866025403784439,1.,0.866025403784439,1.,0.866025403784439,
1.,0.866025403784439,1.,0.866025403784439,1.,0.866025403784439,1.,0.866025403784439,
1.,0.866025403784439,1.,0.866025403784439,1.,0.866025403784439,1.,0.866025403784439,
1.,0.866025403784439,1.,0.866025403784439,1.,0.866025403784439,1.,0.866025403784439,
1.,0.866025403784439,1.,0.866025403784439,1.,0.866025403784439,1.,0.866025403784439,
1.,0.866025403784439,1.,0.866025403784439,1.,0.866025403784439,1.,0.866025403784439,
1.,0.866025403784439,1.,0.866025403784439,1.,0.866025403784439,1.,0.866025403784439,
1.,0.866025403784439,1.,0.866025403784439,1.,0.866025403784439,1.,0.866025403784439,
1.,0.866025403784439,1.,0.866025403784439,1.,0.866025403784439,1.,0.866025403784439,
1.,0.866025403784439,1.,0.866025403784439,1.,0.866025403784439,1.,0.866025403784439,
1.,0.866025403784439,1.,0.866025403784439,1.,0.866025403784439,1.,0.866025403784439,
1.,0.866025403784439,1.,0.866025403784439,1.,0.866025403784439,1.,0.866025403784439,
1.,0.866025403784439,1.,0.866025403784439,1.,0.866025403784439,1.,0.866025403784439,
1.,0.866025403784439,1.,0.866025403784439,1.,0.866025403784439,1.,0.866025403784439,
1.,0.866025403784439,1.,0.866025403784439,1.,0.866025403784439,1.,0.866025403784439,
1.,0.866025403784439,1.,0.866025403784439,1.,0.866025403784439,1.,0.866025403784439,
1.,0.866025403784439,1.,0.866025403784439,1.,0.866025403784439,1.,0.866025403784439,
1.,0.866025403784439,1.,0.866025403784439,1.,0.866025403784439,1.,0.866025403784439,
1.,0.866025403784439,1.,0.866025403784439,1.,0.866025403784439,1.,0.866025403784439,
1.,0.866025403784439,1.,0.866025403784439,1.,0.866025403784439,1.,0.866025403784439,
1.,0.866025403784439,1.,0.866025403784439,1.,0.866025403784439,1.,0.866025403784439,
1.,0.866025403784439,1.,0.866025403784439,1.,0.866025403784439,1.,0.866025403784439,
1.,0.866025403784439,1.,0.866025403784439,1.,0.866025403784439,1.,0.866025403784439,
1.,0.866025403784439,1.))
REPRESENTATION_ITEM('')
);
#16=(
BOUNDED_CURVE()
B_SPLINE_CURVE(2,(#3069,#3070,#3071,#3072,#3073,#3074,#3075,#3076,#3077,
#3078,#3079,#3080,#3081,#3082,#3083,#3084,#3085,#3086,#3087,#3088,#3089,
#3090,#3091,#3092,#3093,#3094,#3095,#3096,#3097,#3098,#3099,#3100,#3101,
#3102,#3103,#3104,#3105,#3106,#3107,#3108,#3109,#3110,#3111,#3112,#3113,
#3114,#3115,#3116,#3117,#3118,#3119,#3120,#3121,#3122,#3123,#3124,#3125,
#3126,#3127,#3128,#3129,#3130,#3131,#3132,#3133,#3134,#3135,#3136,#3137,
#3138,#3139,#3140,#3141,#3142,#3143,#3144,#3145,#3146,#3147,#3148,#3149,
#3150,#3151,#3152,#3153,#3154,#3155,#3156,#3157,#3158,#3159,#3160,#3161,
#3162,#3163,#3164,#3165,#3166,#3167,#3168,#3169,#3170,#3171,#3172,#3173,
#3174,#3175,#3176,#3177,#3178,#3179,#3180,#3181,#3182,#3183,#3184,#3185,
#3186,#3187,#3188,#3189,#3190,#3191,#3192,#3193,#3194,#3195,#3196,#3197,
#3198,#3199,#3200,#3201,#3202,#3203,#3204,#3205,#3206,#3207,#3208,#3209,
#3210,#3211,#3212,#3213,#3214,#3215,#3216,#3217,#3218,#3219,#3220,#3221,
#3222,#3223,#3224,#3225,#3226,#3227,#3228,#3229,#3230,#3231,#3232,#3233,
#3234,#3235,#3236,#3237,#3238,#3239,#3240,#3241,#3242,#3243,#3244,#3245,
#3246,#3247,#3248,#3249,#3250,#3251,#3252,#3253,#3254,#3255,#3256,#3257,
#3258,#3259,#3260,#3261,#3262,#3263,#3264,#3265,#3266,#3267,#3268,#3269,
#3270,#3271,#3272,#3273,#3274,#3275,#3276,#3277,#3278,#3279,#3280,#3281,
#3282,#3283,#3284,#3285,#3286,#3287,#3288,#3289,#3290,#3291,#3292,#3293,
#3294,#3295,#3296,#3297,#3298,#3299,#3300,#3301,#3302,#3303,#3304,#3305,
#3306,#3307,#3308,#3309,#3310,#3311,#3312,#3313,#3314,#3315,#3316,#3317,
#3318,#3319,#3320,#3321,#3322,#3323,#3324,#3325,#3326,#3327,#3328,#3329,
#3330,#3331,#3332,#3333,#3334,#3335,#3336,#3337,#3338,#3339,#3340,#3341,
#3342,#3343,#3344,#3345,#3346,#3347,#3348,#3349,#3350,#3351,#3352,#3353,
#3354,#3355,#3356,#3357,#3358,#3359,#3360,#3361,#3362,#3363,#3364,#3365,
#3366,#3367,#3368,#3369,#3370,#3371,#3372,#3373,#3374,#3375,#3376,#3377,
#3378,#3379,#3380,#3381,#3382,#3383,#3384,#3385,#3386,#3387,#3388,#3389,
#3390,#3391,#3392,#3393,#3394,#3395,#3396,#3397,#3398,#3399,#3400,#3401,
#3402,#3403,#3404,#3405,#3406,#3407,#3408,#3409,#3410,#3411,#3412,#3413,
#3414,#3415,#3416,#3417,#3418,#3419,#3420,#3421,#3422,#3423,#3424,#3425,
#3426,#3427,#3428,#3429,#3430,#3431,#3432,#3433,#3434,#3435,#3436,#3437,
#3438,#3439,#3440,#3441,#3442,#3443,#3444,#3445,#3446,#3447,#3448,#3449,
#3450,#3451,#3452,#3453,#3454,#3455,#3456,#3457,#3458,#3459,#3460,#3461,
#3462,#3463,#3464,#3465,#3466,#3467,#3468,#3469,#3470,#3471,#3472,#3473,
#3474,#3475,#3476,#3477,#3478,#3479,#3480,#3481,#3482,#3483,#3484,#3485,
#3486,#3487,#3488,#3489,#3490,#3491,#3492,#3493,#3494,#3495,#3496,#3497,
#3498,#3499,#3500,#3501,#3502,#3503,#3504,#3505,#3506,#3507,#3508,#3509,
#3510,#3511,#3512,#3513,#3514,#3515,#3516,#3517,#3518,#3519,#3520,#3521,
#3522,#3523,#3524,#3525,#3526,#3527,#3528,#3529,#3530,#3531,#3532,#3533,
#3534,#3535,#3536,#3537,#3538,#3539,#3540,#3541,#3542,#3543,#3544,#3545,
#3546,#3547,#3548,#3549,#3550,#3551,#3552,#3553,#3554,#3555,#3556,#3557,
#3558,#3559,#3560,#3561,#3562,#3563,#3564,#3565,#3566,#3567,#3568,#3569,
#3570,#3571,#3572,#3573,#3574,#3575,#3576,#3577,#3578,#3579,#3580,#3581,
#3582,#3583,#3584,#3585,#3586,#3587,#3588,#3589,#3590,#3591,#3592,#3593,
#3594,#3595,#3596,#3597,#3598,#3599,#3600,#3601,#3602,#3603,#3604,#3605,
#3606,#3607,#3608,#3609,#3610,#3611,#3612,#3613,#3614,#3615,#3616,#3617,
#3618,#3619,#3620,#3621,#3622,#3623,#3624,#3625,#3626,#3627,#3628,#3629,
#3630,#3631,#3632,#3633,#3634,#3635,#3636,#3637,#3638,#3639,#3640,#3641,
#3642,#3643,#3644,#3645,#3646,#3647,#3648,#3649,#3650,#3651,#3652,#3653,
#3654,#3655,#3656,#3657,#3658,#3659,#3660,#3661,#3662,#3663,#3664,#3665,
#3666,#3667,#3668,#3669,#3670,#3671,#3672,#3673,#3674,#3675,#3676,#3677,
#3678,#3679,#3680,#3681,#3682,#3683,#3684,#3685,#3686,#3687,#3688,#3689,
#3690,#3691,#3692,#3693,#3694,#3695,#3696,#3697,#3698,#3699,#3700,#3701,
#3702,#3703,#3704,#3705,#3706,#3707,#3708,#3709,#3710,#3711,#3712,#3713,
#3714,#3715,#3716,#3717,#3718,#3719,#3720,#3721,#3722,#3723,#3724,#3725,
#3726,#3727,#3728,#3729,#3730,#3731,#3732,#3733,#3734,#3735,#3736,#3737,
#3738,#3739,#3740,#3741,#3742,#3743,#3744,#3745,#3746,#3747,#3748,#3749,
#3750,#3751,#3752,#3753,#3754,#3755,#3756,#3757,#3758,#3759,#3760,#3761,
#3762,#3763,#3764,#3765,#3766,#3767,#3768,#3769,#3770,#3771,#3772,#3773,
#3774,#3775,#3776,#3777,#3778,#3779,#3780,#3781,#3782,#3783,#3784,#3785,
#3786,#3787,#3788,#3789),.UNSPECIFIED.,.F.,.F.)
B_SPLINE_CURVE_WITH_KNOTS((3,2,2,2,2,2,2,2,2,2,2,2,2,2,2,2,2,2,2,2,2,2,
2,2,2,2,2,2,2,2,2,2,2,2,2,2,2,2,2,2,2,2,2,2,2,2,2,2,2,2,2,2,2,2,2,2,2,2,
2,2,2,2,2,2,2,2,2,2,2,2,2,2,2,2,2,2,2,2,2,2,2,2,2,2,2,2,2,2,2,2,2,2,2,2,
2,2,2,2,2,2,2,2,2,2,2,2,2,2,2,2,2,2,2,2,2,2,2,2,2,2,2,2,2,2,2,2,2,2,2,2,
2,2,2,2,2,2,2,2,2,2,2,2,2,2,2,2,2,2,2,2,2,2,2,2,2,2,2,2,2,2,2,2,2,2,2,2,
2,2,2,2,2,2,2,2,2,2,2,2,2,2,2,2,2,2,2,2,2,2,2,2,2,2,2,2,2,2,2,2,2,2,2,2,
2,2,2,2,2,2,2,2,2,2,2,2,2,2,2,2,2,2,2,2,2,2,2,2,2,2,2,2,2,2,2,2,2,2,2,2,
2,2,2,2,2,2,2,2,2,2,2,2,2,2,2,2,2,2,2,2,2,2,2,2,2,2,2,2,2,2,2,2,2,2,2,2,
2,2,2,2,2,2,2,2,2,2,2,2,2,2,2,2,2,2,2,2,2,2,2,2,2,2,2,2,2,2,2,2,2,2,2,2,
2,2,2,2,2,2,2,2,2,2,2,2,2,2,2,2,2,2,2,2,2,2,2,2,2,2,2,2,2,2,2,2,2,2,2,2,
2,2,2,2,2,2,2,2,2,2,2,2,2,2,3),(0.,0.00277777777777778,0.00555555555555556,
0.00833333333333333,0.0111111111111111,0.0138888888888889,0.0166666666666666,
0.0194444444444444,0.0222222222222222,0.025,0.0277777777777778,0.0305555555555556,
0.0333333333333333,0.0361111111111111,0.0388888888888889,0.0416666666666667,
0.0444444444444444,0.0472222222222222,0.05,0.0527777777777778,0.0555555555555556,
0.0583333333333333,0.0611111111111111,0.0638888888888889,0.0666666666666667,
0.0694444444444445,0.0722222222222222,0.075,0.0777777777777778,0.0805555555555556,
0.0833333333333333,0.0861111111111111,0.0888888888888889,0.0916666666666667,
0.0944444444444444,0.0972222222222222,0.1,0.102777777777778,0.105555555555556,
0.108333333333333,0.111111111111111,0.113888888888889,0.116666666666667,
0.119444444444444,0.122222222222222,0.125,0.127777777777778,0.130555555555556,
0.133333333333333,0.136111111111111,0.138888888888889,0.141666666666667,
0.144444444444444,0.147222222222222,0.15,0.152777777777778,0.155555555555556,
0.158333333333333,0.161111111111111,0.163888888888889,0.166666666666667,
0.169444444444445,0.172222222222222,0.175,0.177777777777778,0.180555555555555,
0.183333333333334,0.186111111111111,0.188888888888889,0.191666666666667,
0.194444444444445,0.197222222222222,0.2,0.202777777777778,0.205555555555555,
0.208333333333334,0.211111111111111,0.213888888888889,0.216666666666667,
0.219444444444444,0.222222222222222,0.225,0.227777777777778,0.230555555555555,
0.233333333333334,0.236111111111111,0.238888888888889,0.241666666666667,
0.244444444444445,0.247222222222222,0.25,0.252777777777778,0.255555555555555,
0.258333333333334,0.261111111111111,0.263888888888889,0.266666666666666,
0.269444444444444,0.272222222222222,0.275,0.277777777777778,0.280555555555556,
0.283333333333334,0.286111111111111,0.288888888888889,0.291666666666667,
0.294444444444445,0.297222222222222,0.3,0.302777777777778,0.305555555555555,
0.308333333333334,0.311111111111111,0.313888888888889,0.316666666666666,
0.319444444444444,0.322222222222223,0.325,0.327777777777778,0.330555555555555,
0.333333333333334,0.336111111111111,0.338888888888889,0.341666666666667,
0.344444444444444,0.347222222222222,0.35,0.352777777777778,0.355555555555556,
0.358333333333334,0.361111111111111,0.363888888888889,0.366666666666666,
0.369444444444444,0.372222222222223,0.375,0.377777777777778,0.380555555555555,
0.383333333333334,0.386111111111111,0.388888888888889,0.391666666666666,
0.394444444444444,0.397222222222222,0.4,0.402777777777778,0.405555555555556,
0.408333333333334,0.411111111111111,0.413888888888889,0.416666666666667,
0.419444444444445,0.422222222222222,0.425,0.427777777777778,0.430555555555555,
0.433333333333334,0.436111111111111,0.438888888888889,0.441666666666666,
0.444444444444444,0.447222222222223,0.45,0.452777777777778,0.455555555555556,
0.458333333333333,0.461111111111111,0.463888888888889,0.466666666666667,
0.469444444444444,0.472222222222222,0.475,0.477777777777778,0.480555555555556,
0.483333333333333,0.486111111111111,0.488888888888889,0.491666666666667,
0.494444444444445,0.497222222222222,0.5,0.502777777777778,0.505555555555556,
0.508333333333333,0.511111111111111,0.513888888888889,0.516666666666667,
0.519444444444445,0.522222222222222,0.525,0.527777777777778,0.530555555555556,
0.533333333333333,0.536111111111111,0.538888888888889,0.541666666666667,
0.544444444444444,0.547222222222222,0.55,0.552777777777778,0.555555555555556,
0.558333333333333,0.561111111111111,0.563888888888889,0.566666666666667,
0.569444444444444,0.572222222222222,0.575,0.577777777777778,0.580555555555556,
0.583333333333333,0.586111111111111,0.588888888888889,0.591666666666667,
0.594444444444444,0.597222222222222,0.6,0.602777777777778,0.605555555555556,
0.608333333333333,0.611111111111111,0.613888888888889,0.616666666666667,
0.619444444444445,0.622222222222222,0.625,0.627777777777778,0.630555555555556,
0.633333333333333,0.636111111111111,0.638888888888889,0.641666666666667,
0.644444444444445,0.647222222222222,0.65,0.652777777777778,0.655555555555556,
0.658333333333333,0.661111111111111,0.663888888888889,0.666666666666667,
0.669444444444444,0.672222222222222,0.675,0.677777777777778,0.680555555555556,
0.683333333333333,0.686111111111111,0.688888888888889,0.691666666666667,
0.694444444444444,0.697222222222222,0.7,0.702777777777778,0.705555555555556,
0.708333333333333,0.711111111111111,0.713888888888889,0.716666666666667,
0.719444444444444,0.722222222222222,0.725,0.727777777777778,0.730555555555556,
0.733333333333333,0.736111111111111,0.738888888888889,0.741666666666667,
0.744444444444445,0.747222222222222,0.75,0.752777777777778,0.755555555555556,
0.758333333333333,0.761111111111111,0.763888888888889,0.766666666666667,
0.769444444444445,0.772222222222222,0.775,0.777777777777778,0.780555555555556,
0.783333333333333,0.786111111111111,0.788888888888889,0.791666666666667,
0.794444444444444,0.797222222222222,0.8,0.802777777777778,0.805555555555556,
0.808333333333333,0.811111111111111,0.813888888888889,0.816666666666667,
0.819444444444444,0.822222222222222,0.825,0.827777777777778,0.830555555555556,
0.833333333333333,0.836111111111111,0.838888888888889,0.841666666666667,
0.844444444444444,0.847222222222222,0.85,0.852777777777778,0.855555555555556,
0.858333333333333,0.861111111111111,0.863888888888889,0.866666666666667,
0.869444444444445,0.872222222222222,0.875,0.877777777777778,0.880555555555556,
0.883333333333333,0.886111111111111,0.888888888888889,0.891666666666667,
0.894444444444445,0.897222222222222,0.9,0.902777777777778,0.905555555555556,
0.908333333333333,0.911111111111111,0.913888888888889,0.916666666666667,
0.919444444444444,0.922222222222222,0.925,0.927777777777778,0.930555555555556,
0.933333333333333,0.936111111111111,0.938888888888889,0.941666666666667,
0.944444444444444,0.947222222222222,0.95,0.952777777777778,0.955555555555556,
0.958333333333333,0.961111111111111,0.963888888888889,0.966666666666667,
0.969444444444444,0.972222222222222,0.975,0.977777777777778,0.980555555555556,
0.983333333333333,0.986111111111111,0.988888888888889,0.991666666666667,
0.994444444444444,0.997222222222222,1.),.UNSPECIFIED.)
CURVE()
GEOMETRIC_REPRESENTATION_ITEM()
RATIONAL_B_SPLINE_CURVE((1.,0.866025403784439,1.,0.866025403784439,1.,0.866025403784439,
1.,0.866025403784439,1.,0.866025403784439,1.,0.866025403784439,1.,0.866025403784439,
1.,0.866025403784439,1.,0.866025403784439,1.,0.866025403784439,1.,0.866025403784439,
1.,0.866025403784439,1.,0.866025403784439,1.,0.866025403784439,1.,0.866025403784439,
1.,0.866025403784439,1.,0.866025403784439,1.,0.866025403784439,1.,0.866025403784439,
1.,0.866025403784439,1.,0.866025403784439,1.,0.866025403784439,1.,0.866025403784439,
1.,0.866025403784439,1.,0.866025403784439,1.,0.866025403784439,1.,0.866025403784439,
1.,0.866025403784439,1.,0.866025403784439,1.,0.866025403784439,1.,0.866025403784439,
1.,0.866025403784439,1.,0.866025403784439,1.,0.866025403784439,1.,0.866025403784439,
1.,0.866025403784439,1.,0.866025403784439,1.,0.866025403784439,1.,0.866025403784439,
1.,0.866025403784439,1.,0.866025403784439,1.,0.866025403784439,1.,0.866025403784439,
1.,0.866025403784439,1.,0.866025403784439,1.,0.866025403784439,1.,0.866025403784439,
1.,0.866025403784439,1.,0.866025403784439,1.,0.866025403784439,1.,0.866025403784439,
1.,0.866025403784439,1.,0.866025403784439,1.,0.866025403784439,1.,0.866025403784439,
1.,0.866025403784439,1.,0.866025403784439,1.,0.866025403784439,1.,0.866025403784439,
1.,0.866025403784439,1.,0.866025403784439,1.,0.866025403784439,1.,0.866025403784439,
1.,0.866025403784439,1.,0.866025403784439,1.,0.866025403784439,1.,0.866025403784439,
1.,0.866025403784439,1.,0.866025403784439,1.,0.866025403784439,1.,0.866025403784439,
1.,0.866025403784439,1.,0.866025403784439,1.,0.866025403784439,1.,0.866025403784439,
1.,0.866025403784439,1.,0.866025403784439,1.,0.866025403784439,1.,0.866025403784439,
1.,0.866025403784439,1.,0.866025403784439,1.,0.866025403784439,1.,0.866025403784439,
1.,0.866025403784439,1.,0.866025403784439,1.,0.866025403784439,1.,0.866025403784439,
1.,0.866025403784439,1.,0.866025403784439,1.,0.866025403784439,1.,0.866025403784439,
1.,0.866025403784439,1.,0.866025403784439,1.,0.866025403784439,1.,0.866025403784439,
1.,0.866025403784439,1.,0.866025403784439,1.,0.866025403784439,1.,0.866025403784439,
1.,0.866025403784439,1.,0.866025403784439,1.,0.866025403784439,1.,0.866025403784439,
1.,0.866025403784439,1.,0.866025403784439,1.,0.866025403784439,1.,0.866025403784439,
1.,0.866025403784439,1.,0.866025403784439,1.,0.866025403784439,1.,0.866025403784439,
1.,0.866025403784439,1.,0.866025403784439,1.,0.866025403784439,1.,0.866025403784439,
1.,0.866025403784439,1.,0.866025403784439,1.,0.866025403784439,1.,0.866025403784439,
1.,0.866025403784439,1.,0.866025403784439,1.,0.866025403784439,1.,0.866025403784439,
1.,0.866025403784439,1.,0.866025403784439,1.,0.866025403784439,1.,0.866025403784439,
1.,0.866025403784439,1.,0.866025403784439,1.,0.866025403784439,1.,0.866025403784439,
1.,0.866025403784439,1.,0.866025403784439,1.,0.866025403784439,1.,0.866025403784439,
1.,0.866025403784439,1.,0.866025403784439,1.,0.866025403784439,1.,0.866025403784439,
1.,0.866025403784439,1.,0.866025403784439,1.,0.866025403784439,1.,0.866025403784439,
1.,0.866025403784439,1.,0.866025403784439,1.,0.866025403784439,1.,0.866025403784439,
1.,0.866025403784439,1.,0.866025403784439,1.,0.866025403784439,1.,0.866025403784439,
1.,0.866025403784439,1.,0.866025403784439,1.,0.866025403784439,1.,0.866025403784439,
1.,0.866025403784439,1.,0.866025403784439,1.,0.866025403784439,1.,0.866025403784439,
1.,0.866025403784439,1.,0.866025403784439,1.,0.866025403784439,1.,0.866025403784439,
1.,0.866025403784439,1.,0.866025403784439,1.,0.866025403784439,1.,0.866025403784439,
1.,0.866025403784439,1.,0.866025403784439,1.,0.866025403784439,1.,0.866025403784439,
1.,0.866025403784439,1.,0.866025403784439,1.,0.866025403784439,1.,0.866025403784439,
1.,0.866025403784439,1.,0.866025403784439,1.,0.866025403784439,1.,0.866025403784439,
1.,0.866025403784439,1.,0.866025403784439,1.,0.866025403784439,1.,0.866025403784439,
1.,0.866025403784439,1.,0.866025403784439,1.,0.866025403784439,1.,0.866025403784439,
1.,0.866025403784439,1.,0.866025403784439,1.,0.866025403784439,1.,0.866025403784439,
1.,0.866025403784439,1.,0.866025403784439,1.,0.866025403784439,1.,0.866025403784439,
1.,0.866025403784439,1.,0.866025403784439,1.,0.866025403784439,1.,0.866025403784439,
1.,0.866025403784439,1.,0.866025403784439,1.,0.866025403784439,1.,0.866025403784439,
1.,0.866025403784439,1.,0.866025403784439,1.,0.866025403784439,1.,0.866025403784439,
1.,0.866025403784439,1.,0.866025403784439,1.,0.866025403784439,1.,0.866025403784439,
1.,0.866025403784439,1.,0.866025403784439,1.,0.866025403784439,1.,0.866025403784439,
1.,0.866025403784439,1.,0.866025403784439,1.,0.866025403784439,1.,0.866025403784439,
1.,0.866025403784439,1.,0.866025403784439,1.,0.866025403784439,1.,0.866025403784439,
1.,0.866025403784439,1.,0.866025403784439,1.,0.866025403784439,1.,0.866025403784439,
1.,0.866025403784439,1.,0.866025403784439,1.,0.866025403784439,1.,0.866025403784439,
1.,0.866025403784439,1.,0.866025403784439,1.,0.866025403784439,1.,0.866025403784439,
1.,0.866025403784439,1.,0.866025403784439,1.,0.866025403784439,1.,0.866025403784439,
1.,0.866025403784439,1.,0.866025403784439,1.,0.866025403784439,1.,0.866025403784439,
1.,0.866025403784439,1.,0.866025403784439,1.,0.866025403784439,1.,0.866025403784439,
1.,0.866025403784439,1.,0.866025403784439,1.,0.866025403784439,1.,0.866025403784439,
1.,0.866025403784439,1.,0.866025403784439,1.,0.866025403784439,1.,0.866025403784439,
1.,0.866025403784439,1.,0.866025403784439,1.,0.866025403784439,1.,0.866025403784439,
1.,0.866025403784439,1.,0.866025403784439,1.,0.866025403784439,1.,0.866025403784439,
1.,0.866025403784439,1.,0.866025403784439,1.,0.866025403784439,1.,0.866025403784439,
1.,0.866025403784439,1.,0.866025403784439,1.,0.866025403784439,1.,0.866025403784439,
1.,0.866025403784439,1.,0.866025403784439,1.,0.866025403784439,1.,0.866025403784439,
1.,0.866025403784439,1.,0.866025403784439,1.,0.866025403784439,1.,0.866025403784439,
1.,0.866025403784439,1.,0.866025403784439,1.,0.866025403784439,1.,0.866025403784439,
1.,0.866025403784439,1.,0.866025403784439,1.,0.866025403784439,1.,0.866025403784439,
1.,0.866025403784439,1.,0.866025403784439,1.,0.866025403784439,1.,0.866025403784439,
1.,0.866025403784439,1.,0.866025403784439,1.,0.866025403784439,1.,0.866025403784439,
1.,0.866025403784439,1.,0.866025403784439,1.,0.866025403784439,1.,0.866025403784439,
1.,0.866025403784439,1.,0.866025403784439,1.,0.866025403784439,1.,0.866025403784439,
1.,0.866025403784439,1.,0.866025403784439,1.,0.866025403784439,1.,0.866025403784439,
1.,0.866025403784439,1.,0.866025403784439,1.,0.866025403784439,1.,0.866025403784439,
1.,0.866025403784439,1.,0.866025403784439,1.,0.866025403784439,1.,0.866025403784439,
1.,0.866025403784439,1.,0.866025403784439,1.,0.866025403784439,1.,0.866025403784439,
1.,0.866025403784439,1.,0.866025403784439,1.,0.866025403784439,1.,0.866025403784439,
1.,0.866025403784439,1.,0.866025403784439,1.,0.866025403784439,1.,0.866025403784439,
1.,0.866025403784439,1.,0.866025403784439,1.,0.866025403784439,1.,0.866025403784439,
1.,0.866025403784439,1.,0.866025403784439,1.,0.866025403784439,1.,0.866025403784439,
1.,0.866025403784439,1.,0.866025403784439,1.,0.866025403784439,1.,0.866025403784439,
1.,0.866025403784439,1.,0.866025403784439,1.,0.866025403784439,1.,0.866025403784439,
1.,0.866025403784439,1.,0.866025403784439,1.,0.866025403784439,1.,0.866025403784439,
1.,0.866025403784439,1.,0.866025403784439,1.,0.866025403784439,1.,0.866025403784439,
1.,0.866025403784439,1.,0.866025403784439,1.,0.866025403784439,1.,0.866025403784439,
1.,0.866025403784439,1.,0.866025403784439,1.,0.866025403784439,1.,0.866025403784439,
1.,0.866025403784439,1.))
REPRESENTATION_ITEM('')
);
#17=(
BOUNDED_CURVE()
B_SPLINE_CURVE(2,(#3791,#3792,#3793,#3794,#3795,#3796,#3797,#3798,#3799,
#3800,#3801,#3802,#3803,#3804,#3805,#3806,#3807,#3808,#3809,#3810,#3811,
#3812,#3813,#3814,#3815,#3816,#3817,#3818,#3819,#3820,#3821,#3822,#3823,
#3824,#3825,#3826,#3827,#3828,#3829,#3830,#3831,#3832,#3833,#3834,#3835,
#3836,#3837,#3838,#3839,#3840,#3841,#3842,#3843,#3844,#3845,#3846,#3847,
#3848,#3849,#3850,#3851,#3852,#3853,#3854,#3855,#3856,#3857,#3858,#3859,
#3860,#3861,#3862,#3863,#3864,#3865,#3866,#3867,#3868,#3869,#3870,#3871,
#3872,#3873,#3874,#3875,#3876,#3877,#3878,#3879,#3880,#3881,#3882,#3883,
#3884,#3885,#3886,#3887,#3888,#3889,#3890,#3891,#3892,#3893,#3894,#3895,
#3896,#3897,#3898,#3899,#3900,#3901,#3902,#3903,#3904,#3905,#3906,#3907,
#3908,#3909,#3910,#3911,#3912,#3913,#3914,#3915,#3916,#3917,#3918,#3919,
#3920,#3921,#3922,#3923,#3924,#3925,#3926,#3927,#3928,#3929,#3930,#3931,
#3932,#3933,#3934,#3935,#3936,#3937,#3938,#3939,#3940,#3941,#3942,#3943,
#3944,#3945,#3946,#3947,#3948,#3949,#3950,#3951,#3952,#3953,#3954,#3955,
#3956,#3957,#3958,#3959,#3960,#3961,#3962,#3963,#3964,#3965,#3966,#3967,
#3968,#3969,#3970,#3971,#3972,#3973,#3974,#3975,#3976,#3977,#3978,#3979,
#3980,#3981,#3982,#3983,#3984,#3985,#3986,#3987,#3988,#3989,#3990,#3991,
#3992,#3993,#3994,#3995,#3996,#3997,#3998,#3999,#4000,#4001,#4002,#4003,
#4004,#4005,#4006,#4007,#4008,#4009,#4010,#4011,#4012,#4013,#4014,#4015,
#4016,#4017,#4018,#4019,#4020,#4021,#4022,#4023,#4024,#4025,#4026,#4027,
#4028,#4029,#4030,#4031,#4032,#4033,#4034,#4035,#4036,#4037,#4038,#4039,
#4040,#4041,#4042,#4043,#4044,#4045,#4046,#4047,#4048,#4049,#4050,#4051,
#4052,#4053,#4054,#4055,#4056,#4057,#4058,#4059,#4060,#4061,#4062,#4063,
#4064,#4065,#4066,#4067,#4068,#4069,#4070,#4071,#4072,#4073,#4074,#4075,
#4076,#4077,#4078,#4079,#4080,#4081,#4082,#4083,#4084,#4085,#4086,#4087,
#4088,#4089,#4090,#4091,#4092,#4093,#4094,#4095,#4096,#4097,#4098,#4099,
#4100,#4101,#4102,#4103,#4104,#4105,#4106,#4107,#4108,#4109,#4110,#4111,
#4112,#4113,#4114,#4115,#4116,#4117,#4118,#4119,#4120,#4121,#4122,#4123,
#4124,#4125,#4126,#4127,#4128,#4129,#4130,#4131,#4132,#4133,#4134,#4135,
#4136,#4137,#4138,#4139,#4140,#4141,#4142,#4143,#4144,#4145,#4146,#4147,
#4148,#4149,#4150,#4151,#4152,#4153,#4154,#4155,#4156,#4157,#4158,#4159,
#4160,#4161,#4162,#4163,#4164,#4165,#4166,#4167,#4168,#4169,#4170,#4171,
#4172,#4173,#4174,#4175,#4176,#4177,#4178,#4179,#4180,#4181,#4182,#4183,
#4184,#4185,#4186,#4187,#4188,#4189,#4190,#4191,#4192,#4193,#4194,#4195,
#4196,#4197,#4198,#4199,#4200,#4201,#4202,#4203,#4204,#4205,#4206,#4207,
#4208,#4209,#4210,#4211,#4212,#4213,#4214,#4215,#4216,#4217,#4218,#4219,
#4220,#4221,#4222,#4223,#4224,#4225,#4226,#4227,#4228,#4229,#4230,#4231,
#4232,#4233,#4234,#4235,#4236,#4237,#4238,#4239,#4240,#4241,#4242,#4243,
#4244,#4245,#4246,#4247,#4248,#4249,#4250,#4251,#4252,#4253,#4254,#4255,
#4256,#4257,#4258,#4259,#4260,#4261,#4262,#4263,#4264,#4265,#4266,#4267,
#4268,#4269,#4270,#4271,#4272,#4273,#4274,#4275,#4276,#4277,#4278,#4279,
#4280,#4281,#4282,#4283,#4284,#4285,#4286,#4287,#4288,#4289,#4290,#4291,
#4292,#4293,#4294,#4295,#4296,#4297,#4298,#4299,#4300,#4301,#4302,#4303,
#4304,#4305,#4306,#4307,#4308,#4309,#4310,#4311,#4312,#4313,#4314,#4315,
#4316,#4317,#4318,#4319,#4320,#4321,#4322,#4323,#4324,#4325,#4326,#4327,
#4328,#4329,#4330,#4331,#4332,#4333,#4334,#4335,#4336,#4337,#4338,#4339,
#4340,#4341,#4342,#4343,#4344,#4345,#4346,#4347,#4348,#4349,#4350,#4351,
#4352,#4353,#4354,#4355,#4356,#4357,#4358,#4359,#4360,#4361,#4362,#4363,
#4364,#4365,#4366,#4367,#4368,#4369,#4370,#4371,#4372,#4373,#4374,#4375,
#4376,#4377,#4378,#4379,#4380,#4381,#4382,#4383,#4384,#4385,#4386,#4387,
#4388,#4389,#4390,#4391,#4392,#4393,#4394,#4395,#4396,#4397,#4398,#4399,
#4400,#4401,#4402,#4403,#4404,#4405,#4406,#4407,#4408,#4409,#4410,#4411,
#4412,#4413,#4414,#4415,#4416,#4417,#4418,#4419,#4420,#4421,#4422,#4423,
#4424,#4425,#4426,#4427,#4428,#4429,#4430,#4431,#4432,#4433,#4434,#4435,
#4436,#4437,#4438,#4439,#4440,#4441,#4442,#4443,#4444,#4445,#4446,#4447,
#4448,#4449,#4450,#4451,#4452,#4453,#4454,#4455,#4456,#4457,#4458,#4459,
#4460,#4461,#4462,#4463,#4464,#4465,#4466,#4467,#4468,#4469,#4470,#4471,
#4472,#4473,#4474,#4475,#4476,#4477,#4478,#4479,#4480,#4481,#4482,#4483,
#4484,#4485,#4486,#4487,#4488,#4489,#4490,#4491,#4492,#4493,#4494,#4495,
#4496,#4497,#4498,#4499,#4500,#4501,#4502,#4503,#4504,#4505,#4506,#4507,
#4508,#4509,#4510,#4511),.UNSPECIFIED.,.F.,.F.)
B_SPLINE_CURVE_WITH_KNOTS((3,2,2,2,2,2,2,2,2,2,2,2,2,2,2,2,2,2,2,2,2,2,
2,2,2,2,2,2,2,2,2,2,2,2,2,2,2,2,2,2,2,2,2,2,2,2,2,2,2,2,2,2,2,2,2,2,2,2,
2,2,2,2,2,2,2,2,2,2,2,2,2,2,2,2,2,2,2,2,2,2,2,2,2,2,2,2,2,2,2,2,2,2,2,2,
2,2,2,2,2,2,2,2,2,2,2,2,2,2,2,2,2,2,2,2,2,2,2,2,2,2,2,2,2,2,2,2,2,2,2,2,
2,2,2,2,2,2,2,2,2,2,2,2,2,2,2,2,2,2,2,2,2,2,2,2,2,2,2,2,2,2,2,2,2,2,2,2,
2,2,2,2,2,2,2,2,2,2,2,2,2,2,2,2,2,2,2,2,2,2,2,2,2,2,2,2,2,2,2,2,2,2,2,2,
2,2,2,2,2,2,2,2,2,2,2,2,2,2,2,2,2,2,2,2,2,2,2,2,2,2,2,2,2,2,2,2,2,2,2,2,
2,2,2,2,2,2,2,2,2,2,2,2,2,2,2,2,2,2,2,2,2,2,2,2,2,2,2,2,2,2,2,2,2,2,2,2,
2,2,2,2,2,2,2,2,2,2,2,2,2,2,2,2,2,2,2,2,2,2,2,2,2,2,2,2,2,2,2,2,2,2,2,2,
2,2,2,2,2,2,2,2,2,2,2,2,2,2,2,2,2,2,2,2,2,2,2,2,2,2,2,2,2,2,2,2,2,2,2,2,
2,2,2,2,2,2,2,2,2,2,2,2,2,2,3),(0.,0.00277777777777778,0.00555555555555556,
0.00833333333333333,0.0111111111111111,0.0138888888888889,0.0166666666666666,
0.0194444444444444,0.0222222222222222,0.025,0.0277777777777778,0.0305555555555556,
0.0333333333333333,0.0361111111111111,0.0388888888888889,0.0416666666666667,
0.0444444444444444,0.0472222222222222,0.05,0.0527777777777778,0.0555555555555556,
0.0583333333333333,0.0611111111111111,0.0638888888888889,0.0666666666666667,
0.0694444444444445,0.0722222222222222,0.075,0.0777777777777778,0.0805555555555556,
0.0833333333333333,0.0861111111111111,0.0888888888888889,0.0916666666666667,
0.0944444444444444,0.0972222222222222,0.1,0.102777777777778,0.105555555555556,
0.108333333333333,0.111111111111111,0.113888888888889,0.116666666666667,
0.119444444444444,0.122222222222222,0.125,0.127777777777778,0.130555555555556,
0.133333333333333,0.136111111111111,0.138888888888889,0.141666666666667,
0.144444444444444,0.147222222222222,0.15,0.152777777777778,0.155555555555556,
0.158333333333333,0.161111111111111,0.163888888888889,0.166666666666667,
0.169444444444445,0.172222222222222,0.175,0.177777777777778,0.180555555555555,
0.183333333333334,0.186111111111111,0.188888888888889,0.191666666666667,
0.194444444444445,0.197222222222222,0.2,0.202777777777778,0.205555555555555,
0.208333333333334,0.211111111111111,0.213888888888889,0.216666666666667,
0.219444444444444,0.222222222222222,0.225,0.227777777777778,0.230555555555555,
0.233333333333334,0.236111111111111,0.238888888888889,0.241666666666667,
0.244444444444445,0.247222222222222,0.25,0.252777777777778,0.255555555555555,
0.258333333333334,0.261111111111111,0.263888888888889,0.266666666666666,
0.269444444444444,0.272222222222222,0.275,0.277777777777778,0.280555555555556,
0.283333333333334,0.286111111111111,0.288888888888889,0.291666666666667,
0.294444444444445,0.297222222222222,0.3,0.302777777777778,0.305555555555555,
0.308333333333334,0.311111111111111,0.313888888888889,0.316666666666666,
0.319444444444444,0.322222222222223,0.325,0.327777777777778,0.330555555555555,
0.333333333333334,0.336111111111111,0.338888888888889,0.341666666666667,
0.344444444444444,0.347222222222222,0.35,0.352777777777778,0.355555555555556,
0.358333333333334,0.361111111111111,0.363888888888889,0.366666666666666,
0.369444444444444,0.372222222222223,0.375,0.377777777777778,0.380555555555555,
0.383333333333334,0.386111111111111,0.388888888888889,0.391666666666666,
0.394444444444444,0.397222222222222,0.4,0.402777777777778,0.405555555555556,
0.408333333333334,0.411111111111111,0.413888888888889,0.416666666666667,
0.419444444444445,0.422222222222222,0.425,0.427777777777778,0.430555555555555,
0.433333333333334,0.436111111111111,0.438888888888889,0.441666666666666,
0.444444444444444,0.447222222222223,0.45,0.452777777777778,0.455555555555556,
0.458333333333333,0.461111111111111,0.463888888888889,0.466666666666667,
0.469444444444444,0.472222222222222,0.475,0.477777777777778,0.480555555555556,
0.483333333333333,0.486111111111111,0.488888888888889,0.491666666666667,
0.494444444444445,0.497222222222222,0.5,0.502777777777778,0.505555555555556,
0.508333333333333,0.511111111111111,0.513888888888889,0.516666666666667,
0.519444444444445,0.522222222222222,0.525,0.527777777777778,0.530555555555556,
0.533333333333333,0.536111111111111,0.538888888888889,0.541666666666667,
0.544444444444444,0.547222222222222,0.55,0.552777777777778,0.555555555555556,
0.558333333333333,0.561111111111111,0.563888888888889,0.566666666666667,
0.569444444444444,0.572222222222222,0.575,0.577777777777778,0.580555555555556,
0.583333333333333,0.586111111111111,0.588888888888889,0.591666666666667,
0.594444444444444,0.597222222222222,0.6,0.602777777777778,0.605555555555556,
0.608333333333333,0.611111111111111,0.613888888888889,0.616666666666667,
0.619444444444445,0.622222222222222,0.625,0.627777777777778,0.630555555555556,
0.633333333333333,0.636111111111111,0.638888888888889,0.641666666666667,
0.644444444444445,0.647222222222222,0.65,0.652777777777778,0.655555555555556,
0.658333333333333,0.661111111111111,0.663888888888889,0.666666666666667,
0.669444444444444,0.672222222222222,0.675,0.677777777777778,0.680555555555556,
0.683333333333333,0.686111111111111,0.688888888888889,0.691666666666667,
0.694444444444444,0.697222222222222,0.7,0.702777777777778,0.705555555555556,
0.708333333333333,0.711111111111111,0.713888888888889,0.716666666666667,
0.719444444444444,0.722222222222222,0.725,0.727777777777778,0.730555555555556,
0.733333333333333,0.736111111111111,0.738888888888889,0.741666666666667,
0.744444444444445,0.747222222222222,0.75,0.752777777777778,0.755555555555556,
0.758333333333333,0.761111111111111,0.763888888888889,0.766666666666667,
0.769444444444445,0.772222222222222,0.775,0.777777777777778,0.780555555555556,
0.783333333333333,0.786111111111111,0.788888888888889,0.791666666666667,
0.794444444444444,0.797222222222222,0.8,0.802777777777778,0.805555555555556,
0.808333333333333,0.811111111111111,0.813888888888889,0.816666666666667,
0.819444444444444,0.822222222222222,0.825,0.827777777777778,0.830555555555556,
0.833333333333333,0.836111111111111,0.838888888888889,0.841666666666667,
0.844444444444444,0.847222222222222,0.85,0.852777777777778,0.855555555555556,
0.858333333333333,0.861111111111111,0.863888888888889,0.866666666666667,
0.869444444444445,0.872222222222222,0.875,0.877777777777778,0.880555555555556,
0.883333333333333,0.886111111111111,0.888888888888889,0.891666666666667,
0.894444444444445,0.897222222222222,0.9,0.902777777777778,0.905555555555556,
0.908333333333333,0.911111111111111,0.913888888888889,0.916666666666667,
0.919444444444444,0.922222222222222,0.925,0.927777777777778,0.930555555555556,
0.933333333333333,0.936111111111111,0.938888888888889,0.941666666666667,
0.944444444444444,0.947222222222222,0.95,0.952777777777778,0.955555555555556,
0.958333333333333,0.961111111111111,0.963888888888889,0.966666666666667,
0.969444444444444,0.972222222222222,0.975,0.977777777777778,0.980555555555556,
0.983333333333333,0.986111111111111,0.988888888888889,0.991666666666667,
0.994444444444444,0.997222222222222,1.),.UNSPECIFIED.)
CURVE()
GEOMETRIC_REPRESENTATION_ITEM()
RATIONAL_B_SPLINE_CURVE((1.,0.866025403784439,1.,0.866025403784439,1.,0.866025403784439,
1.,0.866025403784439,1.,0.866025403784439,1.,0.866025403784439,1.,0.866025403784439,
1.,0.866025403784439,1.,0.866025403784439,1.,0.866025403784439,1.,0.866025403784439,
1.,0.866025403784439,1.,0.866025403784439,1.,0.866025403784439,1.,0.866025403784439,
1.,0.866025403784439,1.,0.866025403784439,1.,0.866025403784439,1.,0.866025403784439,
1.,0.866025403784439,1.,0.866025403784439,1.,0.866025403784439,1.,0.866025403784439,
1.,0.866025403784439,1.,0.866025403784439,1.,0.866025403784439,1.,0.866025403784439,
1.,0.866025403784439,1.,0.866025403784439,1.,0.866025403784439,1.,0.866025403784439,
1.,0.866025403784439,1.,0.866025403784439,1.,0.866025403784439,1.,0.866025403784439,
1.,0.866025403784439,1.,0.866025403784439,1.,0.866025403784439,1.,0.866025403784439,
1.,0.866025403784439,1.,0.866025403784439,1.,0.866025403784439,1.,0.866025403784439,
1.,0.866025403784439,1.,0.866025403784439,1.,0.866025403784439,1.,0.866025403784439,
1.,0.866025403784439,1.,0.866025403784439,1.,0.866025403784439,1.,0.866025403784439,
1.,0.866025403784439,1.,0.866025403784439,1.,0.866025403784439,1.,0.866025403784439,
1.,0.866025403784439,1.,0.866025403784439,1.,0.866025403784439,1.,0.866025403784439,
1.,0.866025403784439,1.,0.866025403784439,1.,0.866025403784439,1.,0.866025403784439,
1.,0.866025403784439,1.,0.866025403784439,1.,0.866025403784439,1.,0.866025403784439,
1.,0.866025403784439,1.,0.866025403784439,1.,0.866025403784439,1.,0.866025403784439,
1.,0.866025403784439,1.,0.866025403784439,1.,0.866025403784439,1.,0.866025403784439,
1.,0.866025403784439,1.,0.866025403784439,1.,0.866025403784439,1.,0.866025403784439,
1.,0.866025403784439,1.,0.866025403784439,1.,0.866025403784439,1.,0.866025403784439,
1.,0.866025403784439,1.,0.866025403784439,1.,0.866025403784439,1.,0.866025403784439,
1.,0.866025403784439,1.,0.866025403784439,1.,0.866025403784439,1.,0.866025403784439,
1.,0.866025403784439,1.,0.866025403784439,1.,0.866025403784439,1.,0.866025403784439,
1.,0.866025403784439,1.,0.866025403784439,1.,0.866025403784439,1.,0.866025403784439,
1.,0.866025403784439,1.,0.866025403784439,1.,0.866025403784439,1.,0.866025403784439,
1.,0.866025403784439,1.,0.866025403784439,1.,0.866025403784439,1.,0.866025403784439,
1.,0.866025403784439,1.,0.866025403784439,1.,0.866025403784439,1.,0.866025403784439,
1.,0.866025403784439,1.,0.866025403784439,1.,0.866025403784439,1.,0.866025403784439,
1.,0.866025403784439,1.,0.866025403784439,1.,0.866025403784439,1.,0.866025403784439,
1.,0.866025403784439,1.,0.866025403784439,1.,0.866025403784439,1.,0.866025403784439,
1.,0.866025403784439,1.,0.866025403784439,1.,0.866025403784439,1.,0.866025403784439,
1.,0.866025403784439,1.,0.866025403784439,1.,0.866025403784439,1.,0.866025403784439,
1.,0.866025403784439,1.,0.866025403784439,1.,0.866025403784439,1.,0.866025403784439,
1.,0.866025403784439,1.,0.866025403784439,1.,0.866025403784439,1.,0.866025403784439,
1.,0.866025403784439,1.,0.866025403784439,1.,0.866025403784439,1.,0.866025403784439,
1.,0.866025403784439,1.,0.866025403784439,1.,0.866025403784439,1.,0.866025403784439,
1.,0.866025403784439,1.,0.866025403784439,1.,0.866025403784439,1.,0.866025403784439,
1.,0.866025403784439,1.,0.866025403784439,1.,0.866025403784439,1.,0.866025403784439,
1.,0.866025403784439,1.,0.866025403784439,1.,0.866025403784439,1.,0.866025403784439,
1.,0.866025403784439,1.,0.866025403784439,1.,0.866025403784439,1.,0.866025403784439,
1.,0.866025403784439,1.,0.866025403784439,1.,0.866025403784439,1.,0.866025403784439,
1.,0.866025403784439,1.,0.866025403784439,1.,0.866025403784439,1.,0.866025403784439,
1.,0.866025403784439,1.,0.866025403784439,1.,0.866025403784439,1.,0.866025403784439,
1.,0.866025403784439,1.,0.866025403784439,1.,0.866025403784439,1.,0.866025403784439,
1.,0.866025403784439,1.,0.866025403784439,1.,0.866025403784439,1.,0.866025403784439,
1.,0.866025403784439,1.,0.866025403784439,1.,0.866025403784439,1.,0.866025403784439,
1.,0.866025403784439,1.,0.866025403784439,1.,0.866025403784439,1.,0.866025403784439,
1.,0.866025403784439,1.,0.866025403784439,1.,0.866025403784439,1.,0.866025403784439,
1.,0.866025403784439,1.,0.866025403784439,1.,0.866025403784439,1.,0.866025403784439,
1.,0.866025403784439,1.,0.866025403784439,1.,0.866025403784439,1.,0.866025403784439,
1.,0.866025403784439,1.,0.866025403784439,1.,0.866025403784439,1.,0.866025403784439,
1.,0.866025403784439,1.,0.866025403784439,1.,0.866025403784439,1.,0.866025403784439,
1.,0.866025403784439,1.,0.866025403784439,1.,0.866025403784439,1.,0.866025403784439,
1.,0.866025403784439,1.,0.866025403784439,1.,0.866025403784439,1.,0.866025403784439,
1.,0.866025403784439,1.,0.866025403784439,1.,0.866025403784439,1.,0.866025403784439,
1.,0.866025403784439,1.,0.866025403784439,1.,0.866025403784439,1.,0.866025403784439,
1.,0.866025403784439,1.,0.866025403784439,1.,0.866025403784439,1.,0.866025403784439,
1.,0.866025403784439,1.,0.866025403784439,1.,0.866025403784439,1.,0.866025403784439,
1.,0.866025403784439,1.,0.866025403784439,1.,0.866025403784439,1.,0.866025403784439,
1.,0.866025403784439,1.,0.866025403784439,1.,0.866025403784439,1.,0.866025403784439,
1.,0.866025403784439,1.,0.866025403784439,1.,0.866025403784439,1.,0.866025403784439,
1.,0.866025403784439,1.,0.866025403784439,1.,0.866025403784439,1.,0.866025403784439,
1.,0.866025403784439,1.,0.866025403784439,1.,0.866025403784439,1.,0.866025403784439,
1.,0.866025403784439,1.,0.866025403784439,1.,0.866025403784439,1.,0.866025403784439,
1.,0.866025403784439,1.,0.866025403784439,1.,0.866025403784439,1.,0.866025403784439,
1.,0.866025403784439,1.,0.866025403784439,1.,0.866025403784439,1.,0.866025403784439,
1.,0.866025403784439,1.,0.866025403784439,1.,0.866025403784439,1.,0.866025403784439,
1.,0.866025403784439,1.,0.866025403784439,1.,0.866025403784439,1.,0.866025403784439,
1.,0.866025403784439,1.,0.866025403784439,1.,0.866025403784439,1.,0.866025403784439,
1.,0.866025403784439,1.,0.866025403784439,1.,0.866025403784439,1.,0.866025403784439,
1.,0.866025403784439,1.,0.866025403784439,1.,0.866025403784439,1.,0.866025403784439,
1.,0.866025403784439,1.,0.866025403784439,1.,0.866025403784439,1.,0.866025403784439,
1.,0.866025403784439,1.,0.866025403784439,1.,0.866025403784439,1.,0.866025403784439,
1.,0.866025403784439,1.,0.866025403784439,1.,0.866025403784439,1.,0.866025403784439,
1.,0.866025403784439,1.,0.866025403784439,1.,0.866025403784439,1.,0.866025403784439,
1.,0.866025403784439,1.,0.866025403784439,1.,0.866025403784439,1.,0.866025403784439,
1.,0.866025403784439,1.,0.866025403784439,1.,0.866025403784439,1.,0.866025403784439,
1.,0.866025403784439,1.,0.866025403784439,1.,0.866025403784439,1.,0.866025403784439,
1.,0.866025403784439,1.,0.866025403784439,1.,0.866025403784439,1.,0.866025403784439,
1.,0.866025403784439,1.,0.866025403784439,1.,0.866025403784439,1.,0.866025403784439,
1.,0.866025403784439,1.,0.866025403784439,1.,0.866025403784439,1.,0.866025403784439,
1.,0.866025403784439,1.,0.866025403784439,1.,0.866025403784439,1.,0.866025403784439,
1.,0.866025403784439,1.,0.866025403784439,1.,0.866025403784439,1.,0.866025403784439,
1.,0.866025403784439,1.,0.866025403784439,1.,0.866025403784439,1.,0.866025403784439,
1.,0.866025403784439,1.,0.866025403784439,1.,0.866025403784439,1.,0.866025403784439,
1.,0.866025403784439,1.,0.866025403784439,1.,0.866025403784439,1.,0.866025403784439,
1.,0.866025403784439,1.,0.866025403784439,1.,0.866025403784439,1.,0.866025403784439,
1.,0.866025403784439,1.,0.866025403784439,1.,0.866025403784439,1.,0.866025403784439,
1.,0.866025403784439,1.,0.866025403784439,1.,0.866025403784439,1.,0.866025403784439,
1.,0.866025403784439,1.))
REPRESENTATION_ITEM('')
);
#18=B_SPLINE_CURVE_WITH_KNOTS('',3,(#170,#171,#172,#173,#174),
 .UNSPECIFIED.,.F.,.F.,(4,1,4),(0.,0.00224073745726932,0.00448147491453864),
 .UNSPECIFIED.);
#19=B_SPLINE_CURVE_WITH_KNOTS('',3,(#178,#179,#180,#181,#182),
 .UNSPECIFIED.,.F.,.F.,(4,1,4),(0.,0.00225492914381663,0.00450985828763326),
 .UNSPECIFIED.);
#20=B_SPLINE_CURVE_WITH_KNOTS('',3,(#187,#188,#189,#190,#191),
 .UNSPECIFIED.,.F.,.F.,(4,1,4),(1.38777878078145E-16,0.00224337007391928,
0.00448674014783841),.UNSPECIFIED.);
#21=B_SPLINE_CURVE_WITH_KNOTS('',3,(#195,#196,#197,#198,#199),
 .UNSPECIFIED.,.F.,.F.,(4,1,4),(0.,0.0022499690859531,0.00449993817190619),
 .UNSPECIFIED.);
#22=PLANE('',#128);
#23=PLANE('',#131);
#24=ORIENTED_EDGE('',*,*,#52,.F.);
#25=ORIENTED_EDGE('',*,*,#53,.T.);
#26=ORIENTED_EDGE('',*,*,#54,.F.);
#27=ORIENTED_EDGE('',*,*,#55,.T.);
#28=ORIENTED_EDGE('',*,*,#56,.T.);
#29=ORIENTED_EDGE('',*,*,#57,.T.);
#30=ORIENTED_EDGE('',*,*,#52,.T.);
#31=ORIENTED_EDGE('',*,*,#58,.T.);
#32=ORIENTED_EDGE('',*,*,#59,.T.);
#33=ORIENTED_EDGE('',*,*,#60,.T.);
#34=ORIENTED_EDGE('',*,*,#61,.T.);
#35=ORIENTED_EDGE('',*,*,#53,.F.);
#36=ORIENTED_EDGE('',*,*,#62,.F.);
#37=ORIENTED_EDGE('',*,*,#58,.F.);
#38=ORIENTED_EDGE('',*,*,#63,.T.);
#39=ORIENTED_EDGE('',*,*,#54,.T.);
#40=ORIENTED_EDGE('',*,*,#57,.F.);
#41=ORIENTED_EDGE('',*,*,#64,.F.);
#42=ORIENTED_EDGE('',*,*,#59,.F.);
#43=ORIENTED_EDGE('',*,*,#62,.T.);
#44=ORIENTED_EDGE('',*,*,#56,.F.);
#45=ORIENTED_EDGE('',*,*,#65,.F.);
#46=ORIENTED_EDGE('',*,*,#60,.F.);
#47=ORIENTED_EDGE('',*,*,#64,.T.);
#48=ORIENTED_EDGE('',*,*,#55,.F.);
#49=ORIENTED_EDGE('',*,*,#63,.F.);
#50=ORIENTED_EDGE('',*,*,#61,.F.);
#51=ORIENTED_EDGE('',*,*,#65,.T.);
#52=EDGE_CURVE('',#66,#66,#76,.T.);
#53=EDGE_CURVE('',#67,#67,#77,.T.);
#54=EDGE_CURVE('',#68,#69,#78,.T.);
#55=EDGE_CURVE('',#68,#70,#18,.T.);
#56=EDGE_CURVE('',#70,#71,#79,.T.);
#57=EDGE_CURVE('',#71,#69,#19,.T.);
#58=EDGE_CURVE('',#72,#73,#80,.T.);
#59=EDGE_CURVE('',#73,#74,#20,.T.);
#60=EDGE_CURVE('',#74,#75,#81,.T.);
#61=EDGE_CURVE('',#75,#72,#21,.T.);
#62=EDGE_CURVE('',#73,#69,#14,.T.);
#63=EDGE_CURVE('',#72,#68,#15,.T.);
#64=EDGE_CURVE('',#74,#71,#16,.T.);
#65=EDGE_CURVE('',#75,#70,#17,.T.);
#66=VERTEX_POINT('',#163);
#67=VERTEX_POINT('',#165);
#68=VERTEX_POINT('',#168);
#69=VERTEX_POINT('',#169);
#70=VERTEX_POINT('',#175);
#71=VERTEX_POINT('',#177);
#72=VERTEX_POINT('',#185);
#73=VERTEX_POINT('',#186);
#74=VERTEX_POINT('',#192);
#75=VERTEX_POINT('',#194);
#76=CIRCLE('',#126,0.01905);
#77=CIRCLE('',#127,0.01905);
#78=CIRCLE('',#129,0.0025);
#79=CIRCLE('',#130,0.00206698729810778);
#80=CIRCLE('',#132,0.0025);
#81=CIRCLE('',#133,0.00206698729810778);
#82=EDGE_LOOP('',(#24));
#83=EDGE_LOOP('',(#25));
#84=EDGE_LOOP('',(#26,#27,#28,#29));
#85=EDGE_LOOP('',(#30));
#86=EDGE_LOOP('',(#31,#32,#33,#34));
#87=EDGE_LOOP('',(#35));
#88=EDGE_LOOP('',(#36,#37,#38,#39));
#89=EDGE_LOOP('',(#40,#41,#42,#43));
#90=EDGE_LOOP('',(#44,#45,#46,#47));
#91=EDGE_LOOP('',(#48,#49,#50,#51));
#92=FACE_BOUND('',#82,.T.);
#93=FACE_BOUND('',#83,.T.);
#94=FACE_BOUND('',#84,.T.);
#95=FACE_BOUND('',#85,.T.);
#96=FACE_BOUND('',#86,.T.);
#97=FACE_BOUND('',#87,.T.);
#98=FACE_BOUND('',#88,.T.);
#99=FACE_BOUND('',#89,.T.);
#100=FACE_BOUND('',#90,.T.);
#101=FACE_BOUND('',#91,.T.);
#102=CYLINDRICAL_SURFACE('',#125,0.01905);
#103=CYLINDRICAL_SURFACE('',#134,0.0025);
#104=CYLINDRICAL_SURFACE('',#135,0.00206698729810778);
#105=ADVANCED_FACE('',(#92,#93),#102,.T.);
#106=ADVANCED_FACE('',(#94,#95),#22,.T.);
#107=ADVANCED_FACE('',(#96,#97),#23,.F.);
#108=ADVANCED_FACE('',(#98),#103,.F.);
#109=ADVANCED_FACE('',(#99),#12,.T.);
#110=ADVANCED_FACE('',(#100),#104,.F.);
#111=ADVANCED_FACE('',(#101),#13,.T.);
#112=CLOSED_SHELL('',(#105,#106,#107,#108,#109,#110,#111));
#113=STYLED_ITEM('',(#114),#121);
#114=PRESENTATION_STYLE_ASSIGNMENT((#115));
#115=SURFACE_STYLE_USAGE(.BOTH.,#116);
#116=SURFACE_SIDE_STYLE('',(#117));
#117=SURFACE_STYLE_FILL_AREA(#118);
#118=FILL_AREA_STYLE('',(#119));
#119=FILL_AREA_STYLE_COLOUR('',#120);
#120=COLOUR_RGB('',0.972549019607843,0.529411764705882,0.00392156862745098);
#121=MANIFOLD_SOLID_BREP('Part 3',#112);
#122=SHAPE_DEFINITION_REPRESENTATION(#5952,#123);
#123=SHAPE_REPRESENTATION('Part 3',(#124),#5947);
#124=AXIS2_PLACEMENT_3D('',#160,#136,#137);
#125=AXIS2_PLACEMENT_3D('',#161,#138,#139);
#126=AXIS2_PLACEMENT_3D('',#162,#140,#141);
#127=AXIS2_PLACEMENT_3D('',#164,#142,#143);
#128=AXIS2_PLACEMENT_3D('',#166,#144,#145);
#129=AXIS2_PLACEMENT_3D('',#167,#146,#147);
#130=AXIS2_PLACEMENT_3D('',#176,#148,#149);
#131=AXIS2_PLACEMENT_3D('',#183,#150,#151);
#132=AXIS2_PLACEMENT_3D('',#184,#152,#153);
#133=AXIS2_PLACEMENT_3D('',#193,#154,#155);
#134=AXIS2_PLACEMENT_3D('',#200,#156,#157);
#135=AXIS2_PLACEMENT_3D('',#3790,#158,#159);
#136=DIRECTION('',(0.,0.,1.));
#137=DIRECTION('',(1.,0.,0.));
#138=DIRECTION('',(0.,1.,0.));
#139=DIRECTION('',(0.,0.,1.));
#140=DIRECTION('',(0.,-1.,0.));
#141=DIRECTION('',(0.205606940739033,0.,0.978634653954138));
#142=DIRECTION('',(0.,-1.,0.));
#143=DIRECTION('',(0.205606940739033,0.,0.978634653954138));
#144=DIRECTION('',(0.,-1.,0.));
#145=DIRECTION('',(1.,0.,0.));
#146=DIRECTION('',(0.,-1.,0.));
#147=DIRECTION('',(0.,0.,-1.));
#148=DIRECTION('',(0.,1.,0.));
#149=DIRECTION('',(0.,0.,1.));
#150=DIRECTION('',(0.,-1.,0.));
#151=DIRECTION('',(1.,0.,0.));
#152=DIRECTION('',(0.,-1.,0.));
#153=DIRECTION('',(0.,0.,-1.));
#154=DIRECTION('',(0.,-1.,0.));
#155=DIRECTION('',(0.,0.,-1.));
#156=DIRECTION('',(0.,-1.,0.));
#157=DIRECTION('',(0.,0.,-1.));
#158=DIRECTION('',(0.,-1.,0.));
#159=DIRECTION('',(0.,0.,-1.));
#160=CARTESIAN_POINT('',(0.,0.,0.));
#161=CARTESIAN_POINT('',(-0.0645,-0.0234,-0.0531069910652072));
#162=CARTESIAN_POINT('',(-0.0645,-0.0234,-0.0531069910652072));
#163=CARTESIAN_POINT('',(-0.0605831877789214,-0.0234,-0.0344640009073809));
#164=CARTESIAN_POINT('',(-0.0645,0.0234,-0.0531069910652072));
#165=CARTESIAN_POINT('',(-0.0605831877789214,0.0234,-0.0344640009073809));
#166=CARTESIAN_POINT('',(0.,-0.0234,-0.0228));
#167=CARTESIAN_POINT('',(-0.0645,-0.0234,-0.0531069910652072));
#168=CARTESIAN_POINT('',(-0.0654743751181493,-0.0234,-0.0554092927676632));
#169=CARTESIAN_POINT('',(-0.0635363208230773,-0.0234,-0.0554137902424148));
#170=CARTESIAN_POINT('',(-0.0654743751181493,-0.0234,-0.0554092927676632));
#171=CARTESIAN_POINT('',(-0.0661425699531576,-0.0234,-0.0550521190073647));
#172=CARTESIAN_POINT('',(-0.0671196932773319,-0.0234,-0.0537052450268064));
#173=CARTESIAN_POINT('',(-0.0665421419921209,-0.0234,-0.0521027439554928));
#174=CARTESIAN_POINT('',(-0.0659477214594646,-0.0234,-0.0516316812447475));
#175=CARTESIAN_POINT('',(-0.0659477214594645,-0.0234,-0.0516316812447475));
#176=CARTESIAN_POINT('',(-0.0645,-0.0234,-0.0531069910652072));
#177=CARTESIAN_POINT('',(-0.0630498698903054,-0.0234,-0.0516340487189167));
#178=CARTESIAN_POINT('',(-0.0630498698903054,-0.0234,-0.0516340487189167));
#179=CARTESIAN_POINT('',(-0.0624540667774501,-0.0234,-0.0521044658809467));
#180=CARTESIAN_POINT('',(-0.0618800678003576,-0.0234,-0.0537133098423756));
#181=CARTESIAN_POINT('',(-0.0628670792545322,-0.0234,-0.0550588508095589));
#182=CARTESIAN_POINT('',(-0.0635363208230772,-0.0234,-0.0554137902424148));
#183=CARTESIAN_POINT('',(0.,0.0234,-0.0228));
#184=CARTESIAN_POINT('',(-0.0645,0.0234,-0.0531069910652072));
#185=CARTESIAN_POINT('',(-0.0635256248818506,0.0234,-0.0508046893627513));
#186=CARTESIAN_POINT('',(-0.0654636791769225,0.0234,-0.0508001918879996));
#187=CARTESIAN_POINT('',(-0.0654636791769224,0.0234,-0.0508001918879995));
#188=CARTESIAN_POINT('',(-0.0661338186670186,0.0234,-0.0511556075431659));
#189=CARTESIAN_POINT('',(-0.0671184419510798,0.0234,-0.052497041229549));
#190=CARTESIAN_POINT('',(-0.0665469506009693,0.0234,-0.0541087129769462));
#191=CARTESIAN_POINT('',(-0.0659501301096949,0.0234,-0.0545799334114976));
#192=CARTESIAN_POINT('',(-0.0659501301096948,0.0234,-0.0545799334114976));
#193=CARTESIAN_POINT('',(-0.0645,0.0234,-0.0531069910652072));
#194=CARTESIAN_POINT('',(-0.0630522785405357,0.0234,-0.0545823008856671));
#195=CARTESIAN_POINT('',(-0.0630522785405357,0.0234,-0.0545823008856671));
#196=CARTESIAN_POINT('',(-0.0624585462876943,0.0234,-0.0541117836186569));
#197=CARTESIAN_POINT('',(-0.0618790285657894,0.0234,-0.0525127563249596));
#198=CARTESIAN_POINT('',(-0.062858154005495,0.0234,-0.0511614761415577));
#199=CARTESIAN_POINT('',(-0.0635256248818505,0.0234,-0.0508046893627514));
#200=CARTESIAN_POINT('',(-0.0645,0.0234,-0.0531069910652072));
#201=CARTESIAN_POINT('',(-0.0643429007137278,0.0234580062760935,-0.0506119319848941));
#202=CARTESIAN_POINT('',(-0.0657834237453906,0.0233913396094268,-0.0505212306696754));
#203=CARTESIAN_POINT('',(-0.0665822349043581,0.0233246729427601,-0.0517234095522225));
#204=CARTESIAN_POINT('',(-0.0673810460633256,0.0232580062760935,-0.0529255884347696));
#205=CARTESIAN_POINT('',(-0.0667393341906303,0.0231913396094269,-0.0542184686325356));
#206=CARTESIAN_POINT('',(-0.066097622317935,0.0231246729427602,-0.0555113488303015));
#207=CARTESIAN_POINT('',(-0.0646570992862722,0.0230580062760935,-0.0556020501455203));
#208=CARTESIAN_POINT('',(-0.0632165762546094,0.0229913396094268,-0.0556927514607391));
#209=CARTESIAN_POINT('',(-0.062417765095642,0.0229246729427602,-0.0544905725781919));
#210=CARTESIAN_POINT('',(-0.0616189539366744,0.0228580062760935,-0.0532883936956448));
#211=CARTESIAN_POINT('',(-0.0622606658093697,0.0227913396094268,-0.0519955134978788));
#212=CARTESIAN_POINT('',(-0.062902377682065,0.0227246729427602,-0.0507026333001129));
#213=CARTESIAN_POINT('',(-0.0643429007137278,0.0226580062760935,-0.0506119319848941));
#214=CARTESIAN_POINT('',(-0.0657834237453906,0.0225913396094268,-0.0505212306696754));
#215=CARTESIAN_POINT('',(-0.0665822349043581,0.0225246729427602,-0.0517234095522225));
#216=CARTESIAN_POINT('',(-0.0673810460633256,0.0224580062760935,-0.0529255884347696));
#217=CARTESIAN_POINT('',(-0.0667393341906303,0.0223913396094269,-0.0542184686325356));
#218=CARTESIAN_POINT('',(-0.066097622317935,0.0223246729427602,-0.0555113488303015));
#219=CARTESIAN_POINT('',(-0.0646570992862722,0.0222580062760935,-0.0556020501455203));
#220=CARTESIAN_POINT('',(-0.0632165762546094,0.0221913396094269,-0.0556927514607391));
#221=CARTESIAN_POINT('',(-0.062417765095642,0.0221246729427601,-0.0544905725781919));
#222=CARTESIAN_POINT('',(-0.0616189539366744,0.0220580062760935,-0.0532883936956448));
#223=CARTESIAN_POINT('',(-0.0622606658093697,0.0219913396094269,-0.0519955134978788));
#224=CARTESIAN_POINT('',(-0.062902377682065,0.0219246729427602,-0.0507026333001129));
#225=CARTESIAN_POINT('',(-0.0643429007137278,0.0218580062760935,-0.0506119319848941));
#226=CARTESIAN_POINT('',(-0.0657834237453906,0.0217913396094268,-0.0505212306696754));
#227=CARTESIAN_POINT('',(-0.0665822349043581,0.0217246729427601,-0.0517234095522225));
#228=CARTESIAN_POINT('',(-0.0673810460633256,0.0216580062760935,-0.0529255884347696));
#229=CARTESIAN_POINT('',(-0.0667393341906303,0.0215913396094269,-0.0542184686325356));
#230=CARTESIAN_POINT('',(-0.066097622317935,0.0215246729427602,-0.0555113488303015));
#231=CARTESIAN_POINT('',(-0.0646570992862722,0.0214580062760935,-0.0556020501455203));
#232=CARTESIAN_POINT('',(-0.0632165762546094,0.0213913396094269,-0.0556927514607391));
#233=CARTESIAN_POINT('',(-0.062417765095642,0.0213246729427602,-0.0544905725781919));
#234=CARTESIAN_POINT('',(-0.0616189539366744,0.0212580062760935,-0.0532883936956448));
#235=CARTESIAN_POINT('',(-0.0622606658093697,0.0211913396094269,-0.0519955134978788));
#236=CARTESIAN_POINT('',(-0.062902377682065,0.0211246729427602,-0.0507026333001129));
#237=CARTESIAN_POINT('',(-0.0643429007137278,0.0210580062760935,-0.0506119319848941));
#238=CARTESIAN_POINT('',(-0.0657834237453906,0.0209913396094268,-0.0505212306696754));
#239=CARTESIAN_POINT('',(-0.0665822349043581,0.0209246729427601,-0.0517234095522225));
#240=CARTESIAN_POINT('',(-0.0673810460633256,0.0208580062760935,-0.0529255884347696));
#241=CARTESIAN_POINT('',(-0.0667393341906303,0.0207913396094269,-0.0542184686325356));
#242=CARTESIAN_POINT('',(-0.066097622317935,0.0207246729427602,-0.0555113488303015));
#243=CARTESIAN_POINT('',(-0.0646570992862722,0.0206580062760935,-0.0556020501455203));
#244=CARTESIAN_POINT('',(-0.0632165762546094,0.0205913396094269,-0.0556927514607391));
#245=CARTESIAN_POINT('',(-0.062417765095642,0.0205246729427601,-0.0544905725781919));
#246=CARTESIAN_POINT('',(-0.0616189539366744,0.0204580062760935,-0.0532883936956448));
#247=CARTESIAN_POINT('',(-0.0622606658093697,0.0203913396094269,-0.0519955134978788));
#248=CARTESIAN_POINT('',(-0.062902377682065,0.0203246729427602,-0.0507026333001129));
#249=CARTESIAN_POINT('',(-0.0643429007137278,0.0202580062760935,-0.0506119319848941));
#250=CARTESIAN_POINT('',(-0.0657834237453906,0.0201913396094268,-0.0505212306696754));
#251=CARTESIAN_POINT('',(-0.0665822349043581,0.0201246729427602,-0.0517234095522225));
#252=CARTESIAN_POINT('',(-0.0673810460633256,0.0200580062760935,-0.0529255884347696));
#253=CARTESIAN_POINT('',(-0.0667393341906303,0.0199913396094269,-0.0542184686325356));
#254=CARTESIAN_POINT('',(-0.066097622317935,0.0199246729427602,-0.0555113488303015));
#255=CARTESIAN_POINT('',(-0.0646570992862722,0.0198580062760935,-0.0556020501455203));
#256=CARTESIAN_POINT('',(-0.0632165762546094,0.0197913396094269,-0.0556927514607391));
#257=CARTESIAN_POINT('',(-0.062417765095642,0.0197246729427601,-0.0544905725781919));
#258=CARTESIAN_POINT('',(-0.0616189539366744,0.0196580062760935,-0.0532883936956448));
#259=CARTESIAN_POINT('',(-0.0622606658093697,0.0195913396094269,-0.0519955134978788));
#260=CARTESIAN_POINT('',(-0.062902377682065,0.0195246729427602,-0.0507026333001129));
#261=CARTESIAN_POINT('',(-0.0643429007137278,0.0194580062760935,-0.0506119319848941));
#262=CARTESIAN_POINT('',(-0.0657834237453906,0.0193913396094268,-0.0505212306696754));
#263=CARTESIAN_POINT('',(-0.0665822349043581,0.0193246729427601,-0.0517234095522225));
#264=CARTESIAN_POINT('',(-0.0673810460633256,0.0192580062760935,-0.0529255884347696));
#265=CARTESIAN_POINT('',(-0.0667393341906303,0.0191913396094269,-0.0542184686325356));
#266=CARTESIAN_POINT('',(-0.066097622317935,0.0191246729427602,-0.0555113488303015));
#267=CARTESIAN_POINT('',(-0.0646570992862723,0.0190580062760935,-0.0556020501455203));
#268=CARTESIAN_POINT('',(-0.0632165762546094,0.0189913396094269,-0.0556927514607391));
#269=CARTESIAN_POINT('',(-0.062417765095642,0.0189246729427602,-0.0544905725781919));
#270=CARTESIAN_POINT('',(-0.0616189539366744,0.0188580062760935,-0.0532883936956448));
#271=CARTESIAN_POINT('',(-0.0622606658093697,0.0187913396094269,-0.0519955134978789));
#272=CARTESIAN_POINT('',(-0.062902377682065,0.0187246729427602,-0.0507026333001129));
#273=CARTESIAN_POINT('',(-0.0643429007137278,0.0186580062760935,-0.0506119319848941));
#274=CARTESIAN_POINT('',(-0.0657834237453906,0.0185913396094268,-0.0505212306696753));
#275=CARTESIAN_POINT('',(-0.0665822349043581,0.0185246729427602,-0.0517234095522225));
#276=CARTESIAN_POINT('',(-0.0673810460633256,0.0184580062760935,-0.0529255884347696));
#277=CARTESIAN_POINT('',(-0.0667393341906303,0.0183913396094269,-0.0542184686325356));
#278=CARTESIAN_POINT('',(-0.066097622317935,0.0183246729427602,-0.0555113488303015));
#279=CARTESIAN_POINT('',(-0.0646570992862723,0.0182580062760935,-0.0556020501455203));
#280=CARTESIAN_POINT('',(-0.0632165762546094,0.0181913396094269,-0.0556927514607391));
#281=CARTESIAN_POINT('',(-0.062417765095642,0.0181246729427601,-0.0544905725781919));
#282=CARTESIAN_POINT('',(-0.0616189539366744,0.0180580062760935,-0.0532883936956448));
#283=CARTESIAN_POINT('',(-0.0622606658093697,0.0179913396094269,-0.0519955134978789));
#284=CARTESIAN_POINT('',(-0.062902377682065,0.0179246729427602,-0.0507026333001129));
#285=CARTESIAN_POINT('',(-0.0643429007137278,0.0178580062760935,-0.0506119319848941));
#286=CARTESIAN_POINT('',(-0.0657834237453906,0.0177913396094268,-0.0505212306696753));
#287=CARTESIAN_POINT('',(-0.0665822349043581,0.0177246729427601,-0.0517234095522225));
#288=CARTESIAN_POINT('',(-0.0673810460633256,0.0176580062760935,-0.0529255884347696));
#289=CARTESIAN_POINT('',(-0.0667393341906303,0.0175913396094269,-0.0542184686325356));
#290=CARTESIAN_POINT('',(-0.066097622317935,0.0175246729427602,-0.0555113488303015));
#291=CARTESIAN_POINT('',(-0.0646570992862723,0.0174580062760935,-0.0556020501455203));
#292=CARTESIAN_POINT('',(-0.0632165762546094,0.0173913396094269,-0.0556927514607391));
#293=CARTESIAN_POINT('',(-0.062417765095642,0.0173246729427602,-0.0544905725781919));
#294=CARTESIAN_POINT('',(-0.0616189539366744,0.0172580062760935,-0.0532883936956448));
#295=CARTESIAN_POINT('',(-0.0622606658093697,0.0171913396094269,-0.0519955134978789));
#296=CARTESIAN_POINT('',(-0.062902377682065,0.0171246729427602,-0.0507026333001129));
#297=CARTESIAN_POINT('',(-0.0643429007137278,0.0170580062760935,-0.0506119319848941));
#298=CARTESIAN_POINT('',(-0.0657834237453906,0.0169913396094268,-0.0505212306696753));
#299=CARTESIAN_POINT('',(-0.0665822349043581,0.0169246729427601,-0.0517234095522225));
#300=CARTESIAN_POINT('',(-0.0673810460633256,0.0168580062760935,-0.0529255884347696));
#301=CARTESIAN_POINT('',(-0.0667393341906303,0.0167913396094269,-0.0542184686325356));
#302=CARTESIAN_POINT('',(-0.066097622317935,0.0167246729427602,-0.0555113488303015));
#303=CARTESIAN_POINT('',(-0.0646570992862723,0.0166580062760935,-0.0556020501455203));
#304=CARTESIAN_POINT('',(-0.0632165762546094,0.0165913396094268,-0.0556927514607391));
#305=CARTESIAN_POINT('',(-0.062417765095642,0.0165246729427601,-0.0544905725781919));
#306=CARTESIAN_POINT('',(-0.0616189539366744,0.0164580062760935,-0.0532883936956448));
#307=CARTESIAN_POINT('',(-0.0622606658093697,0.0163913396094269,-0.0519955134978789));
#308=CARTESIAN_POINT('',(-0.062902377682065,0.0163246729427602,-0.0507026333001129));
#309=CARTESIAN_POINT('',(-0.0643429007137278,0.0162580062760935,-0.0506119319848941));
#310=CARTESIAN_POINT('',(-0.0657834237453906,0.0161913396094268,-0.0505212306696753));
#311=CARTESIAN_POINT('',(-0.0665822349043581,0.0161246729427602,-0.0517234095522225));
#312=CARTESIAN_POINT('',(-0.0673810460633256,0.0160580062760935,-0.0529255884347696));
#313=CARTESIAN_POINT('',(-0.0667393341906303,0.0159913396094269,-0.0542184686325356));
#314=CARTESIAN_POINT('',(-0.066097622317935,0.0159246729427602,-0.0555113488303015));
#315=CARTESIAN_POINT('',(-0.0646570992862723,0.0158580062760935,-0.0556020501455203));
#316=CARTESIAN_POINT('',(-0.0632165762546094,0.0157913396094268,-0.0556927514607391));
#317=CARTESIAN_POINT('',(-0.062417765095642,0.0157246729427601,-0.0544905725781919));
#318=CARTESIAN_POINT('',(-0.0616189539366744,0.0156580062760935,-0.0532883936956448));
#319=CARTESIAN_POINT('',(-0.0622606658093697,0.0155913396094269,-0.0519955134978789));
#320=CARTESIAN_POINT('',(-0.062902377682065,0.0155246729427602,-0.0507026333001129));
#321=CARTESIAN_POINT('',(-0.0643429007137278,0.0154580062760935,-0.0506119319848941));
#322=CARTESIAN_POINT('',(-0.0657834237453906,0.0153913396094268,-0.0505212306696753));
#323=CARTESIAN_POINT('',(-0.0665822349043581,0.0153246729427602,-0.0517234095522225));
#324=CARTESIAN_POINT('',(-0.0673810460633256,0.0152580062760935,-0.0529255884347696));
#325=CARTESIAN_POINT('',(-0.0667393341906303,0.0151913396094268,-0.0542184686325356));
#326=CARTESIAN_POINT('',(-0.066097622317935,0.0151246729427602,-0.0555113488303015));
#327=CARTESIAN_POINT('',(-0.0646570992862723,0.0150580062760935,-0.0556020501455203));
#328=CARTESIAN_POINT('',(-0.0632165762546094,0.0149913396094268,-0.0556927514607391));
#329=CARTESIAN_POINT('',(-0.062417765095642,0.0149246729427602,-0.0544905725781919));
#330=CARTESIAN_POINT('',(-0.0616189539366744,0.0148580062760935,-0.0532883936956448));
#331=CARTESIAN_POINT('',(-0.0622606658093697,0.0147913396094268,-0.0519955134978788));
#332=CARTESIAN_POINT('',(-0.062902377682065,0.0147246729427602,-0.0507026333001129));
#333=CARTESIAN_POINT('',(-0.0643429007137278,0.0146580062760935,-0.0506119319848941));
#334=CARTESIAN_POINT('',(-0.0657834237453906,0.0145913396094268,-0.0505212306696753));
#335=CARTESIAN_POINT('',(-0.0665822349043581,0.0145246729427602,-0.0517234095522225));
#336=CARTESIAN_POINT('',(-0.0673810460633256,0.0144580062760935,-0.0529255884347696));
#337=CARTESIAN_POINT('',(-0.0667393341906303,0.0143913396094268,-0.0542184686325356));
#338=CARTESIAN_POINT('',(-0.066097622317935,0.0143246729427602,-0.0555113488303015));
#339=CARTESIAN_POINT('',(-0.0646570992862723,0.0142580062760935,-0.0556020501455203));
#340=CARTESIAN_POINT('',(-0.0632165762546094,0.0141913396094268,-0.0556927514607391));
#341=CARTESIAN_POINT('',(-0.062417765095642,0.0141246729427602,-0.054490572578192));
#342=CARTESIAN_POINT('',(-0.0616189539366744,0.0140580062760935,-0.0532883936956448));
#343=CARTESIAN_POINT('',(-0.0622606658093697,0.0139913396094268,-0.0519955134978789));
#344=CARTESIAN_POINT('',(-0.062902377682065,0.0139246729427602,-0.0507026333001129));
#345=CARTESIAN_POINT('',(-0.0643429007137278,0.0138580062760935,-0.0506119319848941));
#346=CARTESIAN_POINT('',(-0.0657834237453906,0.0137913396094268,-0.0505212306696753));
#347=CARTESIAN_POINT('',(-0.066582234904358,0.0137246729427602,-0.0517234095522225));
#348=CARTESIAN_POINT('',(-0.0673810460633256,0.0136580062760935,-0.0529255884347696));
#349=CARTESIAN_POINT('',(-0.0667393341906303,0.0135913396094268,-0.0542184686325356));
#350=CARTESIAN_POINT('',(-0.066097622317935,0.0135246729427602,-0.0555113488303015));
#351=CARTESIAN_POINT('',(-0.0646570992862723,0.0134580062760935,-0.0556020501455203));
#352=CARTESIAN_POINT('',(-0.0632165762546094,0.0133913396094268,-0.0556927514607391));
#353=CARTESIAN_POINT('',(-0.062417765095642,0.0133246729427602,-0.0544905725781919));
#354=CARTESIAN_POINT('',(-0.0616189539366744,0.0132580062760935,-0.0532883936956448));
#355=CARTESIAN_POINT('',(-0.0622606658093697,0.0131913396094268,-0.0519955134978788));
#356=CARTESIAN_POINT('',(-0.062902377682065,0.0131246729427602,-0.0507026333001129));
#357=CARTESIAN_POINT('',(-0.0643429007137278,0.0130580062760935,-0.0506119319848941));
#358=CARTESIAN_POINT('',(-0.0657834237453906,0.0129913396094268,-0.0505212306696753));
#359=CARTESIAN_POINT('',(-0.0665822349043581,0.0129246729427602,-0.0517234095522225));
#360=CARTESIAN_POINT('',(-0.0673810460633256,0.0128580062760935,-0.0529255884347696));
#361=CARTESIAN_POINT('',(-0.0667393341906303,0.0127913396094268,-0.0542184686325356));
#362=CARTESIAN_POINT('',(-0.066097622317935,0.0127246729427602,-0.0555113488303015));
#363=CARTESIAN_POINT('',(-0.0646570992862723,0.0126580062760935,-0.0556020501455203));
#364=CARTESIAN_POINT('',(-0.0632165762546094,0.0125913396094268,-0.0556927514607391));
#365=CARTESIAN_POINT('',(-0.062417765095642,0.0125246729427602,-0.054490572578192));
#366=CARTESIAN_POINT('',(-0.0616189539366744,0.0124580062760935,-0.0532883936956448));
#367=CARTESIAN_POINT('',(-0.0622606658093697,0.0123913396094268,-0.0519955134978789));
#368=CARTESIAN_POINT('',(-0.062902377682065,0.0123246729427602,-0.0507026333001129));
#369=CARTESIAN_POINT('',(-0.0643429007137278,0.0122580062760935,-0.0506119319848941));
#370=CARTESIAN_POINT('',(-0.0657834237453906,0.0121913396094268,-0.0505212306696753));
#371=CARTESIAN_POINT('',(-0.066582234904358,0.0121246729427602,-0.0517234095522225));
#372=CARTESIAN_POINT('',(-0.0673810460633256,0.0120580062760935,-0.0529255884347696));
#373=CARTESIAN_POINT('',(-0.0667393341906303,0.0119913396094268,-0.0542184686325356));
#374=CARTESIAN_POINT('',(-0.066097622317935,0.0119246729427602,-0.0555113488303015));
#375=CARTESIAN_POINT('',(-0.0646570992862723,0.0118580062760935,-0.0556020501455203));
#376=CARTESIAN_POINT('',(-0.0632165762546094,0.0117913396094268,-0.0556927514607391));
#377=CARTESIAN_POINT('',(-0.062417765095642,0.0117246729427602,-0.0544905725781919));
#378=CARTESIAN_POINT('',(-0.0616189539366744,0.0116580062760935,-0.0532883936956448));
#379=CARTESIAN_POINT('',(-0.0622606658093697,0.0115913396094268,-0.0519955134978789));
#380=CARTESIAN_POINT('',(-0.062902377682065,0.0115246729427602,-0.0507026333001129));
#381=CARTESIAN_POINT('',(-0.0643429007137277,0.0114580062760935,-0.0506119319848941));
#382=CARTESIAN_POINT('',(-0.0657834237453906,0.0113913396094268,-0.0505212306696753));
#383=CARTESIAN_POINT('',(-0.0665822349043581,0.0113246729427602,-0.0517234095522225));
#384=CARTESIAN_POINT('',(-0.0673810460633256,0.0112580062760935,-0.0529255884347696));
#385=CARTESIAN_POINT('',(-0.0667393341906303,0.0111913396094268,-0.0542184686325356));
#386=CARTESIAN_POINT('',(-0.066097622317935,0.0111246729427602,-0.0555113488303015));
#387=CARTESIAN_POINT('',(-0.0646570992862723,0.0110580062760935,-0.0556020501455203));
#388=CARTESIAN_POINT('',(-0.0632165762546094,0.0109913396094268,-0.0556927514607391));
#389=CARTESIAN_POINT('',(-0.062417765095642,0.0109246729427602,-0.054490572578192));
#390=CARTESIAN_POINT('',(-0.0616189539366744,0.0108580062760935,-0.0532883936956448));
#391=CARTESIAN_POINT('',(-0.0622606658093697,0.0107913396094268,-0.0519955134978789));
#392=CARTESIAN_POINT('',(-0.062902377682065,0.0107246729427602,-0.0507026333001129));
#393=CARTESIAN_POINT('',(-0.0643429007137278,0.0106580062760935,-0.0506119319848941));
#394=CARTESIAN_POINT('',(-0.0657834237453906,0.0105913396094268,-0.0505212306696753));
#395=CARTESIAN_POINT('',(-0.066582234904358,0.0105246729427602,-0.0517234095522225));
#396=CARTESIAN_POINT('',(-0.0673810460633256,0.0104580062760935,-0.0529255884347696));
#397=CARTESIAN_POINT('',(-0.0667393341906303,0.0103913396094268,-0.0542184686325356));
#398=CARTESIAN_POINT('',(-0.066097622317935,0.0103246729427602,-0.0555113488303015));
#399=CARTESIAN_POINT('',(-0.0646570992862723,0.0102580062760935,-0.0556020501455203));
#400=CARTESIAN_POINT('',(-0.0632165762546094,0.0101913396094268,-0.0556927514607391));
#401=CARTESIAN_POINT('',(-0.062417765095642,0.0101246729427602,-0.0544905725781919));
#402=CARTESIAN_POINT('',(-0.0616189539366744,0.0100580062760935,-0.0532883936956448));
#403=CARTESIAN_POINT('',(-0.0622606658093697,0.00999133960942684,-0.0519955134978789));
#404=CARTESIAN_POINT('',(-0.062902377682065,0.00992467294276017,-0.0507026333001129));
#405=CARTESIAN_POINT('',(-0.0643429007137277,0.0098580062760935,-0.0506119319848941));
#406=CARTESIAN_POINT('',(-0.0657834237453906,0.00979133960942683,-0.0505212306696753));
#407=CARTESIAN_POINT('',(-0.0665822349043581,0.00972467294276017,-0.0517234095522225));
#408=CARTESIAN_POINT('',(-0.0673810460633256,0.0096580062760935,-0.0529255884347696));
#409=CARTESIAN_POINT('',(-0.0667393341906303,0.00959133960942684,-0.0542184686325356));
#410=CARTESIAN_POINT('',(-0.066097622317935,0.00952467294276016,-0.0555113488303015));
#411=CARTESIAN_POINT('',(-0.0646570992862723,0.0094580062760935,-0.0556020501455203));
#412=CARTESIAN_POINT('',(-0.0632165762546095,0.00939133960942684,-0.0556927514607391));
#413=CARTESIAN_POINT('',(-0.062417765095642,0.00932467294276017,-0.054490572578192));
#414=CARTESIAN_POINT('',(-0.0616189539366744,0.0092580062760935,-0.0532883936956448));
#415=CARTESIAN_POINT('',(-0.0622606658093697,0.00919133960942684,-0.0519955134978789));
#416=CARTESIAN_POINT('',(-0.062902377682065,0.00912467294276017,-0.0507026333001129));
#417=CARTESIAN_POINT('',(-0.0643429007137277,0.0090580062760935,-0.0506119319848941));
#418=CARTESIAN_POINT('',(-0.0657834237453906,0.00899133960942683,-0.0505212306696753));
#419=CARTESIAN_POINT('',(-0.066582234904358,0.00892467294276017,-0.0517234095522225));
#420=CARTESIAN_POINT('',(-0.0673810460633256,0.0088580062760935,-0.0529255884347696));
#421=CARTESIAN_POINT('',(-0.0667393341906303,0.00879133960942684,-0.0542184686325356));
#422=CARTESIAN_POINT('',(-0.066097622317935,0.00872467294276016,-0.0555113488303015));
#423=CARTESIAN_POINT('',(-0.0646570992862723,0.0086580062760935,-0.0556020501455203));
#424=CARTESIAN_POINT('',(-0.0632165762546094,0.00859133960942684,-0.0556927514607391));
#425=CARTESIAN_POINT('',(-0.062417765095642,0.00852467294276017,-0.0544905725781919));
#426=CARTESIAN_POINT('',(-0.0616189539366744,0.0084580062760935,-0.0532883936956448));
#427=CARTESIAN_POINT('',(-0.0622606658093697,0.00839133960942684,-0.0519955134978789));
#428=CARTESIAN_POINT('',(-0.062902377682065,0.00832467294276017,-0.0507026333001129));
#429=CARTESIAN_POINT('',(-0.0643429007137277,0.0082580062760935,-0.0506119319848941));
#430=CARTESIAN_POINT('',(-0.0657834237453906,0.00819133960942683,-0.0505212306696753));
#431=CARTESIAN_POINT('',(-0.066582234904358,0.00812467294276017,-0.0517234095522225));
#432=CARTESIAN_POINT('',(-0.0673810460633256,0.00805800627609351,-0.0529255884347696));
#433=CARTESIAN_POINT('',(-0.0667393341906303,0.00799133960942684,-0.0542184686325356));
#434=CARTESIAN_POINT('',(-0.066097622317935,0.00792467294276017,-0.0555113488303015));
#435=CARTESIAN_POINT('',(-0.0646570992862723,0.0078580062760935,-0.0556020501455203));
#436=CARTESIAN_POINT('',(-0.0632165762546095,0.00779133960942684,-0.0556927514607391));
#437=CARTESIAN_POINT('',(-0.062417765095642,0.00772467294276017,-0.054490572578192));
#438=CARTESIAN_POINT('',(-0.0616189539366744,0.0076580062760935,-0.0532883936956448));
#439=CARTESIAN_POINT('',(-0.0622606658093697,0.00759133960942683,-0.0519955134978789));
#440=CARTESIAN_POINT('',(-0.062902377682065,0.00752467294276017,-0.0507026333001129));
#441=CARTESIAN_POINT('',(-0.0643429007137277,0.0074580062760935,-0.0506119319848941));
#442=CARTESIAN_POINT('',(-0.0657834237453906,0.00739133960942683,-0.0505212306696753));
#443=CARTESIAN_POINT('',(-0.066582234904358,0.00732467294276017,-0.0517234095522225));
#444=CARTESIAN_POINT('',(-0.0673810460633256,0.0072580062760935,-0.0529255884347696));
#445=CARTESIAN_POINT('',(-0.0667393341906303,0.00719133960942683,-0.0542184686325356));
#446=CARTESIAN_POINT('',(-0.066097622317935,0.00712467294276017,-0.0555113488303015));
#447=CARTESIAN_POINT('',(-0.0646570992862723,0.0070580062760935,-0.0556020501455203));
#448=CARTESIAN_POINT('',(-0.0632165762546095,0.00699133960942683,-0.0556927514607391));
#449=CARTESIAN_POINT('',(-0.062417765095642,0.00692467294276017,-0.0544905725781919));
#450=CARTESIAN_POINT('',(-0.0616189539366744,0.0068580062760935,-0.0532883936956449));
#451=CARTESIAN_POINT('',(-0.0622606658093697,0.00679133960942684,-0.0519955134978788));
#452=CARTESIAN_POINT('',(-0.062902377682065,0.00672467294276016,-0.0507026333001129));
#453=CARTESIAN_POINT('',(-0.0643429007137277,0.0066580062760935,-0.0506119319848941));
#454=CARTESIAN_POINT('',(-0.0657834237453906,0.00659133960942683,-0.0505212306696753));
#455=CARTESIAN_POINT('',(-0.066582234904358,0.00652467294276017,-0.0517234095522225));
#456=CARTESIAN_POINT('',(-0.0673810460633256,0.00645800627609349,-0.0529255884347696));
#457=CARTESIAN_POINT('',(-0.0667393341906303,0.00639133960942684,-0.0542184686325356));
#458=CARTESIAN_POINT('',(-0.0660976223179351,0.00632467294276017,-0.0555113488303015));
#459=CARTESIAN_POINT('',(-0.0646570992862723,0.0062580062760935,-0.0556020501455203));
#460=CARTESIAN_POINT('',(-0.0632165762546095,0.00619133960942683,-0.0556927514607391));
#461=CARTESIAN_POINT('',(-0.062417765095642,0.00612467294276017,-0.0544905725781919));
#462=CARTESIAN_POINT('',(-0.0616189539366744,0.0060580062760935,-0.0532883936956448));
#463=CARTESIAN_POINT('',(-0.0622606658093697,0.00599133960942683,-0.0519955134978789));
#464=CARTESIAN_POINT('',(-0.062902377682065,0.00592467294276016,-0.0507026333001129));
#465=CARTESIAN_POINT('',(-0.0643429007137277,0.0058580062760935,-0.0506119319848941));
#466=CARTESIAN_POINT('',(-0.0657834237453906,0.00579133960942684,-0.0505212306696754));
#467=CARTESIAN_POINT('',(-0.066582234904358,0.00572467294276017,-0.0517234095522225));
#468=CARTESIAN_POINT('',(-0.0673810460633256,0.0056580062760935,-0.0529255884347696));
#469=CARTESIAN_POINT('',(-0.0667393341906303,0.00559133960942684,-0.0542184686325356));
#470=CARTESIAN_POINT('',(-0.066097622317935,0.00552467294276017,-0.0555113488303015));
#471=CARTESIAN_POINT('',(-0.0646570992862722,0.0054580062760935,-0.0556020501455203));
#472=CARTESIAN_POINT('',(-0.0632165762546094,0.00539133960942683,-0.0556927514607391));
#473=CARTESIAN_POINT('',(-0.062417765095642,0.00532467294276017,-0.054490572578192));
#474=CARTESIAN_POINT('',(-0.0616189539366744,0.0052580062760935,-0.0532883936956448));
#475=CARTESIAN_POINT('',(-0.0622606658093697,0.00519133960942684,-0.0519955134978789));
#476=CARTESIAN_POINT('',(-0.0629023776820649,0.00512467294276017,-0.0507026333001129));
#477=CARTESIAN_POINT('',(-0.0643429007137277,0.0050580062760935,-0.0506119319848941));
#478=CARTESIAN_POINT('',(-0.0657834237453904,0.00499133960942684,-0.0505212306696753));
#479=CARTESIAN_POINT('',(-0.0665822349043581,0.00492467294276017,-0.0517234095522225));
#480=CARTESIAN_POINT('',(-0.0673810460633256,0.0048580062760935,-0.0529255884347696));
#481=CARTESIAN_POINT('',(-0.0667393341906303,0.00479133960942683,-0.0542184686325355));
#482=CARTESIAN_POINT('',(-0.066097622317935,0.00472467294276017,-0.0555113488303015));
#483=CARTESIAN_POINT('',(-0.0646570992862723,0.0046580062760935,-0.0556020501455203));
#484=CARTESIAN_POINT('',(-0.0632165762546094,0.00459133960942683,-0.0556927514607391));
#485=CARTESIAN_POINT('',(-0.062417765095642,0.00452467294276017,-0.054490572578192));
#486=CARTESIAN_POINT('',(-0.0616189539366744,0.0044580062760935,-0.0532883936956449));
#487=CARTESIAN_POINT('',(-0.0622606658093697,0.00439133960942684,-0.0519955134978789));
#488=CARTESIAN_POINT('',(-0.062902377682065,0.00432467294276017,-0.0507026333001129));
#489=CARTESIAN_POINT('',(-0.0643429007137278,0.0042580062760935,-0.0506119319848941));
#490=CARTESIAN_POINT('',(-0.0657834237453906,0.00419133960942683,-0.0505212306696753));
#491=CARTESIAN_POINT('',(-0.066582234904358,0.00412467294276017,-0.0517234095522225));
#492=CARTESIAN_POINT('',(-0.0673810460633256,0.0040580062760935,-0.0529255884347696));
#493=CARTESIAN_POINT('',(-0.0667393341906303,0.00399133960942684,-0.0542184686325356));
#494=CARTESIAN_POINT('',(-0.066097622317935,0.00392467294276017,-0.0555113488303015));
#495=CARTESIAN_POINT('',(-0.0646570992862723,0.00385800627609351,-0.0556020501455203));
#496=CARTESIAN_POINT('',(-0.0632165762546095,0.00379133960942683,-0.0556927514607391));
#497=CARTESIAN_POINT('',(-0.062417765095642,0.00372467294276017,-0.0544905725781919));
#498=CARTESIAN_POINT('',(-0.0616189539366744,0.0036580062760935,-0.0532883936956449));
#499=CARTESIAN_POINT('',(-0.0622606658093697,0.00359133960942684,-0.0519955134978788));
#500=CARTESIAN_POINT('',(-0.062902377682065,0.00352467294276017,-0.0507026333001129));
#501=CARTESIAN_POINT('',(-0.0643429007137277,0.0034580062760935,-0.0506119319848941));
#502=CARTESIAN_POINT('',(-0.0657834237453906,0.00339133960942683,-0.0505212306696753));
#503=CARTESIAN_POINT('',(-0.066582234904358,0.00332467294276017,-0.0517234095522225));
#504=CARTESIAN_POINT('',(-0.0673810460633256,0.0032580062760935,-0.0529255884347696));
#505=CARTESIAN_POINT('',(-0.0667393341906303,0.00319133960942684,-0.0542184686325356));
#506=CARTESIAN_POINT('',(-0.0660976223179351,0.00312467294276017,-0.0555113488303015));
#507=CARTESIAN_POINT('',(-0.0646570992862723,0.0030580062760935,-0.0556020501455203));
#508=CARTESIAN_POINT('',(-0.0632165762546095,0.00299133960942683,-0.0556927514607391));
#509=CARTESIAN_POINT('',(-0.062417765095642,0.00292467294276017,-0.0544905725781919));
#510=CARTESIAN_POINT('',(-0.0616189539366744,0.0028580062760935,-0.0532883936956448));
#511=CARTESIAN_POINT('',(-0.0622606658093697,0.00279133960942684,-0.0519955134978789));
#512=CARTESIAN_POINT('',(-0.062902377682065,0.00272467294276017,-0.0507026333001129));
#513=CARTESIAN_POINT('',(-0.0643429007137277,0.0026580062760935,-0.0506119319848941));
#514=CARTESIAN_POINT('',(-0.0657834237453904,0.00259133960942684,-0.0505212306696753));
#515=CARTESIAN_POINT('',(-0.066582234904358,0.00252467294276017,-0.0517234095522225));
#516=CARTESIAN_POINT('',(-0.0673810460633256,0.0024580062760935,-0.0529255884347696));
#517=CARTESIAN_POINT('',(-0.0667393341906303,0.00239133960942684,-0.0542184686325356));
#518=CARTESIAN_POINT('',(-0.066097622317935,0.00232467294276017,-0.0555113488303015));
#519=CARTESIAN_POINT('',(-0.0646570992862723,0.0022580062760935,-0.0556020501455203));
#520=CARTESIAN_POINT('',(-0.0632165762546095,0.00219133960942684,-0.0556927514607391));
#521=CARTESIAN_POINT('',(-0.062417765095642,0.00212467294276016,-0.054490572578192));
#522=CARTESIAN_POINT('',(-0.0616189539366744,0.0020580062760935,-0.0532883936956448));
#523=CARTESIAN_POINT('',(-0.0622606658093697,0.00199133960942684,-0.0519955134978789));
#524=CARTESIAN_POINT('',(-0.0629023776820649,0.00192467294276016,-0.0507026333001129));
#525=CARTESIAN_POINT('',(-0.0643429007137277,0.0018580062760935,-0.0506119319848941));
#526=CARTESIAN_POINT('',(-0.0657834237453904,0.00179133960942684,-0.0505212306696753));
#527=CARTESIAN_POINT('',(-0.066582234904358,0.00172467294276017,-0.0517234095522225));
#528=CARTESIAN_POINT('',(-0.0673810460633256,0.0016580062760935,-0.0529255884347696));
#529=CARTESIAN_POINT('',(-0.0667393341906303,0.00159133960942683,-0.0542184686325355));
#530=CARTESIAN_POINT('',(-0.066097622317935,0.00152467294276016,-0.0555113488303015));
#531=CARTESIAN_POINT('',(-0.0646570992862723,0.0014580062760935,-0.0556020501455203));
#532=CARTESIAN_POINT('',(-0.0632165762546094,0.00139133960942683,-0.0556927514607391));
#533=CARTESIAN_POINT('',(-0.062417765095642,0.00132467294276017,-0.054490572578192));
#534=CARTESIAN_POINT('',(-0.0616189539366744,0.0012580062760935,-0.0532883936956449));
#535=CARTESIAN_POINT('',(-0.0622606658093697,0.00119133960942683,-0.0519955134978789));
#536=CARTESIAN_POINT('',(-0.062902377682065,0.00112467294276017,-0.0507026333001129));
#537=CARTESIAN_POINT('',(-0.0643429007137278,0.0010580062760935,-0.0506119319848941));
#538=CARTESIAN_POINT('',(-0.0657834237453904,0.000991339609426833,-0.0505212306696753));
#539=CARTESIAN_POINT('',(-0.066582234904358,0.000924672942760166,-0.0517234095522225));
#540=CARTESIAN_POINT('',(-0.0673810460633256,0.000858006276093498,-0.0529255884347696));
#541=CARTESIAN_POINT('',(-0.0667393341906303,0.000791339609426834,-0.0542184686325356));
#542=CARTESIAN_POINT('',(-0.066097622317935,0.000724672942760167,-0.0555113488303015));
#543=CARTESIAN_POINT('',(-0.0646570992862723,0.000658006276093501,-0.0556020501455203));
#544=CARTESIAN_POINT('',(-0.0632165762546095,0.000591339609426832,-0.0556927514607391));
#545=CARTESIAN_POINT('',(-0.062417765095642,0.000524672942760169,-0.0544905725781919));
#546=CARTESIAN_POINT('',(-0.0616189539366744,0.000458006276093501,-0.0532883936956449));
#547=CARTESIAN_POINT('',(-0.0622606658093697,0.000391339609426833,-0.0519955134978789));
#548=CARTESIAN_POINT('',(-0.062902377682065,0.000324672942760166,-0.0507026333001129));
#549=CARTESIAN_POINT('',(-0.0643429007137277,0.000258006276093501,-0.0506119319848941));
#550=CARTESIAN_POINT('',(-0.0657834237453906,0.000191339609426831,-0.0505212306696753));
#551=CARTESIAN_POINT('',(-0.066582234904358,0.000124672942760168,-0.0517234095522225));
#552=CARTESIAN_POINT('',(-0.0673810460633256,5.80062760935001E-5,-0.0529255884347696));
#553=CARTESIAN_POINT('',(-0.0667393341906303,-8.6603905731647E-6,-0.0542184686325356));
#554=CARTESIAN_POINT('',(-0.0660976223179351,-7.53270572398309E-5,-0.0555113488303015));
#555=CARTESIAN_POINT('',(-0.0646570992862723,-0.000141993723906497,-0.0556020501455203));
#556=CARTESIAN_POINT('',(-0.0632165762546095,-0.00020866039057317,-0.0556927514607391));
#557=CARTESIAN_POINT('',(-0.062417765095642,-0.000275327057239833,-0.054490572578192));
#558=CARTESIAN_POINT('',(-0.0616189539366744,-0.000341993723906501,-0.0532883936956448));
#559=CARTESIAN_POINT('',(-0.0622606658093697,-0.000408660390573166,-0.0519955134978789));
#560=CARTESIAN_POINT('',(-0.062902377682065,-0.000475327057239832,-0.0507026333001129));
#561=CARTESIAN_POINT('',(-0.0643429007137277,-0.000541993723906498,-0.0506119319848941));
#562=CARTESIAN_POINT('',(-0.0657834237453904,-0.000608660390573167,-0.0505212306696753));
#563=CARTESIAN_POINT('',(-0.066582234904358,-0.000675327057239831,-0.0517234095522225));
#564=CARTESIAN_POINT('',(-0.0673810460633256,-0.000741993723906502,-0.0529255884347696));
#565=CARTESIAN_POINT('',(-0.0667393341906303,-0.000808660390573167,-0.0542184686325356));
#566=CARTESIAN_POINT('',(-0.066097622317935,-0.000875327057239833,-0.0555113488303015));
#567=CARTESIAN_POINT('',(-0.0646570992862723,-0.000941993723906499,-0.0556020501455203));
#568=CARTESIAN_POINT('',(-0.0632165762546095,-0.00100866039057317,-0.0556927514607391));
#569=CARTESIAN_POINT('',(-0.062417765095642,-0.00107532705723983,-0.054490572578192));
#570=CARTESIAN_POINT('',(-0.0616189539366744,-0.0011419937239065,-0.0532883936956448));
#571=CARTESIAN_POINT('',(-0.0622606658093697,-0.00120866039057316,-0.0519955134978789));
#572=CARTESIAN_POINT('',(-0.0629023776820649,-0.00127532705723983,-0.0507026333001129));
#573=CARTESIAN_POINT('',(-0.0643429007137277,-0.0013419937239065,-0.0506119319848941));
#574=CARTESIAN_POINT('',(-0.0657834237453904,-0.00140866039057317,-0.0505212306696753));
#575=CARTESIAN_POINT('',(-0.066582234904358,-0.00147532705723983,-0.0517234095522225));
#576=CARTESIAN_POINT('',(-0.0673810460633256,-0.0015419937239065,-0.0529255884347696));
#577=CARTESIAN_POINT('',(-0.0667393341906303,-0.00160866039057316,-0.0542184686325355));
#578=CARTESIAN_POINT('',(-0.066097622317935,-0.00167532705723983,-0.0555113488303015));
#579=CARTESIAN_POINT('',(-0.0646570992862723,-0.0017419937239065,-0.0556020501455203));
#580=CARTESIAN_POINT('',(-0.0632165762546094,-0.00180866039057316,-0.0556927514607391));
#581=CARTESIAN_POINT('',(-0.062417765095642,-0.00187532705723984,-0.054490572578192));
#582=CARTESIAN_POINT('',(-0.0616189539366744,-0.0019419937239065,-0.0532883936956449));
#583=CARTESIAN_POINT('',(-0.0622606658093697,-0.00200866039057317,-0.0519955134978789));
#584=CARTESIAN_POINT('',(-0.062902377682065,-0.00207532705723983,-0.0507026333001129));
#585=CARTESIAN_POINT('',(-0.0643429007137278,-0.0021419937239065,-0.0506119319848941));
#586=CARTESIAN_POINT('',(-0.0657834237453904,-0.00220866039057317,-0.0505212306696753));
#587=CARTESIAN_POINT('',(-0.066582234904358,-0.00227532705723983,-0.0517234095522225));
#588=CARTESIAN_POINT('',(-0.0673810460633256,-0.0023419937239065,-0.0529255884347696));
#589=CARTESIAN_POINT('',(-0.0667393341906303,-0.00240866039057317,-0.0542184686325356));
#590=CARTESIAN_POINT('',(-0.0660976223179351,-0.00247532705723984,-0.0555113488303015));
#591=CARTESIAN_POINT('',(-0.0646570992862723,-0.0025419937239065,-0.0556020501455203));
#592=CARTESIAN_POINT('',(-0.0632165762546095,-0.00260866039057317,-0.0556927514607391));
#593=CARTESIAN_POINT('',(-0.062417765095642,-0.00267532705723984,-0.054490572578192));
#594=CARTESIAN_POINT('',(-0.0616189539366744,-0.0027419937239065,-0.0532883936956449));
#595=CARTESIAN_POINT('',(-0.0622606658093697,-0.00280866039057317,-0.0519955134978789));
#596=CARTESIAN_POINT('',(-0.062902377682065,-0.00287532705723983,-0.0507026333001129));
#597=CARTESIAN_POINT('',(-0.0643429007137277,-0.0029419937239065,-0.0506119319848941));
#598=CARTESIAN_POINT('',(-0.0657834237453906,-0.00300866039057317,-0.0505212306696753));
#599=CARTESIAN_POINT('',(-0.066582234904358,-0.00307532705723983,-0.0517234095522225));
#600=CARTESIAN_POINT('',(-0.0673810460633256,-0.0031419937239065,-0.0529255884347695));
#601=CARTESIAN_POINT('',(-0.0667393341906303,-0.00320866039057317,-0.0542184686325356));
#602=CARTESIAN_POINT('',(-0.0660976223179351,-0.00327532705723983,-0.0555113488303015));
#603=CARTESIAN_POINT('',(-0.0646570992862723,-0.0033419937239065,-0.0556020501455203));
#604=CARTESIAN_POINT('',(-0.0632165762546095,-0.00340866039057317,-0.0556927514607391));
#605=CARTESIAN_POINT('',(-0.062417765095642,-0.00347532705723983,-0.054490572578192));
#606=CARTESIAN_POINT('',(-0.0616189539366744,-0.0035419937239065,-0.0532883936956448));
#607=CARTESIAN_POINT('',(-0.0622606658093697,-0.00360866039057317,-0.0519955134978789));
#608=CARTESIAN_POINT('',(-0.062902377682065,-0.00367532705723983,-0.0507026333001129));
#609=CARTESIAN_POINT('',(-0.0643429007137277,-0.0037419937239065,-0.0506119319848941));
#610=CARTESIAN_POINT('',(-0.0657834237453904,-0.00380866039057317,-0.0505212306696753));
#611=CARTESIAN_POINT('',(-0.066582234904358,-0.00387532705723983,-0.0517234095522225));
#612=CARTESIAN_POINT('',(-0.0673810460633256,-0.0039419937239065,-0.0529255884347696));
#613=CARTESIAN_POINT('',(-0.0667393341906303,-0.00400866039057316,-0.0542184686325356));
#614=CARTESIAN_POINT('',(-0.066097622317935,-0.00407532705723983,-0.0555113488303015));
#615=CARTESIAN_POINT('',(-0.0646570992862723,-0.0041419937239065,-0.0556020501455203));
#616=CARTESIAN_POINT('',(-0.0632165762546095,-0.00420866039057317,-0.0556927514607391));
#617=CARTESIAN_POINT('',(-0.062417765095642,-0.00427532705723983,-0.054490572578192));
#618=CARTESIAN_POINT('',(-0.0616189539366744,-0.0043419937239065,-0.0532883936956448));
#619=CARTESIAN_POINT('',(-0.0622606658093697,-0.00440866039057316,-0.0519955134978789));
#620=CARTESIAN_POINT('',(-0.0629023776820649,-0.00447532705723983,-0.0507026333001129));
#621=CARTESIAN_POINT('',(-0.0643429007137277,-0.0045419937239065,-0.0506119319848941));
#622=CARTESIAN_POINT('',(-0.0657834237453904,-0.00460866039057316,-0.0505212306696753));
#623=CARTESIAN_POINT('',(-0.066582234904358,-0.00467532705723983,-0.0517234095522225));
#624=CARTESIAN_POINT('',(-0.0673810460633256,-0.0047419937239065,-0.0529255884347696));
#625=CARTESIAN_POINT('',(-0.0667393341906303,-0.00480866039057317,-0.0542184686325355));
#626=CARTESIAN_POINT('',(-0.066097622317935,-0.00487532705723984,-0.0555113488303015));
#627=CARTESIAN_POINT('',(-0.0646570992862723,-0.0049419937239065,-0.0556020501455203));
#628=CARTESIAN_POINT('',(-0.0632165762546095,-0.00500866039057316,-0.0556927514607391));
#629=CARTESIAN_POINT('',(-0.062417765095642,-0.00507532705723983,-0.054490572578192));
#630=CARTESIAN_POINT('',(-0.0616189539366744,-0.0051419937239065,-0.0532883936956449));
#631=CARTESIAN_POINT('',(-0.0622606658093697,-0.00520866039057316,-0.0519955134978789));
#632=CARTESIAN_POINT('',(-0.0629023776820649,-0.00527532705723984,-0.0507026333001129));
#633=CARTESIAN_POINT('',(-0.0643429007137277,-0.0053419937239065,-0.0506119319848941));
#634=CARTESIAN_POINT('',(-0.0657834237453904,-0.00540866039057317,-0.0505212306696753));
#635=CARTESIAN_POINT('',(-0.066582234904358,-0.00547532705723983,-0.0517234095522225));
#636=CARTESIAN_POINT('',(-0.0673810460633256,-0.0055419937239065,-0.0529255884347696));
#637=CARTESIAN_POINT('',(-0.0667393341906303,-0.00560866039057317,-0.0542184686325356));
#638=CARTESIAN_POINT('',(-0.0660976223179351,-0.00567532705723984,-0.0555113488303015));
#639=CARTESIAN_POINT('',(-0.0646570992862723,-0.0057419937239065,-0.0556020501455203));
#640=CARTESIAN_POINT('',(-0.0632165762546095,-0.00580866039057316,-0.0556927514607391));
#641=CARTESIAN_POINT('',(-0.062417765095642,-0.00587532705723983,-0.054490572578192));
#642=CARTESIAN_POINT('',(-0.0616189539366744,-0.0059419937239065,-0.0532883936956449));
#643=CARTESIAN_POINT('',(-0.0622606658093697,-0.00600866039057317,-0.0519955134978789));
#644=CARTESIAN_POINT('',(-0.062902377682065,-0.00607532705723983,-0.0507026333001129));
#645=CARTESIAN_POINT('',(-0.0643429007137277,-0.0061419937239065,-0.0506119319848941));
#646=CARTESIAN_POINT('',(-0.0657834237453906,-0.00620866039057317,-0.0505212306696753));
#647=CARTESIAN_POINT('',(-0.066582234904358,-0.00627532705723983,-0.0517234095522225));
#648=CARTESIAN_POINT('',(-0.0673810460633256,-0.00634199372390649,-0.0529255884347695));
#649=CARTESIAN_POINT('',(-0.0667393341906303,-0.00640866039057316,-0.0542184686325356));
#650=CARTESIAN_POINT('',(-0.0660976223179351,-0.00647532705723983,-0.0555113488303015));
#651=CARTESIAN_POINT('',(-0.0646570992862723,-0.0065419937239065,-0.0556020501455203));
#652=CARTESIAN_POINT('',(-0.0632165762546095,-0.00660866039057316,-0.0556927514607391));
#653=CARTESIAN_POINT('',(-0.062417765095642,-0.00667532705723983,-0.054490572578192));
#654=CARTESIAN_POINT('',(-0.0616189539366744,-0.0067419937239065,-0.0532883936956448));
#655=CARTESIAN_POINT('',(-0.0622606658093697,-0.00680866039057317,-0.0519955134978789));
#656=CARTESIAN_POINT('',(-0.062902377682065,-0.00687532705723983,-0.0507026333001129));
#657=CARTESIAN_POINT('',(-0.0643429007137277,-0.0069419937239065,-0.0506119319848941));
#658=CARTESIAN_POINT('',(-0.0657834237453904,-0.00700866039057317,-0.0505212306696753));
#659=CARTESIAN_POINT('',(-0.066582234904358,-0.00707532705723983,-0.0517234095522225));
#660=CARTESIAN_POINT('',(-0.0673810460633256,-0.00714199372390649,-0.0529255884347696));
#661=CARTESIAN_POINT('',(-0.0667393341906303,-0.00720866039057317,-0.0542184686325355));
#662=CARTESIAN_POINT('',(-0.066097622317935,-0.00727532705723983,-0.0555113488303015));
#663=CARTESIAN_POINT('',(-0.0646570992862723,-0.0073419937239065,-0.0556020501455203));
#664=CARTESIAN_POINT('',(-0.0632165762546095,-0.00740866039057316,-0.0556927514607391));
#665=CARTESIAN_POINT('',(-0.062417765095642,-0.00747532705723983,-0.054490572578192));
#666=CARTESIAN_POINT('',(-0.0616189539366744,-0.0075419937239065,-0.0532883936956449));
#667=CARTESIAN_POINT('',(-0.0622606658093697,-0.00760866039057317,-0.0519955134978789));
#668=CARTESIAN_POINT('',(-0.0629023776820649,-0.00767532705723984,-0.0507026333001129));
#669=CARTESIAN_POINT('',(-0.0643429007137277,-0.0077419937239065,-0.0506119319848941));
#670=CARTESIAN_POINT('',(-0.0657834237453904,-0.00780866039057317,-0.0505212306696753));
#671=CARTESIAN_POINT('',(-0.066582234904358,-0.00787532705723983,-0.0517234095522224));
#672=CARTESIAN_POINT('',(-0.0673810460633256,-0.00794199372390649,-0.0529255884347696));
#673=CARTESIAN_POINT('',(-0.0667393341906303,-0.00800866039057317,-0.0542184686325355));
#674=CARTESIAN_POINT('',(-0.066097622317935,-0.00807532705723983,-0.0555113488303015));
#675=CARTESIAN_POINT('',(-0.0646570992862723,-0.0081419937239065,-0.0556020501455203));
#676=CARTESIAN_POINT('',(-0.0632165762546095,-0.00820866039057316,-0.0556927514607391));
#677=CARTESIAN_POINT('',(-0.062417765095642,-0.00827532705723983,-0.054490572578192));
#678=CARTESIAN_POINT('',(-0.0616189539366744,-0.0083419937239065,-0.0532883936956449));
#679=CARTESIAN_POINT('',(-0.0622606658093697,-0.00840866039057316,-0.0519955134978789));
#680=CARTESIAN_POINT('',(-0.0629023776820649,-0.00847532705723983,-0.0507026333001129));
#681=CARTESIAN_POINT('',(-0.0643429007137277,-0.0085419937239065,-0.0506119319848941));
#682=CARTESIAN_POINT('',(-0.0657834237453904,-0.00860866039057316,-0.0505212306696753));
#683=CARTESIAN_POINT('',(-0.066582234904358,-0.00867532705723983,-0.0517234095522225));
#684=CARTESIAN_POINT('',(-0.0673810460633256,-0.00874199372390649,-0.0529255884347696));
#685=CARTESIAN_POINT('',(-0.0667393341906303,-0.00880866039057316,-0.0542184686325356));
#686=CARTESIAN_POINT('',(-0.0660976223179351,-0.00887532705723983,-0.0555113488303015));
#687=CARTESIAN_POINT('',(-0.0646570992862723,-0.00894199372390649,-0.0556020501455203));
#688=CARTESIAN_POINT('',(-0.0632165762546095,-0.00900866039057317,-0.0556927514607391));
#689=CARTESIAN_POINT('',(-0.062417765095642,-0.00907532705723983,-0.054490572578192));
#690=CARTESIAN_POINT('',(-0.0616189539366744,-0.0091419937239065,-0.0532883936956449));
#691=CARTESIAN_POINT('',(-0.0622606658093697,-0.00920866039057316,-0.0519955134978789));
#692=CARTESIAN_POINT('',(-0.0629023776820649,-0.00927532705723984,-0.050702633300113));
#693=CARTESIAN_POINT('',(-0.0643429007137277,-0.0093419937239065,-0.0506119319848941));
#694=CARTESIAN_POINT('',(-0.0657834237453906,-0.00940866039057316,-0.0505212306696753));
#695=CARTESIAN_POINT('',(-0.066582234904358,-0.00947532705723983,-0.0517234095522224));
#696=CARTESIAN_POINT('',(-0.0673810460633256,-0.0095419937239065,-0.0529255884347695));
#697=CARTESIAN_POINT('',(-0.0667393341906303,-0.00960866039057316,-0.0542184686325356));
#698=CARTESIAN_POINT('',(-0.066097622317935,-0.00967532705723983,-0.0555113488303015));
#699=CARTESIAN_POINT('',(-0.0646570992862723,-0.00974199372390649,-0.0556020501455203));
#700=CARTESIAN_POINT('',(-0.0632165762546095,-0.00980866039057316,-0.0556927514607391));
#701=CARTESIAN_POINT('',(-0.062417765095642,-0.00987532705723983,-0.0544905725781919));
#702=CARTESIAN_POINT('',(-0.0616189539366744,-0.0099419937239065,-0.0532883936956449));
#703=CARTESIAN_POINT('',(-0.0622606658093697,-0.0100086603905732,-0.0519955134978789));
#704=CARTESIAN_POINT('',(-0.062902377682065,-0.0100753270572398,-0.0507026333001129));
#705=CARTESIAN_POINT('',(-0.0643429007137276,-0.0101419937239065,-0.0506119319848941));
#706=CARTESIAN_POINT('',(-0.0657834237453904,-0.0102086603905732,-0.0505212306696753));
#707=CARTESIAN_POINT('',(-0.066582234904358,-0.0102753270572398,-0.0517234095522225));
#708=CARTESIAN_POINT('',(-0.0673810460633256,-0.0103419937239065,-0.0529255884347696));
#709=CARTESIAN_POINT('',(-0.0667393341906303,-0.0104086603905732,-0.0542184686325355));
#710=CARTESIAN_POINT('',(-0.066097622317935,-0.0104753270572398,-0.0555113488303015));
#711=CARTESIAN_POINT('',(-0.0646570992862723,-0.0105419937239065,-0.0556020501455203));
#712=CARTESIAN_POINT('',(-0.0632165762546095,-0.0106086603905732,-0.0556927514607391));
#713=CARTESIAN_POINT('',(-0.062417765095642,-0.0106753270572398,-0.054490572578192));
#714=CARTESIAN_POINT('',(-0.0616189539366744,-0.0107419937239065,-0.0532883936956448));
#715=CARTESIAN_POINT('',(-0.0622606658093697,-0.0108086603905732,-0.051995513497879));
#716=CARTESIAN_POINT('',(-0.0629023776820649,-0.0108753270572398,-0.0507026333001129));
#717=CARTESIAN_POINT('',(-0.0643429007137277,-0.0109419937239065,-0.0506119319848941));
#718=CARTESIAN_POINT('',(-0.0657834237453904,-0.0110086603905732,-0.0505212306696753));
#719=CARTESIAN_POINT('',(-0.066582234904358,-0.0110753270572398,-0.0517234095522224));
#720=CARTESIAN_POINT('',(-0.0673810460633256,-0.0111419937239065,-0.0529255884347696));
#721=CARTESIAN_POINT('',(-0.0667393341906303,-0.0112086603905732,-0.0542184686325356));
#722=CARTESIAN_POINT('',(-0.0660976223179351,-0.0112753270572398,-0.0555113488303015));
#723=CARTESIAN_POINT('',(-0.0646570992862723,-0.0113419937239065,-0.0556020501455203));
#724=CARTESIAN_POINT('',(-0.0632165762546094,-0.0114086603905732,-0.0556927514607391));
#725=CARTESIAN_POINT('',(-0.062417765095642,-0.0114753270572398,-0.054490572578192));
#726=CARTESIAN_POINT('',(-0.0616189539366744,-0.0115419937239065,-0.0532883936956449));
#727=CARTESIAN_POINT('',(-0.0622606658093697,-0.0116086603905732,-0.0519955134978789));
#728=CARTESIAN_POINT('',(-0.0629023776820649,-0.0116753270572398,-0.050702633300113));
#729=CARTESIAN_POINT('',(-0.0643429007137277,-0.0117419937239065,-0.0506119319848941));
#730=CARTESIAN_POINT('',(-0.0657834237453904,-0.0118086603905731,-0.0505212306696753));
#731=CARTESIAN_POINT('',(-0.0665822349043581,-0.0118753270572398,-0.0517234095522225));
#732=CARTESIAN_POINT('',(-0.0673810460633256,-0.0119419937239065,-0.0529255884347695));
#733=CARTESIAN_POINT('',(-0.0667393341906303,-0.0120086603905732,-0.0542184686325355));
#734=CARTESIAN_POINT('',(-0.066097622317935,-0.0120753270572398,-0.0555113488303015));
#735=CARTESIAN_POINT('',(-0.0646570992862724,-0.0121419937239065,-0.0556020501455203));
#736=CARTESIAN_POINT('',(-0.0632165762546095,-0.0122086603905732,-0.0556927514607391));
#737=CARTESIAN_POINT('',(-0.062417765095642,-0.0122753270572398,-0.054490572578192));
#738=CARTESIAN_POINT('',(-0.0616189539366744,-0.0123419937239065,-0.0532883936956449));
#739=CARTESIAN_POINT('',(-0.0622606658093697,-0.0124086603905732,-0.0519955134978789));
#740=CARTESIAN_POINT('',(-0.062902377682065,-0.0124753270572398,-0.0507026333001129));
#741=CARTESIAN_POINT('',(-0.0643429007137278,-0.0125419937239065,-0.0506119319848941));
#742=CARTESIAN_POINT('',(-0.0657834237453904,-0.0126086603905732,-0.0505212306696753));
#743=CARTESIAN_POINT('',(-0.066582234904358,-0.0126753270572398,-0.0517234095522225));
#744=CARTESIAN_POINT('',(-0.0673810460633256,-0.0127419937239065,-0.0529255884347696));
#745=CARTESIAN_POINT('',(-0.0667393341906303,-0.0128086603905732,-0.0542184686325355));
#746=CARTESIAN_POINT('',(-0.0660976223179351,-0.0128753270572398,-0.0555113488303015));
#747=CARTESIAN_POINT('',(-0.0646570992862723,-0.0129419937239065,-0.0556020501455203));
#748=CARTESIAN_POINT('',(-0.0632165762546095,-0.0130086603905732,-0.0556927514607391));
#749=CARTESIAN_POINT('',(-0.062417765095642,-0.0130753270572398,-0.054490572578192));
#750=CARTESIAN_POINT('',(-0.0616189539366744,-0.0131419937239065,-0.0532883936956448));
#751=CARTESIAN_POINT('',(-0.0622606658093697,-0.0132086603905732,-0.051995513497879));
#752=CARTESIAN_POINT('',(-0.0629023776820649,-0.0132753270572398,-0.0507026333001129));
#753=CARTESIAN_POINT('',(-0.0643429007137277,-0.0133419937239065,-0.0506119319848941));
#754=CARTESIAN_POINT('',(-0.0657834237453906,-0.0134086603905731,-0.0505212306696753));
#755=CARTESIAN_POINT('',(-0.066582234904358,-0.0134753270572398,-0.0517234095522224));
#756=CARTESIAN_POINT('',(-0.0673810460633256,-0.0135419937239065,-0.0529255884347696));
#757=CARTESIAN_POINT('',(-0.0667393341906303,-0.0136086603905732,-0.0542184686325356));
#758=CARTESIAN_POINT('',(-0.0660976223179351,-0.0136753270572398,-0.0555113488303014));
#759=CARTESIAN_POINT('',(-0.0646570992862723,-0.0137419937239065,-0.0556020501455203));
#760=CARTESIAN_POINT('',(-0.0632165762546095,-0.0138086603905731,-0.0556927514607391));
#761=CARTESIAN_POINT('',(-0.062417765095642,-0.0138753270572398,-0.054490572578192));
#762=CARTESIAN_POINT('',(-0.0616189539366744,-0.0139419937239065,-0.0532883936956449));
#763=CARTESIAN_POINT('',(-0.0622606658093697,-0.0140086603905732,-0.0519955134978789));
#764=CARTESIAN_POINT('',(-0.062902377682065,-0.0140753270572398,-0.0507026333001129));
#765=CARTESIAN_POINT('',(-0.0643429007137277,-0.0141419937239065,-0.0506119319848941));
#766=CARTESIAN_POINT('',(-0.0657834237453904,-0.0142086603905732,-0.0505212306696753));
#767=CARTESIAN_POINT('',(-0.066582234904358,-0.0142753270572398,-0.0517234095522225));
#768=CARTESIAN_POINT('',(-0.0673810460633256,-0.0143419937239065,-0.0529255884347695));
#769=CARTESIAN_POINT('',(-0.0667393341906303,-0.0144086603905732,-0.0542184686325355));
#770=CARTESIAN_POINT('',(-0.066097622317935,-0.0144753270572398,-0.0555113488303015));
#771=CARTESIAN_POINT('',(-0.0646570992862724,-0.0145419937239065,-0.0556020501455203));
#772=CARTESIAN_POINT('',(-0.0632165762546095,-0.0146086603905732,-0.0556927514607391));
#773=CARTESIAN_POINT('',(-0.062417765095642,-0.0146753270572398,-0.054490572578192));
#774=CARTESIAN_POINT('',(-0.0616189539366744,-0.0147419937239065,-0.0532883936956448));
#775=CARTESIAN_POINT('',(-0.0622606658093697,-0.0148086603905732,-0.0519955134978789));
#776=CARTESIAN_POINT('',(-0.0629023776820649,-0.0148753270572398,-0.0507026333001129));
#777=CARTESIAN_POINT('',(-0.0643429007137277,-0.0149419937239065,-0.0506119319848941));
#778=CARTESIAN_POINT('',(-0.0657834237453904,-0.0150086603905732,-0.0505212306696753));
#779=CARTESIAN_POINT('',(-0.066582234904358,-0.0150753270572398,-0.0517234095522225));
#780=CARTESIAN_POINT('',(-0.0673810460633256,-0.0151419937239065,-0.0529255884347696));
#781=CARTESIAN_POINT('',(-0.0667393341906303,-0.0152086603905731,-0.0542184686325355));
#782=CARTESIAN_POINT('',(-0.0660976223179351,-0.0152753270572398,-0.0555113488303015));
#783=CARTESIAN_POINT('',(-0.0646570992862723,-0.0153419937239065,-0.0556020501455203));
#784=CARTESIAN_POINT('',(-0.0632165762546094,-0.0154086603905731,-0.0556927514607391));
#785=CARTESIAN_POINT('',(-0.062417765095642,-0.0154753270572398,-0.054490572578192));
#786=CARTESIAN_POINT('',(-0.0616189539366744,-0.0155419937239065,-0.0532883936956449));
#787=CARTESIAN_POINT('',(-0.0622606658093697,-0.0156086603905731,-0.0519955134978789));
#788=CARTESIAN_POINT('',(-0.0629023776820649,-0.0156753270572398,-0.050702633300113));
#789=CARTESIAN_POINT('',(-0.0643429007137277,-0.0157419937239065,-0.0506119319848941));
#790=CARTESIAN_POINT('',(-0.0657834237453906,-0.0158086603905732,-0.0505212306696753));
#791=CARTESIAN_POINT('',(-0.066582234904358,-0.0158753270572398,-0.0517234095522224));
#792=CARTESIAN_POINT('',(-0.0673810460633256,-0.0159419937239065,-0.0529255884347695));
#793=CARTESIAN_POINT('',(-0.0667393341906303,-0.0160086603905731,-0.0542184686325356));
#794=CARTESIAN_POINT('',(-0.0660976223179351,-0.0160753270572398,-0.0555113488303014));
#795=CARTESIAN_POINT('',(-0.0646570992862724,-0.0161419937239065,-0.0556020501455203));
#796=CARTESIAN_POINT('',(-0.0632165762546095,-0.0162086603905732,-0.0556927514607391));
#797=CARTESIAN_POINT('',(-0.062417765095642,-0.0162753270572399,-0.0544905725781919));
#798=CARTESIAN_POINT('',(-0.0616189539366744,-0.0163419937239065,-0.0532883936956449));
#799=CARTESIAN_POINT('',(-0.0622606658093697,-0.0164086603905731,-0.0519955134978789));
#800=CARTESIAN_POINT('',(-0.062902377682065,-0.0164753270572398,-0.0507026333001129));
#801=CARTESIAN_POINT('',(-0.0643429007137276,-0.0165419937239065,-0.0506119319848941));
#802=CARTESIAN_POINT('',(-0.0657834237453904,-0.0166086603905731,-0.0505212306696753));
#803=CARTESIAN_POINT('',(-0.066582234904358,-0.0166753270572399,-0.0517234095522225));
#804=CARTESIAN_POINT('',(-0.0673810460633256,-0.0167419937239065,-0.0529255884347695));
#805=CARTESIAN_POINT('',(-0.0667393341906303,-0.0168086603905731,-0.0542184686325355));
#806=CARTESIAN_POINT('',(-0.0660976223179351,-0.0168753270572398,-0.0555113488303015));
#807=CARTESIAN_POINT('',(-0.0646570992862723,-0.0169419937239065,-0.0556020501455203));
#808=CARTESIAN_POINT('',(-0.0632165762546095,-0.0170086603905731,-0.0556927514607391));
#809=CARTESIAN_POINT('',(-0.062417765095642,-0.0170753270572398,-0.054490572578192));
#810=CARTESIAN_POINT('',(-0.0616189539366744,-0.0171419937239065,-0.0532883936956448));
#811=CARTESIAN_POINT('',(-0.0622606658093697,-0.0172086603905732,-0.051995513497879));
#812=CARTESIAN_POINT('',(-0.0629023776820649,-0.0172753270572398,-0.0507026333001129));
#813=CARTESIAN_POINT('',(-0.0643429007137277,-0.0173419937239065,-0.0506119319848941));
#814=CARTESIAN_POINT('',(-0.0657834237453904,-0.0174086603905732,-0.0505212306696753));
#815=CARTESIAN_POINT('',(-0.066582234904358,-0.0174753270572399,-0.0517234095522224));
#816=CARTESIAN_POINT('',(-0.0673810460633256,-0.0175419937239065,-0.0529255884347696));
#817=CARTESIAN_POINT('',(-0.0667393341906303,-0.0176086603905731,-0.0542184686325356));
#818=CARTESIAN_POINT('',(-0.0660976223179351,-0.0176753270572398,-0.0555113488303015));
#819=CARTESIAN_POINT('',(-0.0646570992862723,-0.0177419937239065,-0.0556020501455203));
#820=CARTESIAN_POINT('',(-0.0632165762546094,-0.0178086603905731,-0.0556927514607391));
#821=CARTESIAN_POINT('',(-0.062417765095642,-0.0178753270572399,-0.054490572578192));
#822=CARTESIAN_POINT('',(-0.0616189539366744,-0.0179419937239065,-0.0532883936956449));
#823=CARTESIAN_POINT('',(-0.0622606658093697,-0.0180086603905731,-0.0519955134978789));
#824=CARTESIAN_POINT('',(-0.0629023776820649,-0.0180753270572398,-0.050702633300113));
#825=CARTESIAN_POINT('',(-0.0643429007137277,-0.0181419937239065,-0.0506119319848941));
#826=CARTESIAN_POINT('',(-0.0657834237453904,-0.0182086603905732,-0.0505212306696753));
#827=CARTESIAN_POINT('',(-0.066582234904358,-0.0182753270572399,-0.0517234095522224));
#828=CARTESIAN_POINT('',(-0.0673810460633256,-0.0183419937239065,-0.0529255884347695));
#829=CARTESIAN_POINT('',(-0.0667393341906303,-0.0184086603905732,-0.0542184686325355));
#830=CARTESIAN_POINT('',(-0.066097622317935,-0.0184753270572398,-0.0555113488303015));
#831=CARTESIAN_POINT('',(-0.0646570992862724,-0.0185419937239065,-0.0556020501455203));
#832=CARTESIAN_POINT('',(-0.0632165762546095,-0.0186086603905731,-0.0556927514607391));
#833=CARTESIAN_POINT('',(-0.062417765095642,-0.0186753270572399,-0.054490572578192));
#834=CARTESIAN_POINT('',(-0.0616189539366744,-0.0187419937239065,-0.0532883936956449));
#835=CARTESIAN_POINT('',(-0.0622606658093697,-0.0188086603905731,-0.0519955134978789));
#836=CARTESIAN_POINT('',(-0.062902377682065,-0.0188753270572398,-0.0507026333001129));
#837=CARTESIAN_POINT('',(-0.0643429007137276,-0.0189419937239065,-0.0506119319848942));
#838=CARTESIAN_POINT('',(-0.0657834237453904,-0.0190086603905732,-0.0505212306696753));
#839=CARTESIAN_POINT('',(-0.066582234904358,-0.0190753270572399,-0.0517234095522225));
#840=CARTESIAN_POINT('',(-0.0673810460633256,-0.0191419937239065,-0.0529255884347696));
#841=CARTESIAN_POINT('',(-0.0667393341906303,-0.0192086603905731,-0.0542184686325355));
#842=CARTESIAN_POINT('',(-0.0660976223179351,-0.0192753270572398,-0.0555113488303015));
#843=CARTESIAN_POINT('',(-0.0646570992862723,-0.0193419937239065,-0.0556020501455203));
#844=CARTESIAN_POINT('',(-0.0632165762546095,-0.0194086603905731,-0.0556927514607391));
#845=CARTESIAN_POINT('',(-0.062417765095642,-0.0194753270572399,-0.054490572578192));
#846=CARTESIAN_POINT('',(-0.0616189539366744,-0.0195419937239065,-0.0532883936956449));
#847=CARTESIAN_POINT('',(-0.0622606658093697,-0.0196086603905732,-0.051995513497879));
#848=CARTESIAN_POINT('',(-0.0629023776820649,-0.0196753270572398,-0.0507026333001129));
#849=CARTESIAN_POINT('',(-0.0643429007137277,-0.0197419937239065,-0.0506119319848941));
#850=CARTESIAN_POINT('',(-0.0657834237453906,-0.0198086603905732,-0.0505212306696753));
#851=CARTESIAN_POINT('',(-0.066582234904358,-0.0198753270572398,-0.0517234095522224));
#852=CARTESIAN_POINT('',(-0.0673810460633256,-0.0199419937239065,-0.0529255884347696));
#853=CARTESIAN_POINT('',(-0.0667393341906303,-0.0200086603905731,-0.0542184686325356));
#854=CARTESIAN_POINT('',(-0.0660976223179351,-0.0200753270572398,-0.0555113488303014));
#855=CARTESIAN_POINT('',(-0.0646570992862723,-0.0201419937239065,-0.0556020501455203));
#856=CARTESIAN_POINT('',(-0.0632165762546095,-0.0202086603905731,-0.0556927514607391));
#857=CARTESIAN_POINT('',(-0.062417765095642,-0.0202753270572399,-0.054490572578192));
#858=CARTESIAN_POINT('',(-0.0616189539366744,-0.0203419937239065,-0.0532883936956449));
#859=CARTESIAN_POINT('',(-0.0622606658093697,-0.0204086603905731,-0.0519955134978789));
#860=CARTESIAN_POINT('',(-0.0629023776820649,-0.0204753270572398,-0.050702633300113));
#861=CARTESIAN_POINT('',(-0.0643429007137277,-0.0205419937239065,-0.0506119319848941));
#862=CARTESIAN_POINT('',(-0.0657834237453904,-0.0206086603905732,-0.0505212306696753));
#863=CARTESIAN_POINT('',(-0.066582234904358,-0.0206753270572399,-0.0517234095522225));
#864=CARTESIAN_POINT('',(-0.0673810460633256,-0.0207419937239065,-0.0529255884347695));
#865=CARTESIAN_POINT('',(-0.0667393341906303,-0.0208086603905731,-0.0542184686325355));
#866=CARTESIAN_POINT('',(-0.066097622317935,-0.0208753270572398,-0.0555113488303015));
#867=CARTESIAN_POINT('',(-0.0646570992862724,-0.0209419937239065,-0.0556020501455203));
#868=CARTESIAN_POINT('',(-0.0632165762546095,-0.0210086603905731,-0.0556927514607391));
#869=CARTESIAN_POINT('',(-0.062417765095642,-0.0210753270572398,-0.054490572578192));
#870=CARTESIAN_POINT('',(-0.0616189539366744,-0.0211419937239065,-0.053288393695645));
#871=CARTESIAN_POINT('',(-0.0622606658093697,-0.0212086603905731,-0.0519955134978789));
#872=CARTESIAN_POINT('',(-0.0629023776820649,-0.0212753270572398,-0.0507026333001129));
#873=CARTESIAN_POINT('',(-0.0643429007137277,-0.0213419937239065,-0.0506119319848941));
#874=CARTESIAN_POINT('',(-0.0657834237453904,-0.0214086603905732,-0.0505212306696753));
#875=CARTESIAN_POINT('',(-0.066582234904358,-0.0214753270572398,-0.0517234095522225));
#876=CARTESIAN_POINT('',(-0.0673810460633256,-0.0215419937239065,-0.0529255884347696));
#877=CARTESIAN_POINT('',(-0.0667393341906304,-0.0216086603905731,-0.0542184686325355));
#878=CARTESIAN_POINT('',(-0.0660976223179351,-0.0216753270572398,-0.0555113488303015));
#879=CARTESIAN_POINT('',(-0.0646570992862723,-0.0217419937239065,-0.0556020501455203));
#880=CARTESIAN_POINT('',(-0.0632165762546096,-0.0218086603905731,-0.0556927514607391));
#881=CARTESIAN_POINT('',(-0.062417765095642,-0.0218753270572398,-0.054490572578192));
#882=CARTESIAN_POINT('',(-0.0616189539366744,-0.0219419937239065,-0.0532883936956449));
#883=CARTESIAN_POINT('',(-0.0622606658093697,-0.0220086603905731,-0.0519955134978789));
#884=CARTESIAN_POINT('',(-0.0629023776820649,-0.0220753270572398,-0.050702633300113));
#885=CARTESIAN_POINT('',(-0.0643429007137277,-0.0221419937239065,-0.0506119319848941));
#886=CARTESIAN_POINT('',(-0.0657834237453904,-0.0222086603905732,-0.0505212306696753));
#887=CARTESIAN_POINT('',(-0.066582234904358,-0.0222753270572398,-0.0517234095522224));
#888=CARTESIAN_POINT('',(-0.0673810460633256,-0.0223419937239065,-0.0529255884347695));
#889=CARTESIAN_POINT('',(-0.0667393341906303,-0.0224086603905732,-0.0542184686325356));
#890=CARTESIAN_POINT('',(-0.0660976223179351,-0.0224753270572398,-0.0555113488303014));
#891=CARTESIAN_POINT('',(-0.0646570992862724,-0.0225419937239065,-0.0556020501455203));
#892=CARTESIAN_POINT('',(-0.0632165762546095,-0.0226086603905731,-0.0556927514607391));
#893=CARTESIAN_POINT('',(-0.062417765095642,-0.0226753270572398,-0.0544905725781919));
#894=CARTESIAN_POINT('',(-0.0616189539366744,-0.0227419937239065,-0.0532883936956449));
#895=CARTESIAN_POINT('',(-0.0622606658093697,-0.0228086603905731,-0.0519955134978789));
#896=CARTESIAN_POINT('',(-0.062902377682065,-0.0228753270572398,-0.0507026333001129));
#897=CARTESIAN_POINT('',(-0.0643429007137276,-0.0229419937239065,-0.0506119319848941));
#898=CARTESIAN_POINT('',(-0.0657834237453904,-0.0230086603905732,-0.0505212306696753));
#899=CARTESIAN_POINT('',(-0.066582234904358,-0.0230753270572398,-0.0517234095522225));
#900=CARTESIAN_POINT('',(-0.0673810460633256,-0.0231419937239065,-0.0529255884347695));
#901=CARTESIAN_POINT('',(-0.0667393341906303,-0.0232086603905731,-0.0542184686325355));
#902=CARTESIAN_POINT('',(-0.0660976223179351,-0.0232753270572398,-0.0555113488303015));
#903=CARTESIAN_POINT('',(-0.0646570992862724,-0.0233419937239065,-0.0556020501455203));
#904=CARTESIAN_POINT('',(-0.0632165762546095,-0.0234086603905731,-0.0556927514607391));
#905=CARTESIAN_POINT('',(-0.062417765095642,-0.0234753270572398,-0.054490572578192));
#906=CARTESIAN_POINT('',(-0.0616189539366744,-0.0235419937239065,-0.0532883936956448));
#907=CARTESIAN_POINT('',(-0.0622606658093697,-0.0236086603905732,-0.051995513497879));
#908=CARTESIAN_POINT('',(-0.0629023776820649,-0.0236753270572398,-0.0507026333001129));
#909=CARTESIAN_POINT('',(-0.0643429007137277,-0.0237419937239065,-0.0506119319848941));
#910=CARTESIAN_POINT('',(-0.0657834237453903,-0.0238086603905732,-0.0505212306696753));
#911=CARTESIAN_POINT('',(-0.066582234904358,-0.0238753270572398,-0.0517234095522224));
#912=CARTESIAN_POINT('',(-0.0673810460633256,-0.0239419937239065,-0.0529255884347696));
#913=CARTESIAN_POINT('',(-0.0667393341906304,-0.0240086603905732,-0.0542184686325355));
#914=CARTESIAN_POINT('',(-0.0660976223179351,-0.0240753270572398,-0.0555113488303015));
#915=CARTESIAN_POINT('',(-0.0646570992862723,-0.0241419937239065,-0.0556020501455203));
#916=CARTESIAN_POINT('',(-0.0632165762546095,-0.0242086603905732,-0.0556927514607391));
#917=CARTESIAN_POINT('',(-0.062417765095642,-0.0242753270572398,-0.054490572578192));
#918=CARTESIAN_POINT('',(-0.0616189539366744,-0.0243419937239065,-0.0532883936956449));
#919=CARTESIAN_POINT('',(-0.0622606658093697,-0.0244086603905731,-0.0519955134978789));
#920=CARTESIAN_POINT('',(-0.0629023776820649,-0.0244753270572398,-0.050702633300113));
#921=CARTESIAN_POINT('',(-0.0643429007137277,-0.0245419937239065,-0.0506119319848941));
#922=CARTESIAN_POINT('',(-0.0643429007137278,0.0241580062760935,-0.0506119319848941));
#923=CARTESIAN_POINT('',(-0.0657834237453906,0.0240913396094268,-0.0505212306696754));
#924=CARTESIAN_POINT('',(-0.0665822349043581,0.0240246729427601,-0.0517234095522225));
#925=CARTESIAN_POINT('',(-0.0673810460633256,0.0239580062760935,-0.0529255884347696));
#926=CARTESIAN_POINT('',(-0.0667393341906303,0.0238913396094269,-0.0542184686325356));
#927=CARTESIAN_POINT('',(-0.066097622317935,0.0238246729427601,-0.0555113488303015));
#928=CARTESIAN_POINT('',(-0.0646570992862722,0.0237580062760935,-0.0556020501455203));
#929=CARTESIAN_POINT('',(-0.0632165762546094,0.0236913396094268,-0.0556927514607391));
#930=CARTESIAN_POINT('',(-0.062417765095642,0.0236246729427602,-0.0544905725781919));
#931=CARTESIAN_POINT('',(-0.0616189539366744,0.0235580062760935,-0.0532883936956448));
#932=CARTESIAN_POINT('',(-0.0622606658093697,0.0234913396094269,-0.0519955134978788));
#933=CARTESIAN_POINT('',(-0.062902377682065,0.0234246729427602,-0.0507026333001129));
#934=CARTESIAN_POINT('',(-0.0643429007137278,0.0233580062760935,-0.0506119319848941));
#935=CARTESIAN_POINT('',(-0.0657834237453906,0.0232913396094268,-0.0505212306696754));
#936=CARTESIAN_POINT('',(-0.0665822349043581,0.0232246729427601,-0.0517234095522225));
#937=CARTESIAN_POINT('',(-0.0673810460633256,0.0231580062760935,-0.0529255884347696));
#938=CARTESIAN_POINT('',(-0.0667393341906303,0.0230913396094269,-0.0542184686325356));
#939=CARTESIAN_POINT('',(-0.066097622317935,0.0230246729427601,-0.0555113488303015));
#940=CARTESIAN_POINT('',(-0.0646570992862722,0.0229580062760935,-0.0556020501455203));
#941=CARTESIAN_POINT('',(-0.0632165762546094,0.0228913396094268,-0.0556927514607391));
#942=CARTESIAN_POINT('',(-0.062417765095642,0.0228246729427601,-0.0544905725781919));
#943=CARTESIAN_POINT('',(-0.0616189539366744,0.0227580062760935,-0.0532883936956448));
#944=CARTESIAN_POINT('',(-0.0622606658093697,0.0226913396094269,-0.0519955134978788));
#945=CARTESIAN_POINT('',(-0.062902377682065,0.0226246729427602,-0.0507026333001129));
#946=CARTESIAN_POINT('',(-0.0643429007137278,0.0225580062760935,-0.0506119319848941));
#947=CARTESIAN_POINT('',(-0.0657834237453906,0.0224913396094268,-0.0505212306696754));
#948=CARTESIAN_POINT('',(-0.0665822349043581,0.0224246729427602,-0.0517234095522225));
#949=CARTESIAN_POINT('',(-0.0673810460633256,0.0223580062760935,-0.0529255884347696));
#950=CARTESIAN_POINT('',(-0.0667393341906303,0.0222913396094269,-0.0542184686325356));
#951=CARTESIAN_POINT('',(-0.066097622317935,0.0222246729427601,-0.0555113488303015));
#952=CARTESIAN_POINT('',(-0.0646570992862722,0.0221580062760935,-0.0556020501455203));
#953=CARTESIAN_POINT('',(-0.0632165762546094,0.0220913396094268,-0.0556927514607391));
#954=CARTESIAN_POINT('',(-0.062417765095642,0.0220246729427601,-0.0544905725781919));
#955=CARTESIAN_POINT('',(-0.0616189539366744,0.0219580062760935,-0.0532883936956448));
#956=CARTESIAN_POINT('',(-0.0622606658093697,0.0218913396094269,-0.0519955134978788));
#957=CARTESIAN_POINT('',(-0.062902377682065,0.0218246729427602,-0.0507026333001129));
#958=CARTESIAN_POINT('',(-0.0643429007137278,0.0217580062760935,-0.0506119319848941));
#959=CARTESIAN_POINT('',(-0.0657834237453906,0.0216913396094268,-0.0505212306696754));
#960=CARTESIAN_POINT('',(-0.0665822349043581,0.0216246729427601,-0.0517234095522225));
#961=CARTESIAN_POINT('',(-0.0673810460633256,0.0215580062760935,-0.0529255884347696));
#962=CARTESIAN_POINT('',(-0.0667393341906303,0.0214913396094269,-0.0542184686325356));
#963=CARTESIAN_POINT('',(-0.066097622317935,0.0214246729427601,-0.0555113488303015));
#964=CARTESIAN_POINT('',(-0.0646570992862722,0.0213580062760935,-0.0556020501455203));
#965=CARTESIAN_POINT('',(-0.0632165762546094,0.0212913396094268,-0.0556927514607391));
#966=CARTESIAN_POINT('',(-0.062417765095642,0.0212246729427602,-0.0544905725781919));
#967=CARTESIAN_POINT('',(-0.0616189539366744,0.0211580062760935,-0.0532883936956448));
#968=CARTESIAN_POINT('',(-0.0622606658093697,0.0210913396094269,-0.0519955134978788));
#969=CARTESIAN_POINT('',(-0.062902377682065,0.0210246729427602,-0.0507026333001129));
#970=CARTESIAN_POINT('',(-0.0643429007137278,0.0209580062760935,-0.0506119319848941));
#971=CARTESIAN_POINT('',(-0.0657834237453906,0.0208913396094268,-0.0505212306696754));
#972=CARTESIAN_POINT('',(-0.0665822349043581,0.0208246729427602,-0.0517234095522225));
#973=CARTESIAN_POINT('',(-0.0673810460633256,0.0207580062760935,-0.0529255884347696));
#974=CARTESIAN_POINT('',(-0.0667393341906303,0.0206913396094269,-0.0542184686325356));
#975=CARTESIAN_POINT('',(-0.066097622317935,0.0206246729427601,-0.0555113488303015));
#976=CARTESIAN_POINT('',(-0.0646570992862722,0.0205580062760935,-0.0556020501455203));
#977=CARTESIAN_POINT('',(-0.0632165762546094,0.0204913396094268,-0.0556927514607391));
#978=CARTESIAN_POINT('',(-0.062417765095642,0.0204246729427601,-0.0544905725781919));
#979=CARTESIAN_POINT('',(-0.0616189539366744,0.0203580062760935,-0.0532883936956448));
#980=CARTESIAN_POINT('',(-0.0622606658093697,0.0202913396094269,-0.0519955134978788));
#981=CARTESIAN_POINT('',(-0.062902377682065,0.0202246729427602,-0.0507026333001129));
#982=CARTESIAN_POINT('',(-0.0643429007137278,0.0201580062760935,-0.0506119319848941));
#983=CARTESIAN_POINT('',(-0.0657834237453906,0.0200913396094268,-0.0505212306696754));
#984=CARTESIAN_POINT('',(-0.0665822349043581,0.0200246729427601,-0.0517234095522225));
#985=CARTESIAN_POINT('',(-0.0673810460633256,0.0199580062760935,-0.0529255884347696));
#986=CARTESIAN_POINT('',(-0.0667393341906303,0.0198913396094269,-0.0542184686325356));
#987=CARTESIAN_POINT('',(-0.066097622317935,0.0198246729427602,-0.0555113488303015));
#988=CARTESIAN_POINT('',(-0.0646570992862723,0.0197580062760935,-0.0556020501455203));
#989=CARTESIAN_POINT('',(-0.0632165762546094,0.0196913396094268,-0.0556927514607391));
#990=CARTESIAN_POINT('',(-0.062417765095642,0.0196246729427602,-0.0544905725781919));
#991=CARTESIAN_POINT('',(-0.0616189539366744,0.0195580062760935,-0.0532883936956448));
#992=CARTESIAN_POINT('',(-0.0622606658093697,0.0194913396094269,-0.0519955134978789));
#993=CARTESIAN_POINT('',(-0.062902377682065,0.0194246729427602,-0.0507026333001129));
#994=CARTESIAN_POINT('',(-0.0643429007137278,0.0193580062760935,-0.0506119319848941));
#995=CARTESIAN_POINT('',(-0.0657834237453906,0.0192913396094268,-0.0505212306696753));
#996=CARTESIAN_POINT('',(-0.0665822349043581,0.0192246729427601,-0.0517234095522225));
#997=CARTESIAN_POINT('',(-0.0673810460633256,0.0191580062760935,-0.0529255884347696));
#998=CARTESIAN_POINT('',(-0.0667393341906303,0.0190913396094269,-0.0542184686325356));
#999=CARTESIAN_POINT('',(-0.066097622317935,0.0190246729427602,-0.0555113488303015));
#1000=CARTESIAN_POINT('',(-0.0646570992862723,0.0189580062760935,-0.0556020501455203));
#1001=CARTESIAN_POINT('',(-0.0632165762546094,0.0188913396094268,-0.0556927514607391));
#1002=CARTESIAN_POINT('',(-0.062417765095642,0.0188246729427601,-0.0544905725781919));
#1003=CARTESIAN_POINT('',(-0.0616189539366744,0.0187580062760935,-0.0532883936956448));
#1004=CARTESIAN_POINT('',(-0.0622606658093697,0.0186913396094269,-0.0519955134978789));
#1005=CARTESIAN_POINT('',(-0.062902377682065,0.0186246729427602,-0.0507026333001129));
#1006=CARTESIAN_POINT('',(-0.0643429007137278,0.0185580062760935,-0.0506119319848941));
#1007=CARTESIAN_POINT('',(-0.0657834237453906,0.0184913396094268,-0.0505212306696753));
#1008=CARTESIAN_POINT('',(-0.0665822349043581,0.0184246729427602,-0.0517234095522225));
#1009=CARTESIAN_POINT('',(-0.0673810460633256,0.0183580062760935,-0.0529255884347696));
#1010=CARTESIAN_POINT('',(-0.0667393341906303,0.0182913396094269,-0.0542184686325356));
#1011=CARTESIAN_POINT('',(-0.066097622317935,0.0182246729427602,-0.0555113488303015));
#1012=CARTESIAN_POINT('',(-0.0646570992862723,0.0181580062760935,-0.0556020501455203));
#1013=CARTESIAN_POINT('',(-0.0632165762546094,0.0180913396094268,-0.0556927514607391));
#1014=CARTESIAN_POINT('',(-0.062417765095642,0.0180246729427601,-0.0544905725781919));
#1015=CARTESIAN_POINT('',(-0.0616189539366744,0.0179580062760935,-0.0532883936956448));
#1016=CARTESIAN_POINT('',(-0.0622606658093697,0.0178913396094269,-0.0519955134978789));
#1017=CARTESIAN_POINT('',(-0.062902377682065,0.0178246729427602,-0.0507026333001129));
#1018=CARTESIAN_POINT('',(-0.0643429007137278,0.0177580062760935,-0.0506119319848941));
#1019=CARTESIAN_POINT('',(-0.0657834237453906,0.0176913396094268,-0.0505212306696753));
#1020=CARTESIAN_POINT('',(-0.0665822349043581,0.0176246729427601,-0.0517234095522225));
#1021=CARTESIAN_POINT('',(-0.0673810460633256,0.0175580062760935,-0.0529255884347696));
#1022=CARTESIAN_POINT('',(-0.0667393341906303,0.0174913396094269,-0.0542184686325356));
#1023=CARTESIAN_POINT('',(-0.066097622317935,0.0174246729427602,-0.0555113488303015));
#1024=CARTESIAN_POINT('',(-0.0646570992862723,0.0173580062760935,-0.0556020501455203));
#1025=CARTESIAN_POINT('',(-0.0632165762546094,0.0172913396094268,-0.0556927514607391));
#1026=CARTESIAN_POINT('',(-0.062417765095642,0.0172246729427602,-0.0544905725781919));
#1027=CARTESIAN_POINT('',(-0.0616189539366744,0.0171580062760935,-0.0532883936956448));
#1028=CARTESIAN_POINT('',(-0.0622606658093697,0.0170913396094269,-0.0519955134978789));
#1029=CARTESIAN_POINT('',(-0.062902377682065,0.0170246729427602,-0.0507026333001129));
#1030=CARTESIAN_POINT('',(-0.0643429007137278,0.0169580062760935,-0.0506119319848941));
#1031=CARTESIAN_POINT('',(-0.0657834237453906,0.0168913396094268,-0.0505212306696753));
#1032=CARTESIAN_POINT('',(-0.0665822349043581,0.0168246729427602,-0.0517234095522225));
#1033=CARTESIAN_POINT('',(-0.0673810460633256,0.0167580062760935,-0.0529255884347696));
#1034=CARTESIAN_POINT('',(-0.0667393341906303,0.0166913396094269,-0.0542184686325356));
#1035=CARTESIAN_POINT('',(-0.066097622317935,0.0166246729427602,-0.0555113488303015));
#1036=CARTESIAN_POINT('',(-0.0646570992862723,0.0165580062760935,-0.0556020501455203));
#1037=CARTESIAN_POINT('',(-0.0632165762546094,0.0164913396094268,-0.0556927514607391));
#1038=CARTESIAN_POINT('',(-0.062417765095642,0.0164246729427601,-0.0544905725781919));
#1039=CARTESIAN_POINT('',(-0.0616189539366744,0.0163580062760935,-0.0532883936956448));
#1040=CARTESIAN_POINT('',(-0.0622606658093697,0.0162913396094269,-0.0519955134978789));
#1041=CARTESIAN_POINT('',(-0.062902377682065,0.0162246729427602,-0.0507026333001129));
#1042=CARTESIAN_POINT('',(-0.0643429007137278,0.0161580062760935,-0.0506119319848941));
#1043=CARTESIAN_POINT('',(-0.0657834237453906,0.0160913396094268,-0.0505212306696753));
#1044=CARTESIAN_POINT('',(-0.0665822349043581,0.0160246729427602,-0.0517234095522225));
#1045=CARTESIAN_POINT('',(-0.0673810460633256,0.0159580062760935,-0.0529255884347696));
#1046=CARTESIAN_POINT('',(-0.0667393341906303,0.0158913396094269,-0.0542184686325356));
#1047=CARTESIAN_POINT('',(-0.066097622317935,0.0158246729427602,-0.0555113488303015));
#1048=CARTESIAN_POINT('',(-0.0646570992862723,0.0157580062760935,-0.0556020501455203));
#1049=CARTESIAN_POINT('',(-0.0632165762546094,0.0156913396094268,-0.0556927514607391));
#1050=CARTESIAN_POINT('',(-0.062417765095642,0.0156246729427602,-0.0544905725781919));
#1051=CARTESIAN_POINT('',(-0.0616189539366744,0.0155580062760935,-0.0532883936956448));
#1052=CARTESIAN_POINT('',(-0.0622606658093697,0.0154913396094268,-0.0519955134978788));
#1053=CARTESIAN_POINT('',(-0.062902377682065,0.0154246729427602,-0.0507026333001129));
#1054=CARTESIAN_POINT('',(-0.0643429007137278,0.0153580062760935,-0.0506119319848941));
#1055=CARTESIAN_POINT('',(-0.0657834237453906,0.0152913396094268,-0.0505212306696753));
#1056=CARTESIAN_POINT('',(-0.0665822349043581,0.0152246729427601,-0.0517234095522225));
#1057=CARTESIAN_POINT('',(-0.0673810460633256,0.0151580062760935,-0.0529255884347696));
#1058=CARTESIAN_POINT('',(-0.0667393341906303,0.0150913396094268,-0.0542184686325356));
#1059=CARTESIAN_POINT('',(-0.066097622317935,0.0150246729427602,-0.0555113488303015));
#1060=CARTESIAN_POINT('',(-0.0646570992862723,0.0149580062760935,-0.0556020501455203));
#1061=CARTESIAN_POINT('',(-0.0632165762546094,0.0148913396094268,-0.0556927514607391));
#1062=CARTESIAN_POINT('',(-0.062417765095642,0.0148246729427602,-0.054490572578192));
#1063=CARTESIAN_POINT('',(-0.0616189539366744,0.0147580062760935,-0.0532883936956448));
#1064=CARTESIAN_POINT('',(-0.0622606658093697,0.0146913396094268,-0.0519955134978789));
#1065=CARTESIAN_POINT('',(-0.062902377682065,0.0146246729427602,-0.0507026333001129));
#1066=CARTESIAN_POINT('',(-0.0643429007137278,0.0145580062760935,-0.0506119319848941));
#1067=CARTESIAN_POINT('',(-0.0657834237453906,0.0144913396094268,-0.0505212306696753));
#1068=CARTESIAN_POINT('',(-0.066582234904358,0.0144246729427602,-0.0517234095522225));
#1069=CARTESIAN_POINT('',(-0.0673810460633256,0.0143580062760935,-0.0529255884347696));
#1070=CARTESIAN_POINT('',(-0.0667393341906303,0.0142913396094268,-0.0542184686325356));
#1071=CARTESIAN_POINT('',(-0.066097622317935,0.0142246729427602,-0.0555113488303015));
#1072=CARTESIAN_POINT('',(-0.0646570992862723,0.0141580062760935,-0.0556020501455203));
#1073=CARTESIAN_POINT('',(-0.0632165762546094,0.0140913396094268,-0.0556927514607391));
#1074=CARTESIAN_POINT('',(-0.062417765095642,0.0140246729427602,-0.0544905725781919));
#1075=CARTESIAN_POINT('',(-0.0616189539366744,0.0139580062760935,-0.0532883936956448));
#1076=CARTESIAN_POINT('',(-0.0622606658093697,0.0138913396094268,-0.0519955134978788));
#1077=CARTESIAN_POINT('',(-0.062902377682065,0.0138246729427602,-0.0507026333001129));
#1078=CARTESIAN_POINT('',(-0.0643429007137278,0.0137580062760935,-0.0506119319848941));
#1079=CARTESIAN_POINT('',(-0.0657834237453906,0.0136913396094268,-0.0505212306696753));
#1080=CARTESIAN_POINT('',(-0.0665822349043581,0.0136246729427602,-0.0517234095522225));
#1081=CARTESIAN_POINT('',(-0.0673810460633256,0.0135580062760935,-0.0529255884347696));
#1082=CARTESIAN_POINT('',(-0.0667393341906303,0.0134913396094268,-0.0542184686325356));
#1083=CARTESIAN_POINT('',(-0.066097622317935,0.0134246729427602,-0.0555113488303015));
#1084=CARTESIAN_POINT('',(-0.0646570992862723,0.0133580062760935,-0.0556020501455203));
#1085=CARTESIAN_POINT('',(-0.0632165762546094,0.0132913396094268,-0.0556927514607391));
#1086=CARTESIAN_POINT('',(-0.062417765095642,0.0132246729427602,-0.054490572578192));
#1087=CARTESIAN_POINT('',(-0.0616189539366744,0.0131580062760935,-0.0532883936956448));
#1088=CARTESIAN_POINT('',(-0.0622606658093697,0.0130913396094268,-0.0519955134978789));
#1089=CARTESIAN_POINT('',(-0.062902377682065,0.0130246729427602,-0.0507026333001129));
#1090=CARTESIAN_POINT('',(-0.0643429007137278,0.0129580062760935,-0.0506119319848941));
#1091=CARTESIAN_POINT('',(-0.0657834237453906,0.0128913396094268,-0.0505212306696753));
#1092=CARTESIAN_POINT('',(-0.066582234904358,0.0128246729427602,-0.0517234095522225));
#1093=CARTESIAN_POINT('',(-0.0673810460633256,0.0127580062760935,-0.0529255884347696));
#1094=CARTESIAN_POINT('',(-0.0667393341906303,0.0126913396094268,-0.0542184686325356));
#1095=CARTESIAN_POINT('',(-0.066097622317935,0.0126246729427601,-0.0555113488303015));
#1096=CARTESIAN_POINT('',(-0.0646570992862723,0.0125580062760935,-0.0556020501455203));
#1097=CARTESIAN_POINT('',(-0.0632165762546094,0.0124913396094268,-0.0556927514607391));
#1098=CARTESIAN_POINT('',(-0.062417765095642,0.0124246729427602,-0.0544905725781919));
#1099=CARTESIAN_POINT('',(-0.0616189539366744,0.0123580062760935,-0.0532883936956448));
#1100=CARTESIAN_POINT('',(-0.0622606658093697,0.0122913396094268,-0.0519955134978789));
#1101=CARTESIAN_POINT('',(-0.062902377682065,0.0122246729427602,-0.0507026333001129));
#1102=CARTESIAN_POINT('',(-0.0643429007137277,0.0121580062760935,-0.0506119319848941));
#1103=CARTESIAN_POINT('',(-0.0657834237453906,0.0120913396094268,-0.0505212306696753));
#1104=CARTESIAN_POINT('',(-0.0665822349043581,0.0120246729427602,-0.0517234095522225));
#1105=CARTESIAN_POINT('',(-0.0673810460633256,0.0119580062760935,-0.0529255884347696));
#1106=CARTESIAN_POINT('',(-0.0667393341906303,0.0118913396094268,-0.0542184686325356));
#1107=CARTESIAN_POINT('',(-0.066097622317935,0.0118246729427602,-0.0555113488303015));
#1108=CARTESIAN_POINT('',(-0.0646570992862723,0.0117580062760935,-0.0556020501455203));
#1109=CARTESIAN_POINT('',(-0.0632165762546094,0.0116913396094268,-0.0556927514607391));
#1110=CARTESIAN_POINT('',(-0.062417765095642,0.0116246729427602,-0.054490572578192));
#1111=CARTESIAN_POINT('',(-0.0616189539366744,0.0115580062760935,-0.0532883936956448));
#1112=CARTESIAN_POINT('',(-0.0622606658093697,0.0114913396094268,-0.0519955134978789));
#1113=CARTESIAN_POINT('',(-0.062902377682065,0.0114246729427602,-0.0507026333001129));
#1114=CARTESIAN_POINT('',(-0.0643429007137278,0.0113580062760935,-0.0506119319848941));
#1115=CARTESIAN_POINT('',(-0.0657834237453906,0.0112913396094268,-0.0505212306696753));
#1116=CARTESIAN_POINT('',(-0.066582234904358,0.0112246729427602,-0.0517234095522225));
#1117=CARTESIAN_POINT('',(-0.0673810460633256,0.0111580062760935,-0.0529255884347696));
#1118=CARTESIAN_POINT('',(-0.0667393341906303,0.0110913396094268,-0.0542184686325356));
#1119=CARTESIAN_POINT('',(-0.066097622317935,0.0110246729427602,-0.0555113488303015));
#1120=CARTESIAN_POINT('',(-0.0646570992862723,0.0109580062760935,-0.0556020501455203));
#1121=CARTESIAN_POINT('',(-0.0632165762546094,0.0108913396094268,-0.0556927514607391));
#1122=CARTESIAN_POINT('',(-0.062417765095642,0.0108246729427602,-0.0544905725781919));
#1123=CARTESIAN_POINT('',(-0.0616189539366744,0.0107580062760935,-0.0532883936956448));
#1124=CARTESIAN_POINT('',(-0.0622606658093697,0.0106913396094268,-0.0519955134978789));
#1125=CARTESIAN_POINT('',(-0.062902377682065,0.0106246729427602,-0.0507026333001129));
#1126=CARTESIAN_POINT('',(-0.0643429007137277,0.0105580062760935,-0.0506119319848941));
#1127=CARTESIAN_POINT('',(-0.0657834237453906,0.0104913396094268,-0.0505212306696753));
#1128=CARTESIAN_POINT('',(-0.0665822349043581,0.0104246729427602,-0.0517234095522225));
#1129=CARTESIAN_POINT('',(-0.0673810460633256,0.0103580062760935,-0.0529255884347696));
#1130=CARTESIAN_POINT('',(-0.0667393341906303,0.0102913396094268,-0.0542184686325356));
#1131=CARTESIAN_POINT('',(-0.066097622317935,0.0102246729427602,-0.0555113488303015));
#1132=CARTESIAN_POINT('',(-0.0646570992862723,0.0101580062760935,-0.0556020501455203));
#1133=CARTESIAN_POINT('',(-0.0632165762546095,0.0100913396094268,-0.0556927514607391));
#1134=CARTESIAN_POINT('',(-0.062417765095642,0.0100246729427602,-0.054490572578192));
#1135=CARTESIAN_POINT('',(-0.0616189539366744,0.0099580062760935,-0.0532883936956448));
#1136=CARTESIAN_POINT('',(-0.0622606658093697,0.00989133960942684,-0.0519955134978789));
#1137=CARTESIAN_POINT('',(-0.062902377682065,0.00982467294276017,-0.0507026333001129));
#1138=CARTESIAN_POINT('',(-0.0643429007137277,0.0097580062760935,-0.0506119319848941));
#1139=CARTESIAN_POINT('',(-0.0657834237453906,0.00969133960942683,-0.0505212306696753));
#1140=CARTESIAN_POINT('',(-0.066582234904358,0.00962467294276017,-0.0517234095522225));
#1141=CARTESIAN_POINT('',(-0.0673810460633256,0.00955800627609349,-0.0529255884347696));
#1142=CARTESIAN_POINT('',(-0.0667393341906303,0.00949133960942684,-0.0542184686325356));
#1143=CARTESIAN_POINT('',(-0.066097622317935,0.00942467294276017,-0.0555113488303015));
#1144=CARTESIAN_POINT('',(-0.0646570992862723,0.0093580062760935,-0.0556020501455203));
#1145=CARTESIAN_POINT('',(-0.0632165762546094,0.00929133960942683,-0.0556927514607391));
#1146=CARTESIAN_POINT('',(-0.062417765095642,0.00922467294276017,-0.0544905725781919));
#1147=CARTESIAN_POINT('',(-0.0616189539366744,0.0091580062760935,-0.0532883936956448));
#1148=CARTESIAN_POINT('',(-0.0622606658093697,0.00909133960942684,-0.0519955134978789));
#1149=CARTESIAN_POINT('',(-0.062902377682065,0.00902467294276016,-0.0507026333001129));
#1150=CARTESIAN_POINT('',(-0.0643429007137277,0.0089580062760935,-0.0506119319848941));
#1151=CARTESIAN_POINT('',(-0.0657834237453906,0.00889133960942684,-0.0505212306696753));
#1152=CARTESIAN_POINT('',(-0.066582234904358,0.00882467294276017,-0.0517234095522225));
#1153=CARTESIAN_POINT('',(-0.0673810460633256,0.0087580062760935,-0.0529255884347696));
#1154=CARTESIAN_POINT('',(-0.0667393341906303,0.00869133960942684,-0.0542184686325356));
#1155=CARTESIAN_POINT('',(-0.066097622317935,0.00862467294276017,-0.0555113488303015));
#1156=CARTESIAN_POINT('',(-0.0646570992862723,0.0085580062760935,-0.0556020501455203));
#1157=CARTESIAN_POINT('',(-0.0632165762546095,0.00849133960942683,-0.0556927514607391));
#1158=CARTESIAN_POINT('',(-0.062417765095642,0.00842467294276017,-0.054490572578192));
#1159=CARTESIAN_POINT('',(-0.0616189539366744,0.0083580062760935,-0.0532883936956448));
#1160=CARTESIAN_POINT('',(-0.0622606658093697,0.00829133960942684,-0.0519955134978789));
#1161=CARTESIAN_POINT('',(-0.062902377682065,0.00822467294276016,-0.0507026333001129));
#1162=CARTESIAN_POINT('',(-0.0643429007137277,0.0081580062760935,-0.0506119319848941));
#1163=CARTESIAN_POINT('',(-0.0657834237453906,0.00809133960942683,-0.0505212306696753));
#1164=CARTESIAN_POINT('',(-0.066582234904358,0.00802467294276017,-0.0517234095522225));
#1165=CARTESIAN_POINT('',(-0.0673810460633256,0.0079580062760935,-0.0529255884347696));
#1166=CARTESIAN_POINT('',(-0.0667393341906303,0.00789133960942683,-0.0542184686325356));
#1167=CARTESIAN_POINT('',(-0.066097622317935,0.00782467294276017,-0.0555113488303015));
#1168=CARTESIAN_POINT('',(-0.0646570992862723,0.0077580062760935,-0.0556020501455203));
#1169=CARTESIAN_POINT('',(-0.0632165762546095,0.00769133960942683,-0.0556927514607391));
#1170=CARTESIAN_POINT('',(-0.062417765095642,0.00762467294276017,-0.0544905725781919));
#1171=CARTESIAN_POINT('',(-0.0616189539366744,0.0075580062760935,-0.0532883936956449));
#1172=CARTESIAN_POINT('',(-0.0622606658093697,0.00749133960942684,-0.0519955134978788));
#1173=CARTESIAN_POINT('',(-0.062902377682065,0.00742467294276016,-0.0507026333001129));
#1174=CARTESIAN_POINT('',(-0.0643429007137277,0.0073580062760935,-0.0506119319848941));
#1175=CARTESIAN_POINT('',(-0.0657834237453906,0.00729133960942684,-0.0505212306696753));
#1176=CARTESIAN_POINT('',(-0.066582234904358,0.00722467294276017,-0.0517234095522225));
#1177=CARTESIAN_POINT('',(-0.0673810460633256,0.0071580062760935,-0.0529255884347696));
#1178=CARTESIAN_POINT('',(-0.0667393341906303,0.00709133960942684,-0.0542184686325356));
#1179=CARTESIAN_POINT('',(-0.0660976223179351,0.00702467294276017,-0.0555113488303015));
#1180=CARTESIAN_POINT('',(-0.0646570992862723,0.00695800627609351,-0.0556020501455203));
#1181=CARTESIAN_POINT('',(-0.0632165762546095,0.00689133960942683,-0.0556927514607391));
#1182=CARTESIAN_POINT('',(-0.062417765095642,0.00682467294276017,-0.0544905725781919));
#1183=CARTESIAN_POINT('',(-0.0616189539366744,0.00675800627609349,-0.0532883936956448));
#1184=CARTESIAN_POINT('',(-0.0622606658093697,0.00669133960942683,-0.0519955134978789));
#1185=CARTESIAN_POINT('',(-0.062902377682065,0.00662467294276017,-0.0507026333001129));
#1186=CARTESIAN_POINT('',(-0.0643429007137277,0.0065580062760935,-0.0506119319848941));
#1187=CARTESIAN_POINT('',(-0.0657834237453906,0.00649133960942683,-0.0505212306696754));
#1188=CARTESIAN_POINT('',(-0.066582234904358,0.00642467294276017,-0.0517234095522225));
#1189=CARTESIAN_POINT('',(-0.0673810460633256,0.0063580062760935,-0.0529255884347696));
#1190=CARTESIAN_POINT('',(-0.0667393341906303,0.00629133960942684,-0.0542184686325356));
#1191=CARTESIAN_POINT('',(-0.066097622317935,0.00622467294276016,-0.0555113488303015));
#1192=CARTESIAN_POINT('',(-0.0646570992862722,0.0061580062760935,-0.0556020501455203));
#1193=CARTESIAN_POINT('',(-0.0632165762546094,0.00609133960942683,-0.0556927514607391));
#1194=CARTESIAN_POINT('',(-0.062417765095642,0.00602467294276017,-0.054490572578192));
#1195=CARTESIAN_POINT('',(-0.0616189539366744,0.00595800627609351,-0.0532883936956448));
#1196=CARTESIAN_POINT('',(-0.0622606658093697,0.00589133960942684,-0.0519955134978789));
#1197=CARTESIAN_POINT('',(-0.0629023776820649,0.00582467294276017,-0.0507026333001129));
#1198=CARTESIAN_POINT('',(-0.0643429007137277,0.00575800627609351,-0.0506119319848941));
#1199=CARTESIAN_POINT('',(-0.0657834237453904,0.00569133960942684,-0.0505212306696753));
#1200=CARTESIAN_POINT('',(-0.0665822349043581,0.00562467294276017,-0.0517234095522225));
#1201=CARTESIAN_POINT('',(-0.0673810460633256,0.0055580062760935,-0.0529255884347696));
#1202=CARTESIAN_POINT('',(-0.0667393341906303,0.00549133960942683,-0.0542184686325355));
#1203=CARTESIAN_POINT('',(-0.066097622317935,0.00542467294276016,-0.0555113488303015));
#1204=CARTESIAN_POINT('',(-0.0646570992862723,0.0053580062760935,-0.0556020501455203));
#1205=CARTESIAN_POINT('',(-0.0632165762546094,0.00529133960942683,-0.0556927514607391));
#1206=CARTESIAN_POINT('',(-0.062417765095642,0.00522467294276017,-0.054490572578192));
#1207=CARTESIAN_POINT('',(-0.0616189539366744,0.0051580062760935,-0.0532883936956449));
#1208=CARTESIAN_POINT('',(-0.0622606658093697,0.00509133960942684,-0.0519955134978789));
#1209=CARTESIAN_POINT('',(-0.062902377682065,0.00502467294276017,-0.0507026333001129));
#1210=CARTESIAN_POINT('',(-0.0643429007137278,0.0049580062760935,-0.0506119319848941));
#1211=CARTESIAN_POINT('',(-0.0657834237453906,0.00489133960942684,-0.0505212306696753));
#1212=CARTESIAN_POINT('',(-0.066582234904358,0.00482467294276017,-0.0517234095522225));
#1213=CARTESIAN_POINT('',(-0.0673810460633256,0.0047580062760935,-0.0529255884347696));
#1214=CARTESIAN_POINT('',(-0.0667393341906303,0.00469133960942684,-0.0542184686325356));
#1215=CARTESIAN_POINT('',(-0.066097622317935,0.00462467294276017,-0.0555113488303015));
#1216=CARTESIAN_POINT('',(-0.0646570992862723,0.00455800627609351,-0.0556020501455203));
#1217=CARTESIAN_POINT('',(-0.0632165762546095,0.00449133960942683,-0.0556927514607391));
#1218=CARTESIAN_POINT('',(-0.062417765095642,0.00442467294276017,-0.0544905725781919));
#1219=CARTESIAN_POINT('',(-0.0616189539366744,0.0043580062760935,-0.0532883936956449));
#1220=CARTESIAN_POINT('',(-0.0622606658093697,0.00429133960942684,-0.0519955134978788));
#1221=CARTESIAN_POINT('',(-0.062902377682065,0.00422467294276017,-0.0507026333001129));
#1222=CARTESIAN_POINT('',(-0.0643429007137277,0.0041580062760935,-0.0506119319848941));
#1223=CARTESIAN_POINT('',(-0.0657834237453906,0.00409133960942683,-0.0505212306696753));
#1224=CARTESIAN_POINT('',(-0.066582234904358,0.00402467294276017,-0.0517234095522225));
#1225=CARTESIAN_POINT('',(-0.0673810460633256,0.0039580062760935,-0.0529255884347696));
#1226=CARTESIAN_POINT('',(-0.0667393341906303,0.00389133960942684,-0.0542184686325356));
#1227=CARTESIAN_POINT('',(-0.0660976223179351,0.00382467294276016,-0.0555113488303015));
#1228=CARTESIAN_POINT('',(-0.0646570992862723,0.00375800627609351,-0.0556020501455203));
#1229=CARTESIAN_POINT('',(-0.0632165762546095,0.00369133960942684,-0.0556927514607391));
#1230=CARTESIAN_POINT('',(-0.062417765095642,0.00362467294276017,-0.0544905725781919));
#1231=CARTESIAN_POINT('',(-0.0616189539366744,0.0035580062760935,-0.0532883936956448));
#1232=CARTESIAN_POINT('',(-0.0622606658093697,0.00349133960942684,-0.0519955134978789));
#1233=CARTESIAN_POINT('',(-0.062902377682065,0.00342467294276017,-0.0507026333001129));
#1234=CARTESIAN_POINT('',(-0.0643429007137277,0.0033580062760935,-0.0506119319848941));
#1235=CARTESIAN_POINT('',(-0.0657834237453904,0.00329133960942683,-0.0505212306696753));
#1236=CARTESIAN_POINT('',(-0.066582234904358,0.00322467294276017,-0.0517234095522225));
#1237=CARTESIAN_POINT('',(-0.0673810460633256,0.0031580062760935,-0.0529255884347696));
#1238=CARTESIAN_POINT('',(-0.0667393341906303,0.00309133960942684,-0.0542184686325356));
#1239=CARTESIAN_POINT('',(-0.066097622317935,0.00302467294276017,-0.0555113488303015));
#1240=CARTESIAN_POINT('',(-0.0646570992862723,0.0029580062760935,-0.0556020501455203));
#1241=CARTESIAN_POINT('',(-0.0632165762546095,0.00289133960942683,-0.0556927514607391));
#1242=CARTESIAN_POINT('',(-0.062417765095642,0.00282467294276017,-0.054490572578192));
#1243=CARTESIAN_POINT('',(-0.0616189539366744,0.0027580062760935,-0.0532883936956448));
#1244=CARTESIAN_POINT('',(-0.0622606658093697,0.00269133960942684,-0.0519955134978789));
#1245=CARTESIAN_POINT('',(-0.0629023776820649,0.00262467294276017,-0.0507026333001129));
#1246=CARTESIAN_POINT('',(-0.0643429007137277,0.00255800627609351,-0.0506119319848941));
#1247=CARTESIAN_POINT('',(-0.0657834237453904,0.00249133960942683,-0.0505212306696753));
#1248=CARTESIAN_POINT('',(-0.066582234904358,0.00242467294276017,-0.0517234095522225));
#1249=CARTESIAN_POINT('',(-0.0673810460633256,0.00235800627609351,-0.0529255884347696));
#1250=CARTESIAN_POINT('',(-0.0667393341906303,0.00229133960942684,-0.0542184686325355));
#1251=CARTESIAN_POINT('',(-0.066097622317935,0.00222467294276017,-0.0555113488303015));
#1252=CARTESIAN_POINT('',(-0.0646570992862723,0.0021580062760935,-0.0556020501455203));
#1253=CARTESIAN_POINT('',(-0.0632165762546094,0.00209133960942683,-0.0556927514607391));
#1254=CARTESIAN_POINT('',(-0.062417765095642,0.00202467294276017,-0.054490572578192));
#1255=CARTESIAN_POINT('',(-0.0616189539366744,0.0019580062760935,-0.0532883936956449));
#1256=CARTESIAN_POINT('',(-0.0622606658093697,0.00189133960942684,-0.0519955134978789));
#1257=CARTESIAN_POINT('',(-0.062902377682065,0.00182467294276016,-0.0507026333001129));
#1258=CARTESIAN_POINT('',(-0.0643429007137278,0.0017580062760935,-0.0506119319848941));
#1259=CARTESIAN_POINT('',(-0.0657834237453904,0.00169133960942683,-0.0505212306696753));
#1260=CARTESIAN_POINT('',(-0.066582234904358,0.00162467294276017,-0.0517234095522225));
#1261=CARTESIAN_POINT('',(-0.0673810460633256,0.0015580062760935,-0.0529255884347696));
#1262=CARTESIAN_POINT('',(-0.0667393341906303,0.00149133960942684,-0.0542184686325356));
#1263=CARTESIAN_POINT('',(-0.066097622317935,0.00142467294276017,-0.0555113488303015));
#1264=CARTESIAN_POINT('',(-0.0646570992862723,0.0013580062760935,-0.0556020501455203));
#1265=CARTESIAN_POINT('',(-0.0632165762546095,0.00129133960942684,-0.0556927514607391));
#1266=CARTESIAN_POINT('',(-0.062417765095642,0.00122467294276017,-0.0544905725781919));
#1267=CARTESIAN_POINT('',(-0.0616189539366744,0.0011580062760935,-0.0532883936956449));
#1268=CARTESIAN_POINT('',(-0.0622606658093697,0.00109133960942683,-0.0519955134978789));
#1269=CARTESIAN_POINT('',(-0.062902377682065,0.00102467294276016,-0.0507026333001129));
#1270=CARTESIAN_POINT('',(-0.0643429007137277,0.0009580062760935,-0.0506119319848941));
#1271=CARTESIAN_POINT('',(-0.0657834237453906,0.000891339609426832,-0.0505212306696753));
#1272=CARTESIAN_POINT('',(-0.066582234904358,0.000824672942760167,-0.0517234095522225));
#1273=CARTESIAN_POINT('',(-0.0673810460633256,0.000758006276093501,-0.0529255884347696));
#1274=CARTESIAN_POINT('',(-0.0667393341906303,0.000691339609426835,-0.0542184686325356));
#1275=CARTESIAN_POINT('',(-0.0660976223179351,0.000624672942760165,-0.0555113488303015));
#1276=CARTESIAN_POINT('',(-0.0646570992862723,0.000558006276093502,-0.0556020501455203));
#1277=CARTESIAN_POINT('',(-0.0632165762546095,0.000491339609426835,-0.0556927514607391));
#1278=CARTESIAN_POINT('',(-0.062417765095642,0.000424672942760169,-0.054490572578192));
#1279=CARTESIAN_POINT('',(-0.0616189539366744,0.000358006276093504,-0.0532883936956448));
#1280=CARTESIAN_POINT('',(-0.0622606658093697,0.000291339609426837,-0.0519955134978789));
#1281=CARTESIAN_POINT('',(-0.062902377682065,0.000224672942760169,-0.0507026333001129));
#1282=CARTESIAN_POINT('',(-0.0643429007137277,0.000158006276093505,-0.0506119319848941));
#1283=CARTESIAN_POINT('',(-0.0657834237453904,9.13396094268379E-5,-0.0505212306696753));
#1284=CARTESIAN_POINT('',(-0.066582234904358,2.46729427601719E-5,-0.0517234095522225));
#1285=CARTESIAN_POINT('',(-0.0673810460633256,-4.19937239065012E-5,-0.0529255884347696));
#1286=CARTESIAN_POINT('',(-0.0667393341906303,-0.000108660390573168,-0.0542184686325356));
#1287=CARTESIAN_POINT('',(-0.066097622317935,-0.000175327057239836,-0.0555113488303015));
#1288=CARTESIAN_POINT('',(-0.0646570992862723,-0.0002419937239065,-0.0556020501455203));
#1289=CARTESIAN_POINT('',(-0.0632165762546095,-0.000308660390573167,-0.0556927514607391));
#1290=CARTESIAN_POINT('',(-0.062417765095642,-0.000375327057239833,-0.054490572578192));
#1291=CARTESIAN_POINT('',(-0.0616189539366744,-0.000441993723906498,-0.0532883936956448));
#1292=CARTESIAN_POINT('',(-0.0622606658093697,-0.000508660390573165,-0.0519955134978789));
#1293=CARTESIAN_POINT('',(-0.0629023776820649,-0.000575327057239834,-0.0507026333001129));
#1294=CARTESIAN_POINT('',(-0.0643429007137277,-0.000641993723906498,-0.0506119319848941));
#1295=CARTESIAN_POINT('',(-0.0657834237453904,-0.000708660390573165,-0.0505212306696753));
#1296=CARTESIAN_POINT('',(-0.066582234904358,-0.00077532705723983,-0.0517234095522225));
#1297=CARTESIAN_POINT('',(-0.0673810460633256,-0.000841993723906499,-0.0529255884347696));
#1298=CARTESIAN_POINT('',(-0.0667393341906303,-0.000908660390573163,-0.0542184686325355));
#1299=CARTESIAN_POINT('',(-0.066097622317935,-0.000975327057239831,-0.0555113488303015));
#1300=CARTESIAN_POINT('',(-0.0646570992862723,-0.00104199372390649,-0.0556020501455203));
#1301=CARTESIAN_POINT('',(-0.0632165762546094,-0.00110866039057316,-0.0556927514607391));
#1302=CARTESIAN_POINT('',(-0.062417765095642,-0.00117532705723983,-0.054490572578192));
#1303=CARTESIAN_POINT('',(-0.0616189539366744,-0.0012419937239065,-0.0532883936956449));
#1304=CARTESIAN_POINT('',(-0.0622606658093697,-0.00130866039057317,-0.0519955134978789));
#1305=CARTESIAN_POINT('',(-0.062902377682065,-0.00137532705723983,-0.0507026333001129));
#1306=CARTESIAN_POINT('',(-0.0643429007137278,-0.0014419937239065,-0.0506119319848941));
#1307=CARTESIAN_POINT('',(-0.0657834237453904,-0.00150866039057317,-0.0505212306696753));
#1308=CARTESIAN_POINT('',(-0.066582234904358,-0.00157532705723983,-0.0517234095522225));
#1309=CARTESIAN_POINT('',(-0.0673810460633256,-0.0016419937239065,-0.0529255884347696));
#1310=CARTESIAN_POINT('',(-0.0667393341906303,-0.00170866039057317,-0.0542184686325356));
#1311=CARTESIAN_POINT('',(-0.0660976223179351,-0.00177532705723983,-0.0555113488303015));
#1312=CARTESIAN_POINT('',(-0.0646570992862723,-0.00184199372390649,-0.0556020501455203));
#1313=CARTESIAN_POINT('',(-0.0632165762546095,-0.00190866039057316,-0.0556927514607391));
#1314=CARTESIAN_POINT('',(-0.062417765095642,-0.00197532705723983,-0.054490572578192));
#1315=CARTESIAN_POINT('',(-0.0616189539366744,-0.0020419937239065,-0.0532883936956449));
#1316=CARTESIAN_POINT('',(-0.0622606658093697,-0.00210866039057317,-0.0519955134978789));
#1317=CARTESIAN_POINT('',(-0.062902377682065,-0.00217532705723983,-0.0507026333001129));
#1318=CARTESIAN_POINT('',(-0.0643429007137277,-0.00224199372390649,-0.0506119319848941));
#1319=CARTESIAN_POINT('',(-0.0657834237453906,-0.00230866039057317,-0.0505212306696753));
#1320=CARTESIAN_POINT('',(-0.066582234904358,-0.00237532705723983,-0.0517234095522225));
#1321=CARTESIAN_POINT('',(-0.0673810460633256,-0.0024419937239065,-0.0529255884347695));
#1322=CARTESIAN_POINT('',(-0.0667393341906303,-0.00250866039057317,-0.0542184686325356));
#1323=CARTESIAN_POINT('',(-0.0660976223179351,-0.00257532705723984,-0.0555113488303015));
#1324=CARTESIAN_POINT('',(-0.0646570992862723,-0.0026419937239065,-0.0556020501455203));
#1325=CARTESIAN_POINT('',(-0.0632165762546095,-0.00270866039057316,-0.0556927514607391));
#1326=CARTESIAN_POINT('',(-0.062417765095642,-0.00277532705723983,-0.054490572578192));
#1327=CARTESIAN_POINT('',(-0.0616189539366744,-0.0028419937239065,-0.0532883936956448));
#1328=CARTESIAN_POINT('',(-0.0622606658093697,-0.00290866039057317,-0.0519955134978789));
#1329=CARTESIAN_POINT('',(-0.062902377682065,-0.00297532705723983,-0.0507026333001129));
#1330=CARTESIAN_POINT('',(-0.0643429007137277,-0.00304199372390649,-0.0506119319848941));
#1331=CARTESIAN_POINT('',(-0.0657834237453904,-0.00310866039057316,-0.0505212306696753));
#1332=CARTESIAN_POINT('',(-0.066582234904358,-0.00317532705723983,-0.0517234095522225));
#1333=CARTESIAN_POINT('',(-0.0673810460633256,-0.0032419937239065,-0.0529255884347696));
#1334=CARTESIAN_POINT('',(-0.0667393341906303,-0.00330866039057316,-0.0542184686325356));
#1335=CARTESIAN_POINT('',(-0.066097622317935,-0.00337532705723983,-0.0555113488303015));
#1336=CARTESIAN_POINT('',(-0.0646570992862723,-0.0034419937239065,-0.0556020501455203));
#1337=CARTESIAN_POINT('',(-0.0632165762546095,-0.00350866039057317,-0.0556927514607391));
#1338=CARTESIAN_POINT('',(-0.062417765095642,-0.00357532705723983,-0.054490572578192));
#1339=CARTESIAN_POINT('',(-0.0616189539366744,-0.0036419937239065,-0.0532883936956448));
#1340=CARTESIAN_POINT('',(-0.0622606658093697,-0.00370866039057317,-0.0519955134978789));
#1341=CARTESIAN_POINT('',(-0.0629023776820649,-0.00377532705723983,-0.0507026333001129));
#1342=CARTESIAN_POINT('',(-0.0643429007137277,-0.0038419937239065,-0.0506119319848941));
#1343=CARTESIAN_POINT('',(-0.0657834237453904,-0.00390866039057316,-0.0505212306696753));
#1344=CARTESIAN_POINT('',(-0.066582234904358,-0.00397532705723983,-0.0517234095522225));
#1345=CARTESIAN_POINT('',(-0.0673810460633256,-0.0040419937239065,-0.0529255884347696));
#1346=CARTESIAN_POINT('',(-0.0667393341906303,-0.00410866039057317,-0.0542184686325355));
#1347=CARTESIAN_POINT('',(-0.066097622317935,-0.00417532705723983,-0.0555113488303015));
#1348=CARTESIAN_POINT('',(-0.0646570992862723,-0.00424199372390649,-0.0556020501455203));
#1349=CARTESIAN_POINT('',(-0.0632165762546095,-0.00430866039057316,-0.0556927514607391));
#1350=CARTESIAN_POINT('',(-0.062417765095642,-0.00437532705723983,-0.054490572578192));
#1351=CARTESIAN_POINT('',(-0.0616189539366744,-0.00444199372390649,-0.0532883936956449));
#1352=CARTESIAN_POINT('',(-0.0622606658093697,-0.00450866039057316,-0.0519955134978789));
#1353=CARTESIAN_POINT('',(-0.0629023776820649,-0.00457532705723983,-0.0507026333001129));
#1354=CARTESIAN_POINT('',(-0.0643429007137277,-0.0046419937239065,-0.0506119319848941));
#1355=CARTESIAN_POINT('',(-0.0657834237453904,-0.00470866039057316,-0.0505212306696753));
#1356=CARTESIAN_POINT('',(-0.066582234904358,-0.00477532705723983,-0.0517234095522225));
#1357=CARTESIAN_POINT('',(-0.0673810460633256,-0.0048419937239065,-0.0529255884347696));
#1358=CARTESIAN_POINT('',(-0.0667393341906303,-0.00490866039057317,-0.0542184686325356));
#1359=CARTESIAN_POINT('',(-0.0660976223179351,-0.00497532705723983,-0.0555113488303015));
#1360=CARTESIAN_POINT('',(-0.0646570992862723,-0.0050419937239065,-0.0556020501455203));
#1361=CARTESIAN_POINT('',(-0.0632165762546095,-0.00510866039057317,-0.0556927514607391));
#1362=CARTESIAN_POINT('',(-0.062417765095642,-0.00517532705723983,-0.054490572578192));
#1363=CARTESIAN_POINT('',(-0.0616189539366744,-0.0052419937239065,-0.0532883936956449));
#1364=CARTESIAN_POINT('',(-0.0622606658093697,-0.00530866039057316,-0.0519955134978789));
#1365=CARTESIAN_POINT('',(-0.062902377682065,-0.00537532705723983,-0.0507026333001129));
#1366=CARTESIAN_POINT('',(-0.0643429007137277,-0.0054419937239065,-0.0506119319848941));
#1367=CARTESIAN_POINT('',(-0.0657834237453906,-0.00550866039057317,-0.0505212306696753));
#1368=CARTESIAN_POINT('',(-0.066582234904358,-0.00557532705723983,-0.0517234095522225));
#1369=CARTESIAN_POINT('',(-0.0673810460633256,-0.00564199372390649,-0.0529255884347695));
#1370=CARTESIAN_POINT('',(-0.0667393341906303,-0.00570866039057316,-0.0542184686325356));
#1371=CARTESIAN_POINT('',(-0.0660976223179351,-0.00577532705723983,-0.0555113488303015));
#1372=CARTESIAN_POINT('',(-0.0646570992862723,-0.0058419937239065,-0.0556020501455203));
#1373=CARTESIAN_POINT('',(-0.0632165762546095,-0.00590866039057317,-0.0556927514607391));
#1374=CARTESIAN_POINT('',(-0.062417765095642,-0.00597532705723983,-0.054490572578192));
#1375=CARTESIAN_POINT('',(-0.0616189539366744,-0.0060419937239065,-0.0532883936956448));
#1376=CARTESIAN_POINT('',(-0.0622606658093697,-0.00610866039057317,-0.0519955134978789));
#1377=CARTESIAN_POINT('',(-0.062902377682065,-0.00617532705723984,-0.0507026333001129));
#1378=CARTESIAN_POINT('',(-0.0643429007137277,-0.0062419937239065,-0.0506119319848941));
#1379=CARTESIAN_POINT('',(-0.0657834237453904,-0.00630866039057316,-0.0505212306696753));
#1380=CARTESIAN_POINT('',(-0.066582234904358,-0.00637532705723983,-0.0517234095522225));
#1381=CARTESIAN_POINT('',(-0.0673810460633256,-0.0064419937239065,-0.0529255884347696));
#1382=CARTESIAN_POINT('',(-0.0667393341906303,-0.00650866039057316,-0.0542184686325355));
#1383=CARTESIAN_POINT('',(-0.066097622317935,-0.00657532705723983,-0.0555113488303015));
#1384=CARTESIAN_POINT('',(-0.0646570992862723,-0.0066419937239065,-0.0556020501455203));
#1385=CARTESIAN_POINT('',(-0.0632165762546095,-0.00670866039057317,-0.0556927514607391));
#1386=CARTESIAN_POINT('',(-0.062417765095642,-0.00677532705723983,-0.054490572578192));
#1387=CARTESIAN_POINT('',(-0.0616189539366744,-0.00684199372390649,-0.0532883936956449));
#1388=CARTESIAN_POINT('',(-0.0622606658093697,-0.00690866039057317,-0.0519955134978789));
#1389=CARTESIAN_POINT('',(-0.0629023776820649,-0.00697532705723983,-0.0507026333001129));
#1390=CARTESIAN_POINT('',(-0.0643429007137277,-0.0070419937239065,-0.0506119319848941));
#1391=CARTESIAN_POINT('',(-0.0657834237453904,-0.00710866039057316,-0.0505212306696753));
#1392=CARTESIAN_POINT('',(-0.066582234904358,-0.00717532705723983,-0.0517234095522224));
#1393=CARTESIAN_POINT('',(-0.0673810460633256,-0.0072419937239065,-0.0529255884347696));
#1394=CARTESIAN_POINT('',(-0.0667393341906303,-0.00730866039057317,-0.0542184686325355));
#1395=CARTESIAN_POINT('',(-0.066097622317935,-0.00737532705723983,-0.0555113488303015));
#1396=CARTESIAN_POINT('',(-0.0646570992862723,-0.0074419937239065,-0.0556020501455203));
#1397=CARTESIAN_POINT('',(-0.0632165762546095,-0.00750866039057317,-0.0556927514607391));
#1398=CARTESIAN_POINT('',(-0.062417765095642,-0.00757532705723983,-0.054490572578192));
#1399=CARTESIAN_POINT('',(-0.0616189539366744,-0.0076419937239065,-0.0532883936956449));
#1400=CARTESIAN_POINT('',(-0.0622606658093697,-0.00770866039057316,-0.0519955134978789));
#1401=CARTESIAN_POINT('',(-0.0629023776820649,-0.00777532705723982,-0.0507026333001129));
#1402=CARTESIAN_POINT('',(-0.0643429007137277,-0.0078419937239065,-0.0506119319848941));
#1403=CARTESIAN_POINT('',(-0.0657834237453904,-0.00790866039057316,-0.0505212306696753));
#1404=CARTESIAN_POINT('',(-0.066582234904358,-0.00797532705723983,-0.0517234095522225));
#1405=CARTESIAN_POINT('',(-0.0673810460633256,-0.00804199372390649,-0.0529255884347696));
#1406=CARTESIAN_POINT('',(-0.0667393341906303,-0.00810866039057316,-0.0542184686325356));
#1407=CARTESIAN_POINT('',(-0.0660976223179351,-0.00817532705723983,-0.0555113488303015));
#1408=CARTESIAN_POINT('',(-0.0646570992862723,-0.00824199372390649,-0.0556020501455203));
#1409=CARTESIAN_POINT('',(-0.0632165762546095,-0.00830866039057317,-0.0556927514607391));
#1410=CARTESIAN_POINT('',(-0.062417765095642,-0.00837532705723983,-0.054490572578192));
#1411=CARTESIAN_POINT('',(-0.0616189539366744,-0.00844199372390649,-0.0532883936956449));
#1412=CARTESIAN_POINT('',(-0.0622606658093697,-0.00850866039057317,-0.0519955134978789));
#1413=CARTESIAN_POINT('',(-0.0629023776820649,-0.00857532705723983,-0.050702633300113));
#1414=CARTESIAN_POINT('',(-0.0643429007137277,-0.0086419937239065,-0.0506119319848941));
#1415=CARTESIAN_POINT('',(-0.0657834237453906,-0.00870866039057316,-0.0505212306696753));
#1416=CARTESIAN_POINT('',(-0.066582234904358,-0.00877532705723983,-0.0517234095522224));
#1417=CARTESIAN_POINT('',(-0.0673810460633256,-0.0088419937239065,-0.0529255884347695));
#1418=CARTESIAN_POINT('',(-0.0667393341906303,-0.00890866039057316,-0.0542184686325356));
#1419=CARTESIAN_POINT('',(-0.066097622317935,-0.00897532705723983,-0.0555113488303015));
#1420=CARTESIAN_POINT('',(-0.0646570992862723,-0.0090419937239065,-0.0556020501455203));
#1421=CARTESIAN_POINT('',(-0.0632165762546095,-0.00910866039057317,-0.0556927514607391));
#1422=CARTESIAN_POINT('',(-0.062417765095642,-0.00917532705723983,-0.0544905725781919));
#1423=CARTESIAN_POINT('',(-0.0616189539366744,-0.00924199372390649,-0.0532883936956449));
#1424=CARTESIAN_POINT('',(-0.0622606658093697,-0.00930866039057316,-0.0519955134978789));
#1425=CARTESIAN_POINT('',(-0.062902377682065,-0.00937532705723983,-0.0507026333001129));
#1426=CARTESIAN_POINT('',(-0.0643429007137276,-0.0094419937239065,-0.0506119319848941));
#1427=CARTESIAN_POINT('',(-0.0657834237453904,-0.00950866039057317,-0.0505212306696753));
#1428=CARTESIAN_POINT('',(-0.066582234904358,-0.00957532705723983,-0.0517234095522225));
#1429=CARTESIAN_POINT('',(-0.0673810460633256,-0.0096419937239065,-0.0529255884347696));
#1430=CARTESIAN_POINT('',(-0.0667393341906303,-0.00970866039057316,-0.0542184686325355));
#1431=CARTESIAN_POINT('',(-0.066097622317935,-0.00977532705723982,-0.0555113488303015));
#1432=CARTESIAN_POINT('',(-0.0646570992862723,-0.0098419937239065,-0.0556020501455203));
#1433=CARTESIAN_POINT('',(-0.0632165762546095,-0.00990866039057316,-0.0556927514607391));
#1434=CARTESIAN_POINT('',(-0.062417765095642,-0.00997532705723983,-0.054490572578192));
#1435=CARTESIAN_POINT('',(-0.0616189539366744,-0.0100419937239065,-0.0532883936956448));
#1436=CARTESIAN_POINT('',(-0.0622606658093697,-0.0101086603905732,-0.051995513497879));
#1437=CARTESIAN_POINT('',(-0.0629023776820649,-0.0101753270572398,-0.0507026333001129));
#1438=CARTESIAN_POINT('',(-0.0643429007137277,-0.0102419937239065,-0.0506119319848941));
#1439=CARTESIAN_POINT('',(-0.0657834237453904,-0.0103086603905732,-0.0505212306696753));
#1440=CARTESIAN_POINT('',(-0.066582234904358,-0.0103753270572398,-0.0517234095522224));
#1441=CARTESIAN_POINT('',(-0.0673810460633256,-0.0104419937239065,-0.0529255884347696));
#1442=CARTESIAN_POINT('',(-0.0667393341906303,-0.0105086603905732,-0.0542184686325356));
#1443=CARTESIAN_POINT('',(-0.0660976223179351,-0.0105753270572398,-0.0555113488303015));
#1444=CARTESIAN_POINT('',(-0.0646570992862723,-0.0106419937239065,-0.0556020501455203));
#1445=CARTESIAN_POINT('',(-0.0632165762546094,-0.0107086603905732,-0.0556927514607391));
#1446=CARTESIAN_POINT('',(-0.062417765095642,-0.0107753270572398,-0.054490572578192));
#1447=CARTESIAN_POINT('',(-0.0616189539366744,-0.0108419937239065,-0.0532883936956449));
#1448=CARTESIAN_POINT('',(-0.0622606658093697,-0.0109086603905732,-0.0519955134978789));
#1449=CARTESIAN_POINT('',(-0.0629023776820649,-0.0109753270572398,-0.050702633300113));
#1450=CARTESIAN_POINT('',(-0.0643429007137277,-0.0110419937239065,-0.0506119319848941));
#1451=CARTESIAN_POINT('',(-0.0657834237453904,-0.0111086603905732,-0.0505212306696753));
#1452=CARTESIAN_POINT('',(-0.0665822349043581,-0.0111753270572398,-0.0517234095522225));
#1453=CARTESIAN_POINT('',(-0.0673810460633256,-0.0112419937239065,-0.0529255884347695));
#1454=CARTESIAN_POINT('',(-0.0667393341906303,-0.0113086603905732,-0.0542184686325355));
#1455=CARTESIAN_POINT('',(-0.066097622317935,-0.0113753270572398,-0.0555113488303015));
#1456=CARTESIAN_POINT('',(-0.0646570992862724,-0.0114419937239065,-0.0556020501455203));
#1457=CARTESIAN_POINT('',(-0.0632165762546095,-0.0115086603905732,-0.0556927514607391));
#1458=CARTESIAN_POINT('',(-0.062417765095642,-0.0115753270572398,-0.054490572578192));
#1459=CARTESIAN_POINT('',(-0.0616189539366744,-0.0116419937239065,-0.0532883936956449));
#1460=CARTESIAN_POINT('',(-0.0622606658093697,-0.0117086603905732,-0.0519955134978789));
#1461=CARTESIAN_POINT('',(-0.062902377682065,-0.0117753270572398,-0.0507026333001129));
#1462=CARTESIAN_POINT('',(-0.0643429007137278,-0.0118419937239065,-0.0506119319848941));
#1463=CARTESIAN_POINT('',(-0.0657834237453904,-0.0119086603905732,-0.0505212306696753));
#1464=CARTESIAN_POINT('',(-0.066582234904358,-0.0119753270572398,-0.0517234095522225));
#1465=CARTESIAN_POINT('',(-0.0673810460633256,-0.0120419937239065,-0.0529255884347696));
#1466=CARTESIAN_POINT('',(-0.0667393341906303,-0.0121086603905732,-0.0542184686325355));
#1467=CARTESIAN_POINT('',(-0.0660976223179351,-0.0121753270572398,-0.0555113488303015));
#1468=CARTESIAN_POINT('',(-0.0646570992862723,-0.0122419937239065,-0.0556020501455203));
#1469=CARTESIAN_POINT('',(-0.0632165762546095,-0.0123086603905731,-0.0556927514607391));
#1470=CARTESIAN_POINT('',(-0.062417765095642,-0.0123753270572398,-0.054490572578192));
#1471=CARTESIAN_POINT('',(-0.0616189539366744,-0.0124419937239065,-0.0532883936956448));
#1472=CARTESIAN_POINT('',(-0.0622606658093697,-0.0125086603905732,-0.051995513497879));
#1473=CARTESIAN_POINT('',(-0.0629023776820649,-0.0125753270572398,-0.0507026333001129));
#1474=CARTESIAN_POINT('',(-0.0643429007137277,-0.0126419937239065,-0.0506119319848941));
#1475=CARTESIAN_POINT('',(-0.0657834237453906,-0.0127086603905732,-0.0505212306696753));
#1476=CARTESIAN_POINT('',(-0.066582234904358,-0.0127753270572398,-0.0517234095522224));
#1477=CARTESIAN_POINT('',(-0.0673810460633256,-0.0128419937239065,-0.0529255884347696));
#1478=CARTESIAN_POINT('',(-0.0667393341906303,-0.0129086603905732,-0.0542184686325356));
#1479=CARTESIAN_POINT('',(-0.0660976223179351,-0.0129753270572398,-0.0555113488303014));
#1480=CARTESIAN_POINT('',(-0.0646570992862723,-0.0130419937239065,-0.0556020501455203));
#1481=CARTESIAN_POINT('',(-0.0632165762546095,-0.0131086603905732,-0.0556927514607391));
#1482=CARTESIAN_POINT('',(-0.062417765095642,-0.0131753270572398,-0.054490572578192));
#1483=CARTESIAN_POINT('',(-0.0616189539366744,-0.0132419937239065,-0.0532883936956449));
#1484=CARTESIAN_POINT('',(-0.0622606658093697,-0.0133086603905732,-0.0519955134978789));
#1485=CARTESIAN_POINT('',(-0.062902377682065,-0.0133753270572398,-0.0507026333001129));
#1486=CARTESIAN_POINT('',(-0.0643429007137277,-0.0134419937239065,-0.0506119319848941));
#1487=CARTESIAN_POINT('',(-0.0657834237453904,-0.0135086603905732,-0.0505212306696753));
#1488=CARTESIAN_POINT('',(-0.066582234904358,-0.0135753270572398,-0.0517234095522225));
#1489=CARTESIAN_POINT('',(-0.0673810460633256,-0.0136419937239065,-0.0529255884347695));
#1490=CARTESIAN_POINT('',(-0.0667393341906303,-0.0137086603905732,-0.0542184686325355));
#1491=CARTESIAN_POINT('',(-0.066097622317935,-0.0137753270572398,-0.0555113488303015));
#1492=CARTESIAN_POINT('',(-0.0646570992862724,-0.0138419937239065,-0.0556020501455203));
#1493=CARTESIAN_POINT('',(-0.0632165762546095,-0.0139086603905731,-0.0556927514607391));
#1494=CARTESIAN_POINT('',(-0.062417765095642,-0.0139753270572398,-0.054490572578192));
#1495=CARTESIAN_POINT('',(-0.0616189539366744,-0.0140419937239065,-0.0532883936956448));
#1496=CARTESIAN_POINT('',(-0.0622606658093697,-0.0141086603905732,-0.0519955134978789));
#1497=CARTESIAN_POINT('',(-0.0629023776820649,-0.0141753270572398,-0.0507026333001129));
#1498=CARTESIAN_POINT('',(-0.0643429007137277,-0.0142419937239065,-0.0506119319848941));
#1499=CARTESIAN_POINT('',(-0.0657834237453904,-0.0143086603905731,-0.0505212306696753));
#1500=CARTESIAN_POINT('',(-0.066582234904358,-0.0143753270572398,-0.0517234095522225));
#1501=CARTESIAN_POINT('',(-0.0673810460633256,-0.0144419937239065,-0.0529255884347696));
#1502=CARTESIAN_POINT('',(-0.0667393341906303,-0.0145086603905732,-0.0542184686325355));
#1503=CARTESIAN_POINT('',(-0.0660976223179351,-0.0145753270572398,-0.0555113488303015));
#1504=CARTESIAN_POINT('',(-0.0646570992862723,-0.0146419937239065,-0.0556020501455203));
#1505=CARTESIAN_POINT('',(-0.0632165762546094,-0.0147086603905732,-0.0556927514607391));
#1506=CARTESIAN_POINT('',(-0.062417765095642,-0.0147753270572398,-0.054490572578192));
#1507=CARTESIAN_POINT('',(-0.0616189539366744,-0.0148419937239065,-0.0532883936956449));
#1508=CARTESIAN_POINT('',(-0.0622606658093697,-0.0149086603905732,-0.0519955134978789));
#1509=CARTESIAN_POINT('',(-0.0629023776820649,-0.0149753270572398,-0.050702633300113));
#1510=CARTESIAN_POINT('',(-0.0643429007137277,-0.0150419937239065,-0.0506119319848941));
#1511=CARTESIAN_POINT('',(-0.0657834237453906,-0.0151086603905732,-0.0505212306696753));
#1512=CARTESIAN_POINT('',(-0.066582234904358,-0.0151753270572398,-0.0517234095522224));
#1513=CARTESIAN_POINT('',(-0.0673810460633256,-0.0152419937239065,-0.0529255884347695));
#1514=CARTESIAN_POINT('',(-0.0667393341906303,-0.0153086603905731,-0.0542184686325356));
#1515=CARTESIAN_POINT('',(-0.0660976223179351,-0.0153753270572398,-0.0555113488303014));
#1516=CARTESIAN_POINT('',(-0.0646570992862724,-0.0154419937239065,-0.0556020501455203));
#1517=CARTESIAN_POINT('',(-0.0632165762546095,-0.0155086603905732,-0.0556927514607391));
#1518=CARTESIAN_POINT('',(-0.062417765095642,-0.0155753270572398,-0.0544905725781919));
#1519=CARTESIAN_POINT('',(-0.0616189539366744,-0.0156419937239065,-0.0532883936956449));
#1520=CARTESIAN_POINT('',(-0.0622606658093697,-0.0157086603905731,-0.0519955134978789));
#1521=CARTESIAN_POINT('',(-0.062902377682065,-0.0157753270572398,-0.0507026333001129));
#1522=CARTESIAN_POINT('',(-0.0643429007137276,-0.0158419937239065,-0.0506119319848941));
#1523=CARTESIAN_POINT('',(-0.0657834237453904,-0.0159086603905731,-0.0505212306696753));
#1524=CARTESIAN_POINT('',(-0.066582234904358,-0.0159753270572399,-0.0517234095522225));
#1525=CARTESIAN_POINT('',(-0.0673810460633256,-0.0160419937239065,-0.0529255884347695));
#1526=CARTESIAN_POINT('',(-0.0667393341906303,-0.0161086603905732,-0.0542184686325355));
#1527=CARTESIAN_POINT('',(-0.0660976223179351,-0.0161753270572398,-0.0555113488303015));
#1528=CARTESIAN_POINT('',(-0.0646570992862723,-0.0162419937239065,-0.0556020501455203));
#1529=CARTESIAN_POINT('',(-0.0632165762546095,-0.0163086603905732,-0.0556927514607391));
#1530=CARTESIAN_POINT('',(-0.062417765095642,-0.0163753270572399,-0.054490572578192));
#1531=CARTESIAN_POINT('',(-0.0616189539366744,-0.0164419937239065,-0.0532883936956448));
#1532=CARTESIAN_POINT('',(-0.0622606658093697,-0.0165086603905731,-0.051995513497879));
#1533=CARTESIAN_POINT('',(-0.0629023776820649,-0.0165753270572398,-0.0507026333001129));
#1534=CARTESIAN_POINT('',(-0.0643429007137277,-0.0166419937239065,-0.0506119319848941));
#1535=CARTESIAN_POINT('',(-0.0657834237453904,-0.0167086603905732,-0.0505212306696753));
#1536=CARTESIAN_POINT('',(-0.066582234904358,-0.0167753270572399,-0.0517234095522224));
#1537=CARTESIAN_POINT('',(-0.0673810460633256,-0.0168419937239065,-0.0529255884347696));
#1538=CARTESIAN_POINT('',(-0.0667393341906303,-0.0169086603905731,-0.0542184686325356));
#1539=CARTESIAN_POINT('',(-0.0660976223179351,-0.0169753270572398,-0.0555113488303015));
#1540=CARTESIAN_POINT('',(-0.0646570992862723,-0.0170419937239065,-0.0556020501455203));
#1541=CARTESIAN_POINT('',(-0.0632165762546094,-0.0171086603905732,-0.0556927514607391));
#1542=CARTESIAN_POINT('',(-0.062417765095642,-0.0171753270572399,-0.054490572578192));
#1543=CARTESIAN_POINT('',(-0.0616189539366744,-0.0172419937239065,-0.0532883936956449));
#1544=CARTESIAN_POINT('',(-0.0622606658093697,-0.0173086603905732,-0.0519955134978789));
#1545=CARTESIAN_POINT('',(-0.0629023776820649,-0.0173753270572398,-0.050702633300113));
#1546=CARTESIAN_POINT('',(-0.0643429007137277,-0.0174419937239065,-0.0506119319848941));
#1547=CARTESIAN_POINT('',(-0.0657834237453904,-0.0175086603905732,-0.0505212306696753));
#1548=CARTESIAN_POINT('',(-0.066582234904358,-0.0175753270572398,-0.0517234095522224));
#1549=CARTESIAN_POINT('',(-0.0673810460633256,-0.0176419937239065,-0.0529255884347695));
#1550=CARTESIAN_POINT('',(-0.0667393341906303,-0.0177086603905731,-0.0542184686325355));
#1551=CARTESIAN_POINT('',(-0.066097622317935,-0.0177753270572398,-0.0555113488303015));
#1552=CARTESIAN_POINT('',(-0.0646570992862724,-0.0178419937239065,-0.0556020501455203));
#1553=CARTESIAN_POINT('',(-0.0632165762546095,-0.0179086603905732,-0.0556927514607391));
#1554=CARTESIAN_POINT('',(-0.062417765095642,-0.0179753270572399,-0.054490572578192));
#1555=CARTESIAN_POINT('',(-0.0616189539366744,-0.0180419937239065,-0.0532883936956449));
#1556=CARTESIAN_POINT('',(-0.0622606658093697,-0.0181086603905731,-0.0519955134978789));
#1557=CARTESIAN_POINT('',(-0.062902377682065,-0.0181753270572398,-0.0507026333001129));
#1558=CARTESIAN_POINT('',(-0.0643429007137276,-0.0182419937239065,-0.0506119319848942));
#1559=CARTESIAN_POINT('',(-0.0657834237453904,-0.0183086603905732,-0.0505212306696753));
#1560=CARTESIAN_POINT('',(-0.066582234904358,-0.0183753270572399,-0.0517234095522225));
#1561=CARTESIAN_POINT('',(-0.0673810460633256,-0.0184419937239065,-0.0529255884347696));
#1562=CARTESIAN_POINT('',(-0.0667393341906303,-0.0185086603905731,-0.0542184686325355));
#1563=CARTESIAN_POINT('',(-0.0660976223179351,-0.0185753270572398,-0.0555113488303015));
#1564=CARTESIAN_POINT('',(-0.0646570992862723,-0.0186419937239065,-0.0556020501455203));
#1565=CARTESIAN_POINT('',(-0.0632165762546095,-0.0187086603905731,-0.0556927514607391));
#1566=CARTESIAN_POINT('',(-0.062417765095642,-0.0187753270572398,-0.054490572578192));
#1567=CARTESIAN_POINT('',(-0.0616189539366744,-0.0188419937239065,-0.0532883936956449));
#1568=CARTESIAN_POINT('',(-0.0622606658093697,-0.0189086603905731,-0.051995513497879));
#1569=CARTESIAN_POINT('',(-0.0629023776820649,-0.0189753270572398,-0.0507026333001129));
#1570=CARTESIAN_POINT('',(-0.0643429007137277,-0.0190419937239065,-0.0506119319848941));
#1571=CARTESIAN_POINT('',(-0.0657834237453906,-0.0191086603905732,-0.0505212306696753));
#1572=CARTESIAN_POINT('',(-0.066582234904358,-0.0191753270572399,-0.0517234095522224));
#1573=CARTESIAN_POINT('',(-0.0673810460633256,-0.0192419937239065,-0.0529255884347696));
#1574=CARTESIAN_POINT('',(-0.0667393341906303,-0.0193086603905731,-0.0542184686325356));
#1575=CARTESIAN_POINT('',(-0.0660976223179351,-0.0193753270572398,-0.0555113488303014));
#1576=CARTESIAN_POINT('',(-0.0646570992862723,-0.0194419937239065,-0.0556020501455203));
#1577=CARTESIAN_POINT('',(-0.0632165762546095,-0.0195086603905731,-0.0556927514607391));
#1578=CARTESIAN_POINT('',(-0.062417765095642,-0.0195753270572399,-0.054490572578192));
#1579=CARTESIAN_POINT('',(-0.0616189539366744,-0.0196419937239065,-0.0532883936956449));
#1580=CARTESIAN_POINT('',(-0.0622606658093697,-0.0197086603905731,-0.0519955134978789));
#1581=CARTESIAN_POINT('',(-0.0629023776820649,-0.0197753270572398,-0.050702633300113));
#1582=CARTESIAN_POINT('',(-0.0643429007137277,-0.0198419937239065,-0.0506119319848941));
#1583=CARTESIAN_POINT('',(-0.0657834237453904,-0.0199086603905732,-0.0505212306696753));
#1584=CARTESIAN_POINT('',(-0.066582234904358,-0.0199753270572399,-0.0517234095522225));
#1585=CARTESIAN_POINT('',(-0.0673810460633256,-0.0200419937239065,-0.0529255884347695));
#1586=CARTESIAN_POINT('',(-0.0667393341906303,-0.0201086603905732,-0.0542184686325355));
#1587=CARTESIAN_POINT('',(-0.066097622317935,-0.0201753270572398,-0.0555113488303015));
#1588=CARTESIAN_POINT('',(-0.0646570992862724,-0.0202419937239065,-0.0556020501455203));
#1589=CARTESIAN_POINT('',(-0.0632165762546095,-0.0203086603905731,-0.0556927514607391));
#1590=CARTESIAN_POINT('',(-0.062417765095642,-0.0203753270572399,-0.054490572578192));
#1591=CARTESIAN_POINT('',(-0.0616189539366744,-0.0204419937239065,-0.053288393695645));
#1592=CARTESIAN_POINT('',(-0.0622606658093697,-0.0205086603905731,-0.0519955134978789));
#1593=CARTESIAN_POINT('',(-0.0629023776820649,-0.0205753270572398,-0.0507026333001129));
#1594=CARTESIAN_POINT('',(-0.0643429007137277,-0.0206419937239065,-0.0506119319848941));
#1595=CARTESIAN_POINT('',(-0.0657834237453904,-0.0207086603905732,-0.0505212306696753));
#1596=CARTESIAN_POINT('',(-0.066582234904358,-0.0207753270572399,-0.0517234095522225));
#1597=CARTESIAN_POINT('',(-0.0673810460633256,-0.0208419937239065,-0.0529255884347696));
#1598=CARTESIAN_POINT('',(-0.0667393341906304,-0.0209086603905731,-0.0542184686325355));
#1599=CARTESIAN_POINT('',(-0.0660976223179351,-0.0209753270572398,-0.0555113488303015));
#1600=CARTESIAN_POINT('',(-0.0646570992862723,-0.0210419937239065,-0.0556020501455203));
#1601=CARTESIAN_POINT('',(-0.0632165762546096,-0.0211086603905731,-0.0556927514607391));
#1602=CARTESIAN_POINT('',(-0.062417765095642,-0.0211753270572399,-0.054490572578192));
#1603=CARTESIAN_POINT('',(-0.0616189539366744,-0.0212419937239065,-0.0532883936956449));
#1604=CARTESIAN_POINT('',(-0.0622606658093697,-0.0213086603905732,-0.0519955134978789));
#1605=CARTESIAN_POINT('',(-0.0629023776820649,-0.0213753270572398,-0.050702633300113));
#1606=CARTESIAN_POINT('',(-0.0643429007137277,-0.0214419937239065,-0.0506119319848941));
#1607=CARTESIAN_POINT('',(-0.0657834237453904,-0.0215086603905732,-0.0505212306696753));
#1608=CARTESIAN_POINT('',(-0.066582234904358,-0.0215753270572398,-0.0517234095522224));
#1609=CARTESIAN_POINT('',(-0.0673810460633256,-0.0216419937239065,-0.0529255884347695));
#1610=CARTESIAN_POINT('',(-0.0667393341906303,-0.0217086603905732,-0.0542184686325356));
#1611=CARTESIAN_POINT('',(-0.0660976223179351,-0.0217753270572398,-0.0555113488303014));
#1612=CARTESIAN_POINT('',(-0.0646570992862724,-0.0218419937239065,-0.0556020501455203));
#1613=CARTESIAN_POINT('',(-0.0632165762546095,-0.0219086603905731,-0.0556927514607391));
#1614=CARTESIAN_POINT('',(-0.062417765095642,-0.0219753270572398,-0.0544905725781919));
#1615=CARTESIAN_POINT('',(-0.0616189539366744,-0.0220419937239065,-0.0532883936956449));
#1616=CARTESIAN_POINT('',(-0.0622606658093697,-0.0221086603905731,-0.0519955134978789));
#1617=CARTESIAN_POINT('',(-0.062902377682065,-0.0221753270572398,-0.0507026333001129));
#1618=CARTESIAN_POINT('',(-0.0643429007137276,-0.0222419937239065,-0.0506119319848941));
#1619=CARTESIAN_POINT('',(-0.0657834237453904,-0.0223086603905732,-0.0505212306696753));
#1620=CARTESIAN_POINT('',(-0.066582234904358,-0.0223753270572398,-0.0517234095522225));
#1621=CARTESIAN_POINT('',(-0.0673810460633256,-0.0224419937239065,-0.0529255884347695));
#1622=CARTESIAN_POINT('',(-0.0667393341906303,-0.0225086603905731,-0.0542184686325355));
#1623=CARTESIAN_POINT('',(-0.0660976223179351,-0.0225753270572398,-0.0555113488303015));
#1624=CARTESIAN_POINT('',(-0.0646570992862724,-0.0226419937239065,-0.0556020501455203));
#1625=CARTESIAN_POINT('',(-0.0632165762546095,-0.0227086603905731,-0.0556927514607391));
#1626=CARTESIAN_POINT('',(-0.062417765095642,-0.0227753270572398,-0.054490572578192));
#1627=CARTESIAN_POINT('',(-0.0616189539366744,-0.0228419937239065,-0.0532883936956448));
#1628=CARTESIAN_POINT('',(-0.0622606658093697,-0.0229086603905732,-0.051995513497879));
#1629=CARTESIAN_POINT('',(-0.0629023776820649,-0.0229753270572398,-0.0507026333001129));
#1630=CARTESIAN_POINT('',(-0.0643429007137277,-0.0230419937239065,-0.0506119319848941));
#1631=CARTESIAN_POINT('',(-0.0657834237453903,-0.0231086603905732,-0.0505212306696753));
#1632=CARTESIAN_POINT('',(-0.066582234904358,-0.0231753270572398,-0.0517234095522224));
#1633=CARTESIAN_POINT('',(-0.0673810460633256,-0.0232419937239065,-0.0529255884347696));
#1634=CARTESIAN_POINT('',(-0.0667393341906304,-0.0233086603905731,-0.0542184686325355));
#1635=CARTESIAN_POINT('',(-0.0660976223179351,-0.0233753270572398,-0.0555113488303015));
#1636=CARTESIAN_POINT('',(-0.0646570992862723,-0.0234419937239065,-0.0556020501455203));
#1637=CARTESIAN_POINT('',(-0.0632165762546095,-0.0235086603905731,-0.0556927514607391));
#1638=CARTESIAN_POINT('',(-0.062417765095642,-0.0235753270572398,-0.054490572578192));
#1639=CARTESIAN_POINT('',(-0.0616189539366744,-0.0236419937239065,-0.0532883936956449));
#1640=CARTESIAN_POINT('',(-0.0622606658093697,-0.0237086603905731,-0.0519955134978789));
#1641=CARTESIAN_POINT('',(-0.0629023776820649,-0.0237753270572398,-0.050702633300113));
#1642=CARTESIAN_POINT('',(-0.0643429007137277,-0.0238419937239065,-0.0506119319848941));
#1643=CARTESIAN_POINT('',(-0.0643701111082934,0.0237080062760935,-0.051044088894393));
#1644=CARTESIAN_POINT('',(-0.0655611282319249,0.0236413396094268,-0.0509690975078014));
#1645=CARTESIAN_POINT('',(-0.0662215812395939,0.0235746729427601,-0.0519630528999128));
#1646=CARTESIAN_POINT('',(-0.066882034247263,0.0235080062760935,-0.0529570082920242));
#1647=CARTESIAN_POINT('',(-0.0663514701313005,0.0234413396094269,-0.054025955070727));
#1648=CARTESIAN_POINT('',(-0.0658209060153381,0.0233746729427601,-0.0550949018494299));
#1649=CARTESIAN_POINT('',(-0.0646298888917066,0.0233080062760935,-0.0551698932360215));
#1650=CARTESIAN_POINT('',(-0.0634388717680751,0.0232413396094268,-0.055244884622613));
#1651=CARTESIAN_POINT('',(-0.0627784187604061,0.0231746729427601,-0.0542509292305017));
#1652=CARTESIAN_POINT('',(-0.0621179657527371,0.0231080062760935,-0.0532569738383903));
#1653=CARTESIAN_POINT('',(-0.0626485298686995,0.0230413396094269,-0.0521880270596874));
#1654=CARTESIAN_POINT('',(-0.063179093984662,0.0229746729427602,-0.0511190802809845));
#1655=CARTESIAN_POINT('',(-0.0643701111082934,0.0229080062760935,-0.051044088894393));
#1656=CARTESIAN_POINT('',(-0.0655611282319249,0.0228413396094268,-0.0509690975078014));
#1657=CARTESIAN_POINT('',(-0.0662215812395939,0.0227746729427602,-0.0519630528999128));
#1658=CARTESIAN_POINT('',(-0.066882034247263,0.0227080062760935,-0.0529570082920242));
#1659=CARTESIAN_POINT('',(-0.0663514701313005,0.0226413396094269,-0.054025955070727));
#1660=CARTESIAN_POINT('',(-0.0658209060153381,0.0225746729427601,-0.0550949018494299));
#1661=CARTESIAN_POINT('',(-0.0646298888917066,0.0225080062760935,-0.0551698932360215));
#1662=CARTESIAN_POINT('',(-0.0634388717680751,0.0224413396094268,-0.055244884622613));
#1663=CARTESIAN_POINT('',(-0.0627784187604061,0.0223746729427601,-0.0542509292305017));
#1664=CARTESIAN_POINT('',(-0.0621179657527371,0.0223080062760935,-0.0532569738383903));
#1665=CARTESIAN_POINT('',(-0.0626485298686995,0.0222413396094269,-0.0521880270596874));
#1666=CARTESIAN_POINT('',(-0.063179093984662,0.0221746729427602,-0.0511190802809845));
#1667=CARTESIAN_POINT('',(-0.0643701111082934,0.0221080062760935,-0.051044088894393));
#1668=CARTESIAN_POINT('',(-0.0655611282319249,0.0220413396094268,-0.0509690975078014));
#1669=CARTESIAN_POINT('',(-0.0662215812395939,0.0219746729427601,-0.0519630528999128));
#1670=CARTESIAN_POINT('',(-0.066882034247263,0.0219080062760935,-0.0529570082920242));
#1671=CARTESIAN_POINT('',(-0.0663514701313005,0.0218413396094269,-0.054025955070727));
#1672=CARTESIAN_POINT('',(-0.0658209060153381,0.0217746729427601,-0.0550949018494299));
#1673=CARTESIAN_POINT('',(-0.0646298888917066,0.0217080062760935,-0.0551698932360215));
#1674=CARTESIAN_POINT('',(-0.0634388717680751,0.0216413396094268,-0.055244884622613));
#1675=CARTESIAN_POINT('',(-0.0627784187604061,0.0215746729427602,-0.0542509292305017));
#1676=CARTESIAN_POINT('',(-0.0621179657527371,0.0215080062760935,-0.0532569738383903));
#1677=CARTESIAN_POINT('',(-0.0626485298686995,0.0214413396094269,-0.0521880270596874));
#1678=CARTESIAN_POINT('',(-0.063179093984662,0.0213746729427602,-0.0511190802809845));
#1679=CARTESIAN_POINT('',(-0.0643701111082934,0.0213080062760935,-0.051044088894393));
#1680=CARTESIAN_POINT('',(-0.0655611282319249,0.0212413396094268,-0.0509690975078014));
#1681=CARTESIAN_POINT('',(-0.0662215812395939,0.0211746729427601,-0.0519630528999128));
#1682=CARTESIAN_POINT('',(-0.066882034247263,0.0211080062760935,-0.0529570082920242));
#1683=CARTESIAN_POINT('',(-0.0663514701313005,0.0210413396094269,-0.054025955070727));
#1684=CARTESIAN_POINT('',(-0.0658209060153381,0.0209746729427601,-0.0550949018494299));
#1685=CARTESIAN_POINT('',(-0.0646298888917066,0.0209080062760935,-0.0551698932360215));
#1686=CARTESIAN_POINT('',(-0.0634388717680751,0.0208413396094268,-0.055244884622613));
#1687=CARTESIAN_POINT('',(-0.0627784187604061,0.0207746729427601,-0.0542509292305017));
#1688=CARTESIAN_POINT('',(-0.0621179657527371,0.0207080062760935,-0.0532569738383903));
#1689=CARTESIAN_POINT('',(-0.0626485298686995,0.0206413396094269,-0.0521880270596874));
#1690=CARTESIAN_POINT('',(-0.063179093984662,0.0205746729427602,-0.0511190802809845));
#1691=CARTESIAN_POINT('',(-0.0643701111082934,0.0205080062760935,-0.051044088894393));
#1692=CARTESIAN_POINT('',(-0.0655611282319249,0.0204413396094268,-0.0509690975078014));
#1693=CARTESIAN_POINT('',(-0.0662215812395939,0.0203746729427602,-0.0519630528999128));
#1694=CARTESIAN_POINT('',(-0.066882034247263,0.0203080062760935,-0.0529570082920242));
#1695=CARTESIAN_POINT('',(-0.0663514701313005,0.0202413396094269,-0.054025955070727));
#1696=CARTESIAN_POINT('',(-0.0658209060153381,0.0201746729427601,-0.0550949018494299));
#1697=CARTESIAN_POINT('',(-0.0646298888917066,0.0201080062760935,-0.0551698932360215));
#1698=CARTESIAN_POINT('',(-0.0634388717680751,0.0200413396094268,-0.055244884622613));
#1699=CARTESIAN_POINT('',(-0.0627784187604061,0.0199746729427602,-0.0542509292305017));
#1700=CARTESIAN_POINT('',(-0.0621179657527371,0.0199080062760935,-0.0532569738383903));
#1701=CARTESIAN_POINT('',(-0.0626485298686995,0.0198413396094269,-0.0521880270596874));
#1702=CARTESIAN_POINT('',(-0.063179093984662,0.0197746729427602,-0.0511190802809845));
#1703=CARTESIAN_POINT('',(-0.0643701111082934,0.0197080062760935,-0.051044088894393));
#1704=CARTESIAN_POINT('',(-0.0655611282319249,0.0196413396094268,-0.0509690975078014));
#1705=CARTESIAN_POINT('',(-0.0662215812395939,0.0195746729427601,-0.0519630528999128));
#1706=CARTESIAN_POINT('',(-0.066882034247263,0.0195080062760935,-0.0529570082920242));
#1707=CARTESIAN_POINT('',(-0.0663514701313005,0.0194413396094269,-0.054025955070727));
#1708=CARTESIAN_POINT('',(-0.0658209060153381,0.0193746729427601,-0.0550949018494299));
#1709=CARTESIAN_POINT('',(-0.0646298888917066,0.0193080062760935,-0.0551698932360215));
#1710=CARTESIAN_POINT('',(-0.0634388717680751,0.0192413396094268,-0.055244884622613));
#1711=CARTESIAN_POINT('',(-0.0627784187604061,0.0191746729427602,-0.0542509292305017));
#1712=CARTESIAN_POINT('',(-0.0621179657527371,0.0191080062760935,-0.0532569738383903));
#1713=CARTESIAN_POINT('',(-0.0626485298686995,0.0190413396094269,-0.0521880270596874));
#1714=CARTESIAN_POINT('',(-0.063179093984662,0.0189746729427602,-0.0511190802809845));
#1715=CARTESIAN_POINT('',(-0.0643701111082934,0.0189080062760935,-0.051044088894393));
#1716=CARTESIAN_POINT('',(-0.0655611282319249,0.0188413396094268,-0.0509690975078014));
#1717=CARTESIAN_POINT('',(-0.0662215812395939,0.0187746729427602,-0.0519630528999128));
#1718=CARTESIAN_POINT('',(-0.066882034247263,0.0187080062760935,-0.0529570082920242));
#1719=CARTESIAN_POINT('',(-0.0663514701313005,0.0186413396094269,-0.054025955070727));
#1720=CARTESIAN_POINT('',(-0.0658209060153381,0.0185746729427601,-0.0550949018494299));
#1721=CARTESIAN_POINT('',(-0.0646298888917066,0.0185080062760935,-0.0551698932360215));
#1722=CARTESIAN_POINT('',(-0.0634388717680751,0.0184413396094268,-0.055244884622613));
#1723=CARTESIAN_POINT('',(-0.0627784187604061,0.0183746729427601,-0.0542509292305017));
#1724=CARTESIAN_POINT('',(-0.0621179657527371,0.0183080062760935,-0.0532569738383903));
#1725=CARTESIAN_POINT('',(-0.0626485298686995,0.0182413396094269,-0.0521880270596874));
#1726=CARTESIAN_POINT('',(-0.063179093984662,0.0181746729427602,-0.0511190802809845));
#1727=CARTESIAN_POINT('',(-0.0643701111082934,0.0181080062760935,-0.051044088894393));
#1728=CARTESIAN_POINT('',(-0.0655611282319249,0.0180413396094268,-0.0509690975078014));
#1729=CARTESIAN_POINT('',(-0.0662215812395939,0.0179746729427601,-0.0519630528999128));
#1730=CARTESIAN_POINT('',(-0.066882034247263,0.0179080062760935,-0.0529570082920242));
#1731=CARTESIAN_POINT('',(-0.0663514701313005,0.0178413396094269,-0.054025955070727));
#1732=CARTESIAN_POINT('',(-0.0658209060153381,0.0177746729427601,-0.0550949018494299));
#1733=CARTESIAN_POINT('',(-0.0646298888917066,0.0177080062760935,-0.0551698932360215));
#1734=CARTESIAN_POINT('',(-0.0634388717680751,0.0176413396094268,-0.055244884622613));
#1735=CARTESIAN_POINT('',(-0.0627784187604061,0.0175746729427602,-0.0542509292305017));
#1736=CARTESIAN_POINT('',(-0.0621179657527371,0.0175080062760935,-0.0532569738383903));
#1737=CARTESIAN_POINT('',(-0.0626485298686995,0.0174413396094269,-0.0521880270596874));
#1738=CARTESIAN_POINT('',(-0.063179093984662,0.0173746729427602,-0.0511190802809845));
#1739=CARTESIAN_POINT('',(-0.0643701111082934,0.0173080062760935,-0.051044088894393));
#1740=CARTESIAN_POINT('',(-0.0655611282319249,0.0172413396094268,-0.0509690975078014));
#1741=CARTESIAN_POINT('',(-0.0662215812395939,0.0171746729427601,-0.0519630528999128));
#1742=CARTESIAN_POINT('',(-0.066882034247263,0.0171080062760935,-0.0529570082920242));
#1743=CARTESIAN_POINT('',(-0.0663514701313005,0.0170413396094269,-0.054025955070727));
#1744=CARTESIAN_POINT('',(-0.0658209060153381,0.0169746729427602,-0.0550949018494299));
#1745=CARTESIAN_POINT('',(-0.0646298888917066,0.0169080062760935,-0.0551698932360215));
#1746=CARTESIAN_POINT('',(-0.0634388717680751,0.0168413396094268,-0.055244884622613));
#1747=CARTESIAN_POINT('',(-0.0627784187604061,0.0167746729427601,-0.0542509292305017));
#1748=CARTESIAN_POINT('',(-0.0621179657527371,0.0167080062760935,-0.0532569738383903));
#1749=CARTESIAN_POINT('',(-0.0626485298686995,0.0166413396094269,-0.0521880270596874));
#1750=CARTESIAN_POINT('',(-0.063179093984662,0.0165746729427602,-0.0511190802809845));
#1751=CARTESIAN_POINT('',(-0.0643701111082934,0.0165080062760935,-0.051044088894393));
#1752=CARTESIAN_POINT('',(-0.0655611282319249,0.0164413396094268,-0.0509690975078014));
#1753=CARTESIAN_POINT('',(-0.0662215812395939,0.0163746729427602,-0.0519630528999128));
#1754=CARTESIAN_POINT('',(-0.066882034247263,0.0163080062760935,-0.0529570082920242));
#1755=CARTESIAN_POINT('',(-0.0663514701313005,0.0162413396094269,-0.054025955070727));
#1756=CARTESIAN_POINT('',(-0.0658209060153381,0.0161746729427602,-0.0550949018494299));
#1757=CARTESIAN_POINT('',(-0.0646298888917066,0.0161080062760935,-0.0551698932360215));
#1758=CARTESIAN_POINT('',(-0.0634388717680751,0.0160413396094268,-0.055244884622613));
#1759=CARTESIAN_POINT('',(-0.0627784187604061,0.0159746729427601,-0.0542509292305017));
#1760=CARTESIAN_POINT('',(-0.0621179657527371,0.0159080062760935,-0.0532569738383903));
#1761=CARTESIAN_POINT('',(-0.0626485298686995,0.0158413396094269,-0.0521880270596874));
#1762=CARTESIAN_POINT('',(-0.063179093984662,0.0157746729427602,-0.0511190802809845));
#1763=CARTESIAN_POINT('',(-0.0643701111082934,0.0157080062760935,-0.051044088894393));
#1764=CARTESIAN_POINT('',(-0.0655611282319249,0.0156413396094268,-0.0509690975078014));
#1765=CARTESIAN_POINT('',(-0.0662215812395939,0.0155746729427601,-0.0519630528999128));
#1766=CARTESIAN_POINT('',(-0.066882034247263,0.0155080062760935,-0.0529570082920242));
#1767=CARTESIAN_POINT('',(-0.0663514701313005,0.0154413396094268,-0.054025955070727));
#1768=CARTESIAN_POINT('',(-0.0658209060153381,0.0153746729427602,-0.0550949018494299));
#1769=CARTESIAN_POINT('',(-0.0646298888917066,0.0153080062760935,-0.0551698932360215));
#1770=CARTESIAN_POINT('',(-0.0634388717680751,0.0152413396094268,-0.055244884622613));
#1771=CARTESIAN_POINT('',(-0.0627784187604061,0.0151746729427601,-0.0542509292305017));
#1772=CARTESIAN_POINT('',(-0.0621179657527371,0.0151080062760935,-0.0532569738383903));
#1773=CARTESIAN_POINT('',(-0.0626485298686995,0.0150413396094269,-0.0521880270596874));
#1774=CARTESIAN_POINT('',(-0.063179093984662,0.0149746729427602,-0.0511190802809845));
#1775=CARTESIAN_POINT('',(-0.0643701111082934,0.0149080062760935,-0.051044088894393));
#1776=CARTESIAN_POINT('',(-0.0655611282319249,0.0148413396094268,-0.0509690975078014));
#1777=CARTESIAN_POINT('',(-0.0662215812395939,0.0147746729427602,-0.0519630528999128));
#1778=CARTESIAN_POINT('',(-0.066882034247263,0.0147080062760935,-0.0529570082920242));
#1779=CARTESIAN_POINT('',(-0.0663514701313005,0.0146413396094268,-0.054025955070727));
#1780=CARTESIAN_POINT('',(-0.0658209060153381,0.0145746729427602,-0.0550949018494299));
#1781=CARTESIAN_POINT('',(-0.0646298888917066,0.0145080062760935,-0.0551698932360215));
#1782=CARTESIAN_POINT('',(-0.0634388717680751,0.0144413396094268,-0.055244884622613));
#1783=CARTESIAN_POINT('',(-0.0627784187604061,0.0143746729427602,-0.0542509292305017));
#1784=CARTESIAN_POINT('',(-0.0621179657527371,0.0143080062760935,-0.0532569738383903));
#1785=CARTESIAN_POINT('',(-0.0626485298686995,0.0142413396094268,-0.0521880270596874));
#1786=CARTESIAN_POINT('',(-0.063179093984662,0.0141746729427602,-0.0511190802809845));
#1787=CARTESIAN_POINT('',(-0.0643701111082934,0.0141080062760935,-0.051044088894393));
#1788=CARTESIAN_POINT('',(-0.0655611282319249,0.0140413396094268,-0.0509690975078014));
#1789=CARTESIAN_POINT('',(-0.0662215812395939,0.0139746729427602,-0.0519630528999128));
#1790=CARTESIAN_POINT('',(-0.066882034247263,0.0139080062760935,-0.0529570082920242));
#1791=CARTESIAN_POINT('',(-0.0663514701313005,0.0138413396094268,-0.054025955070727));
#1792=CARTESIAN_POINT('',(-0.0658209060153381,0.0137746729427602,-0.0550949018494299));
#1793=CARTESIAN_POINT('',(-0.0646298888917066,0.0137080062760935,-0.0551698932360215));
#1794=CARTESIAN_POINT('',(-0.0634388717680751,0.0136413396094268,-0.055244884622613));
#1795=CARTESIAN_POINT('',(-0.0627784187604061,0.0135746729427602,-0.0542509292305017));
#1796=CARTESIAN_POINT('',(-0.0621179657527371,0.0135080062760935,-0.0532569738383903));
#1797=CARTESIAN_POINT('',(-0.0626485298686995,0.0134413396094268,-0.0521880270596874));
#1798=CARTESIAN_POINT('',(-0.063179093984662,0.0133746729427602,-0.0511190802809845));
#1799=CARTESIAN_POINT('',(-0.0643701111082934,0.0133080062760935,-0.051044088894393));
#1800=CARTESIAN_POINT('',(-0.0655611282319249,0.0132413396094268,-0.0509690975078014));
#1801=CARTESIAN_POINT('',(-0.0662215812395939,0.0131746729427602,-0.0519630528999128));
#1802=CARTESIAN_POINT('',(-0.066882034247263,0.0131080062760935,-0.0529570082920242));
#1803=CARTESIAN_POINT('',(-0.0663514701313005,0.0130413396094268,-0.054025955070727));
#1804=CARTESIAN_POINT('',(-0.0658209060153381,0.0129746729427602,-0.0550949018494299));
#1805=CARTESIAN_POINT('',(-0.0646298888917066,0.0129080062760935,-0.0551698932360215));
#1806=CARTESIAN_POINT('',(-0.0634388717680751,0.0128413396094268,-0.055244884622613));
#1807=CARTESIAN_POINT('',(-0.0627784187604061,0.0127746729427602,-0.0542509292305017));
#1808=CARTESIAN_POINT('',(-0.0621179657527371,0.0127080062760935,-0.0532569738383903));
#1809=CARTESIAN_POINT('',(-0.0626485298686995,0.0126413396094268,-0.0521880270596874));
#1810=CARTESIAN_POINT('',(-0.063179093984662,0.0125746729427602,-0.0511190802809845));
#1811=CARTESIAN_POINT('',(-0.0643701111082934,0.0125080062760935,-0.051044088894393));
#1812=CARTESIAN_POINT('',(-0.0655611282319249,0.0124413396094268,-0.0509690975078014));
#1813=CARTESIAN_POINT('',(-0.0662215812395939,0.0123746729427602,-0.0519630528999128));
#1814=CARTESIAN_POINT('',(-0.066882034247263,0.0123080062760935,-0.0529570082920242));
#1815=CARTESIAN_POINT('',(-0.0663514701313005,0.0122413396094268,-0.054025955070727));
#1816=CARTESIAN_POINT('',(-0.0658209060153381,0.0121746729427601,-0.0550949018494299));
#1817=CARTESIAN_POINT('',(-0.0646298888917066,0.0121080062760935,-0.0551698932360215));
#1818=CARTESIAN_POINT('',(-0.0634388717680751,0.0120413396094268,-0.055244884622613));
#1819=CARTESIAN_POINT('',(-0.0627784187604061,0.0119746729427602,-0.0542509292305017));
#1820=CARTESIAN_POINT('',(-0.0621179657527371,0.0119080062760935,-0.0532569738383903));
#1821=CARTESIAN_POINT('',(-0.0626485298686995,0.0118413396094268,-0.0521880270596874));
#1822=CARTESIAN_POINT('',(-0.063179093984662,0.0117746729427602,-0.0511190802809845));
#1823=CARTESIAN_POINT('',(-0.0643701111082934,0.0117080062760935,-0.051044088894393));
#1824=CARTESIAN_POINT('',(-0.0655611282319249,0.0116413396094268,-0.0509690975078014));
#1825=CARTESIAN_POINT('',(-0.0662215812395939,0.0115746729427602,-0.0519630528999128));
#1826=CARTESIAN_POINT('',(-0.066882034247263,0.0115080062760935,-0.0529570082920242));
#1827=CARTESIAN_POINT('',(-0.0663514701313005,0.0114413396094268,-0.054025955070727));
#1828=CARTESIAN_POINT('',(-0.0658209060153381,0.0113746729427602,-0.0550949018494299));
#1829=CARTESIAN_POINT('',(-0.0646298888917066,0.0113080062760935,-0.0551698932360215));
#1830=CARTESIAN_POINT('',(-0.0634388717680751,0.0112413396094268,-0.055244884622613));
#1831=CARTESIAN_POINT('',(-0.0627784187604061,0.0111746729427602,-0.0542509292305017));
#1832=CARTESIAN_POINT('',(-0.0621179657527371,0.0111080062760935,-0.0532569738383903));
#1833=CARTESIAN_POINT('',(-0.0626485298686995,0.0110413396094268,-0.0521880270596874));
#1834=CARTESIAN_POINT('',(-0.063179093984662,0.0109746729427602,-0.0511190802809845));
#1835=CARTESIAN_POINT('',(-0.0643701111082934,0.0109080062760935,-0.051044088894393));
#1836=CARTESIAN_POINT('',(-0.0655611282319249,0.0108413396094268,-0.0509690975078014));
#1837=CARTESIAN_POINT('',(-0.0662215812395939,0.0107746729427602,-0.0519630528999128));
#1838=CARTESIAN_POINT('',(-0.066882034247263,0.0107080062760935,-0.0529570082920242));
#1839=CARTESIAN_POINT('',(-0.0663514701313005,0.0106413396094268,-0.054025955070727));
#1840=CARTESIAN_POINT('',(-0.0658209060153381,0.0105746729427602,-0.0550949018494299));
#1841=CARTESIAN_POINT('',(-0.0646298888917066,0.0105080062760935,-0.0551698932360215));
#1842=CARTESIAN_POINT('',(-0.0634388717680751,0.0104413396094268,-0.055244884622613));
#1843=CARTESIAN_POINT('',(-0.0627784187604061,0.0103746729427602,-0.0542509292305017));
#1844=CARTESIAN_POINT('',(-0.0621179657527371,0.0103080062760935,-0.0532569738383903));
#1845=CARTESIAN_POINT('',(-0.0626485298686995,0.0102413396094268,-0.0521880270596874));
#1846=CARTESIAN_POINT('',(-0.063179093984662,0.0101746729427602,-0.0511190802809845));
#1847=CARTESIAN_POINT('',(-0.0643701111082934,0.0101080062760935,-0.051044088894393));
#1848=CARTESIAN_POINT('',(-0.0655611282319249,0.0100413396094268,-0.0509690975078014));
#1849=CARTESIAN_POINT('',(-0.0662215812395939,0.00997467294276017,-0.0519630528999128));
#1850=CARTESIAN_POINT('',(-0.066882034247263,0.0099080062760935,-0.0529570082920242));
#1851=CARTESIAN_POINT('',(-0.0663514701313005,0.00984133960942683,-0.054025955070727));
#1852=CARTESIAN_POINT('',(-0.0658209060153381,0.00977467294276016,-0.0550949018494299));
#1853=CARTESIAN_POINT('',(-0.0646298888917066,0.0097080062760935,-0.0551698932360215));
#1854=CARTESIAN_POINT('',(-0.0634388717680751,0.00964133960942683,-0.055244884622613));
#1855=CARTESIAN_POINT('',(-0.0627784187604061,0.00957467294276017,-0.0542509292305017));
#1856=CARTESIAN_POINT('',(-0.0621179657527371,0.0095080062760935,-0.0532569738383903));
#1857=CARTESIAN_POINT('',(-0.0626485298686995,0.00944133960942684,-0.0521880270596874));
#1858=CARTESIAN_POINT('',(-0.063179093984662,0.00937467294276017,-0.0511190802809845));
#1859=CARTESIAN_POINT('',(-0.0643701111082934,0.0093080062760935,-0.051044088894393));
#1860=CARTESIAN_POINT('',(-0.0655611282319249,0.00924133960942683,-0.0509690975078014));
#1861=CARTESIAN_POINT('',(-0.0662215812395939,0.00917467294276017,-0.0519630528999128));
#1862=CARTESIAN_POINT('',(-0.066882034247263,0.0091080062760935,-0.0529570082920242));
#1863=CARTESIAN_POINT('',(-0.0663514701313005,0.00904133960942683,-0.054025955070727));
#1864=CARTESIAN_POINT('',(-0.0658209060153381,0.00897467294276016,-0.0550949018494299));
#1865=CARTESIAN_POINT('',(-0.0646298888917066,0.0089080062760935,-0.0551698932360215));
#1866=CARTESIAN_POINT('',(-0.0634388717680751,0.00884133960942684,-0.055244884622613));
#1867=CARTESIAN_POINT('',(-0.0627784187604061,0.00877467294276017,-0.0542509292305017));
#1868=CARTESIAN_POINT('',(-0.0621179657527371,0.0087080062760935,-0.0532569738383903));
#1869=CARTESIAN_POINT('',(-0.0626485298686995,0.00864133960942684,-0.0521880270596874));
#1870=CARTESIAN_POINT('',(-0.063179093984662,0.00857467294276017,-0.0511190802809845));
#1871=CARTESIAN_POINT('',(-0.0643701111082934,0.0085080062760935,-0.051044088894393));
#1872=CARTESIAN_POINT('',(-0.0655611282319249,0.00844133960942683,-0.0509690975078014));
#1873=CARTESIAN_POINT('',(-0.0662215812395939,0.00837467294276017,-0.0519630528999128));
#1874=CARTESIAN_POINT('',(-0.066882034247263,0.0083080062760935,-0.0529570082920242));
#1875=CARTESIAN_POINT('',(-0.0663514701313005,0.00824133960942684,-0.054025955070727));
#1876=CARTESIAN_POINT('',(-0.0658209060153381,0.00817467294276016,-0.0550949018494299));
#1877=CARTESIAN_POINT('',(-0.0646298888917066,0.0081080062760935,-0.0551698932360215));
#1878=CARTESIAN_POINT('',(-0.0634388717680751,0.00804133960942683,-0.055244884622613));
#1879=CARTESIAN_POINT('',(-0.0627784187604061,0.00797467294276017,-0.0542509292305017));
#1880=CARTESIAN_POINT('',(-0.0621179657527371,0.0079080062760935,-0.0532569738383903));
#1881=CARTESIAN_POINT('',(-0.0626485298686995,0.00784133960942684,-0.0521880270596874));
#1882=CARTESIAN_POINT('',(-0.063179093984662,0.00777467294276016,-0.0511190802809845));
#1883=CARTESIAN_POINT('',(-0.0643701111082934,0.0077080062760935,-0.051044088894393));
#1884=CARTESIAN_POINT('',(-0.0655611282319249,0.00764133960942683,-0.0509690975078014));
#1885=CARTESIAN_POINT('',(-0.0662215812395939,0.00757467294276017,-0.0519630528999128));
#1886=CARTESIAN_POINT('',(-0.066882034247263,0.00750800627609351,-0.0529570082920242));
#1887=CARTESIAN_POINT('',(-0.0663514701313005,0.00744133960942683,-0.054025955070727));
#1888=CARTESIAN_POINT('',(-0.0658209060153381,0.00737467294276017,-0.0550949018494299));
#1889=CARTESIAN_POINT('',(-0.0646298888917066,0.0073080062760935,-0.0551698932360215));
#1890=CARTESIAN_POINT('',(-0.0634388717680751,0.00724133960942683,-0.055244884622613));
#1891=CARTESIAN_POINT('',(-0.0627784187604061,0.00717467294276017,-0.0542509292305017));
#1892=CARTESIAN_POINT('',(-0.0621179657527371,0.0071080062760935,-0.0532569738383903));
#1893=CARTESIAN_POINT('',(-0.0626485298686995,0.00704133960942684,-0.0521880270596874));
#1894=CARTESIAN_POINT('',(-0.063179093984662,0.00697467294276017,-0.0511190802809845));
#1895=CARTESIAN_POINT('',(-0.0643701111082934,0.0069080062760935,-0.051044088894393));
#1896=CARTESIAN_POINT('',(-0.0655611282319249,0.00684133960942684,-0.0509690975078014));
#1897=CARTESIAN_POINT('',(-0.0662215812395939,0.00677467294276017,-0.0519630528999128));
#1898=CARTESIAN_POINT('',(-0.066882034247263,0.0067080062760935,-0.0529570082920242));
#1899=CARTESIAN_POINT('',(-0.0663514701313005,0.00664133960942684,-0.054025955070727));
#1900=CARTESIAN_POINT('',(-0.0658209060153381,0.00657467294276017,-0.0550949018494299));
#1901=CARTESIAN_POINT('',(-0.0646298888917066,0.0065080062760935,-0.0551698932360215));
#1902=CARTESIAN_POINT('',(-0.0634388717680751,0.00644133960942683,-0.055244884622613));
#1903=CARTESIAN_POINT('',(-0.0627784187604061,0.00637467294276017,-0.0542509292305017));
#1904=CARTESIAN_POINT('',(-0.0621179657527371,0.0063080062760935,-0.0532569738383903));
#1905=CARTESIAN_POINT('',(-0.0626485298686995,0.00624133960942683,-0.0521880270596874));
#1906=CARTESIAN_POINT('',(-0.063179093984662,0.00617467294276016,-0.0511190802809845));
#1907=CARTESIAN_POINT('',(-0.0643701111082934,0.0061080062760935,-0.051044088894393));
#1908=CARTESIAN_POINT('',(-0.0655611282319249,0.00604133960942684,-0.0509690975078014));
#1909=CARTESIAN_POINT('',(-0.0662215812395939,0.00597467294276017,-0.0519630528999128));
#1910=CARTESIAN_POINT('',(-0.066882034247263,0.0059080062760935,-0.0529570082920242));
#1911=CARTESIAN_POINT('',(-0.0663514701313005,0.00584133960942684,-0.054025955070727));
#1912=CARTESIAN_POINT('',(-0.0658209060153381,0.00577467294276017,-0.0550949018494299));
#1913=CARTESIAN_POINT('',(-0.0646298888917066,0.0057080062760935,-0.0551698932360215));
#1914=CARTESIAN_POINT('',(-0.0634388717680751,0.00564133960942683,-0.055244884622613));
#1915=CARTESIAN_POINT('',(-0.0627784187604061,0.00557467294276017,-0.0542509292305017));
#1916=CARTESIAN_POINT('',(-0.0621179657527371,0.0055080062760935,-0.0532569738383903));
#1917=CARTESIAN_POINT('',(-0.0626485298686995,0.00544133960942684,-0.0521880270596874));
#1918=CARTESIAN_POINT('',(-0.063179093984662,0.00537467294276016,-0.0511190802809845));
#1919=CARTESIAN_POINT('',(-0.0643701111082934,0.0053080062760935,-0.051044088894393));
#1920=CARTESIAN_POINT('',(-0.0655611282319249,0.00524133960942684,-0.0509690975078014));
#1921=CARTESIAN_POINT('',(-0.0662215812395939,0.00517467294276017,-0.0519630528999128));
#1922=CARTESIAN_POINT('',(-0.066882034247263,0.0051080062760935,-0.0529570082920242));
#1923=CARTESIAN_POINT('',(-0.0663514701313005,0.00504133960942683,-0.054025955070727));
#1924=CARTESIAN_POINT('',(-0.0658209060153381,0.00497467294276017,-0.0550949018494299));
#1925=CARTESIAN_POINT('',(-0.0646298888917066,0.0049080062760935,-0.0551698932360215));
#1926=CARTESIAN_POINT('',(-0.0634388717680751,0.00484133960942684,-0.055244884622613));
#1927=CARTESIAN_POINT('',(-0.0627784187604061,0.00477467294276017,-0.0542509292305017));
#1928=CARTESIAN_POINT('',(-0.0621179657527371,0.0047080062760935,-0.0532569738383903));
#1929=CARTESIAN_POINT('',(-0.0626485298686995,0.00464133960942683,-0.0521880270596874));
#1930=CARTESIAN_POINT('',(-0.063179093984662,0.00457467294276017,-0.0511190802809845));
#1931=CARTESIAN_POINT('',(-0.0643701111082934,0.0045080062760935,-0.051044088894393));
#1932=CARTESIAN_POINT('',(-0.0655611282319249,0.00444133960942683,-0.0509690975078014));
#1933=CARTESIAN_POINT('',(-0.0662215812395939,0.00437467294276017,-0.0519630528999128));
#1934=CARTESIAN_POINT('',(-0.066882034247263,0.0043080062760935,-0.0529570082920242));
#1935=CARTESIAN_POINT('',(-0.0663514701313005,0.00424133960942684,-0.054025955070727));
#1936=CARTESIAN_POINT('',(-0.0658209060153381,0.00417467294276017,-0.0550949018494299));
#1937=CARTESIAN_POINT('',(-0.0646298888917066,0.0041080062760935,-0.0551698932360215));
#1938=CARTESIAN_POINT('',(-0.0634388717680751,0.00404133960942683,-0.055244884622613));
#1939=CARTESIAN_POINT('',(-0.0627784187604061,0.00397467294276017,-0.0542509292305017));
#1940=CARTESIAN_POINT('',(-0.0621179657527371,0.0039080062760935,-0.0532569738383903));
#1941=CARTESIAN_POINT('',(-0.0626485298686995,0.00384133960942683,-0.0521880270596874));
#1942=CARTESIAN_POINT('',(-0.063179093984662,0.00377467294276017,-0.0511190802809845));
#1943=CARTESIAN_POINT('',(-0.0643701111082934,0.0037080062760935,-0.051044088894393));
#1944=CARTESIAN_POINT('',(-0.0655611282319249,0.00364133960942683,-0.0509690975078014));
#1945=CARTESIAN_POINT('',(-0.0662215812395939,0.00357467294276017,-0.0519630528999128));
#1946=CARTESIAN_POINT('',(-0.066882034247263,0.00350800627609349,-0.0529570082920242));
#1947=CARTESIAN_POINT('',(-0.0663514701313005,0.00344133960942684,-0.054025955070727));
#1948=CARTESIAN_POINT('',(-0.0658209060153381,0.00337467294276017,-0.0550949018494299));
#1949=CARTESIAN_POINT('',(-0.0646298888917066,0.0033080062760935,-0.0551698932360215));
#1950=CARTESIAN_POINT('',(-0.0634388717680751,0.00324133960942683,-0.055244884622613));
#1951=CARTESIAN_POINT('',(-0.0627784187604061,0.00317467294276017,-0.0542509292305017));
#1952=CARTESIAN_POINT('',(-0.0621179657527371,0.0031080062760935,-0.0532569738383903));
#1953=CARTESIAN_POINT('',(-0.0626485298686995,0.00304133960942684,-0.0521880270596874));
#1954=CARTESIAN_POINT('',(-0.063179093984662,0.00297467294276017,-0.0511190802809845));
#1955=CARTESIAN_POINT('',(-0.0643701111082934,0.0029080062760935,-0.051044088894393));
#1956=CARTESIAN_POINT('',(-0.0655611282319249,0.00284133960942683,-0.0509690975078014));
#1957=CARTESIAN_POINT('',(-0.0662215812395939,0.00277467294276017,-0.0519630528999128));
#1958=CARTESIAN_POINT('',(-0.066882034247263,0.0027080062760935,-0.0529570082920242));
#1959=CARTESIAN_POINT('',(-0.0663514701313005,0.00264133960942684,-0.054025955070727));
#1960=CARTESIAN_POINT('',(-0.0658209060153381,0.00257467294276017,-0.0550949018494299));
#1961=CARTESIAN_POINT('',(-0.0646298888917066,0.0025080062760935,-0.0551698932360215));
#1962=CARTESIAN_POINT('',(-0.0634388717680751,0.00244133960942684,-0.055244884622613));
#1963=CARTESIAN_POINT('',(-0.0627784187604061,0.00237467294276017,-0.0542509292305017));
#1964=CARTESIAN_POINT('',(-0.0621179657527371,0.0023080062760935,-0.0532569738383903));
#1965=CARTESIAN_POINT('',(-0.0626485298686995,0.00224133960942684,-0.0521880270596874));
#1966=CARTESIAN_POINT('',(-0.063179093984662,0.00217467294276017,-0.0511190802809845));
#1967=CARTESIAN_POINT('',(-0.0643701111082934,0.0021080062760935,-0.051044088894393));
#1968=CARTESIAN_POINT('',(-0.0655611282319249,0.00204133960942683,-0.0509690975078014));
#1969=CARTESIAN_POINT('',(-0.0662215812395939,0.00197467294276017,-0.0519630528999128));
#1970=CARTESIAN_POINT('',(-0.066882034247263,0.0019080062760935,-0.0529570082920242));
#1971=CARTESIAN_POINT('',(-0.0663514701313005,0.00184133960942683,-0.054025955070727));
#1972=CARTESIAN_POINT('',(-0.0658209060153381,0.00177467294276016,-0.0550949018494299));
#1973=CARTESIAN_POINT('',(-0.0646298888917066,0.0017080062760935,-0.0551698932360215));
#1974=CARTESIAN_POINT('',(-0.0634388717680751,0.00164133960942683,-0.055244884622613));
#1975=CARTESIAN_POINT('',(-0.0627784187604061,0.00157467294276017,-0.0542509292305017));
#1976=CARTESIAN_POINT('',(-0.0621179657527371,0.0015080062760935,-0.0532569738383903));
#1977=CARTESIAN_POINT('',(-0.0626485298686995,0.00144133960942683,-0.0521880270596874));
#1978=CARTESIAN_POINT('',(-0.063179093984662,0.00137467294276017,-0.0511190802809845));
#1979=CARTESIAN_POINT('',(-0.0643701111082934,0.0013080062760935,-0.051044088894393));
#1980=CARTESIAN_POINT('',(-0.0655611282319249,0.00124133960942683,-0.0509690975078014));
#1981=CARTESIAN_POINT('',(-0.0662215812395939,0.00117467294276017,-0.0519630528999128));
#1982=CARTESIAN_POINT('',(-0.066882034247263,0.0011080062760935,-0.0529570082920242));
#1983=CARTESIAN_POINT('',(-0.0663514701313005,0.00104133960942683,-0.054025955070727));
#1984=CARTESIAN_POINT('',(-0.0658209060153381,0.000974672942760168,-0.0550949018494299));
#1985=CARTESIAN_POINT('',(-0.0646298888917066,0.000908006276093502,-0.0551698932360215));
#1986=CARTESIAN_POINT('',(-0.0634388717680751,0.000841339609426833,-0.055244884622613));
#1987=CARTESIAN_POINT('',(-0.0627784187604061,0.000774672942760169,-0.0542509292305017));
#1988=CARTESIAN_POINT('',(-0.0621179657527371,0.000708006276093502,-0.0532569738383903));
#1989=CARTESIAN_POINT('',(-0.0626485298686995,0.000641339609426833,-0.0521880270596874));
#1990=CARTESIAN_POINT('',(-0.063179093984662,0.000574672942760168,-0.0511190802809845));
#1991=CARTESIAN_POINT('',(-0.0643701111082934,0.000508006276093501,-0.051044088894393));
#1992=CARTESIAN_POINT('',(-0.0655611282319249,0.000441339609426832,-0.0509690975078014));
#1993=CARTESIAN_POINT('',(-0.0662215812395939,0.000374672942760168,-0.0519630528999128));
#1994=CARTESIAN_POINT('',(-0.066882034247263,0.000308006276093502,-0.0529570082920242));
#1995=CARTESIAN_POINT('',(-0.0663514701313005,0.000241339609426835,-0.054025955070727));
#1996=CARTESIAN_POINT('',(-0.0658209060153381,0.000174672942760166,-0.0550949018494299));
#1997=CARTESIAN_POINT('',(-0.0646298888917066,0.000108006276093503,-0.0551698932360215));
#1998=CARTESIAN_POINT('',(-0.0634388717680751,4.13396094268312E-5,-0.055244884622613));
#1999=CARTESIAN_POINT('',(-0.0627784187604061,-2.5327057239833E-5,-0.0542509292305017));
#2000=CARTESIAN_POINT('',(-0.0621179657527371,-9.19937239064998E-5,-0.0532569738383903));
#2001=CARTESIAN_POINT('',(-0.0626485298686995,-0.000158660390573166,-0.0521880270596874));
#2002=CARTESIAN_POINT('',(-0.063179093984662,-0.000225327057239831,-0.0511190802809845));
#2003=CARTESIAN_POINT('',(-0.0643701111082934,-0.000291993723906498,-0.051044088894393));
#2004=CARTESIAN_POINT('',(-0.0655611282319249,-0.000358660390573166,-0.0509690975078014));
#2005=CARTESIAN_POINT('',(-0.0662215812395939,-0.000425327057239831,-0.0519630528999128));
#2006=CARTESIAN_POINT('',(-0.066882034247263,-0.000491993723906501,-0.0529570082920242));
#2007=CARTESIAN_POINT('',(-0.0663514701313005,-0.000558660390573167,-0.054025955070727));
#2008=CARTESIAN_POINT('',(-0.0658209060153381,-0.000625327057239831,-0.0550949018494299));
#2009=CARTESIAN_POINT('',(-0.0646298888917066,-0.000691993723906499,-0.0551698932360215));
#2010=CARTESIAN_POINT('',(-0.0634388717680751,-0.000758660390573167,-0.055244884622613));
#2011=CARTESIAN_POINT('',(-0.0627784187604061,-0.000825327057239832,-0.0542509292305017));
#2012=CARTESIAN_POINT('',(-0.0621179657527371,-0.000891993723906498,-0.0532569738383903));
#2013=CARTESIAN_POINT('',(-0.0626485298686995,-0.000958660390573164,-0.0521880270596874));
#2014=CARTESIAN_POINT('',(-0.063179093984662,-0.00102532705723983,-0.0511190802809845));
#2015=CARTESIAN_POINT('',(-0.0643701111082934,-0.0010919937239065,-0.051044088894393));
#2016=CARTESIAN_POINT('',(-0.0655611282319249,-0.00115866039057317,-0.0509690975078014));
#2017=CARTESIAN_POINT('',(-0.0662215812395939,-0.00122532705723983,-0.0519630528999128));
#2018=CARTESIAN_POINT('',(-0.066882034247263,-0.0012919937239065,-0.0529570082920242));
#2019=CARTESIAN_POINT('',(-0.0663514701313005,-0.00135866039057316,-0.054025955070727));
#2020=CARTESIAN_POINT('',(-0.0658209060153381,-0.00142532705723983,-0.0550949018494299));
#2021=CARTESIAN_POINT('',(-0.0646298888917066,-0.0014919937239065,-0.0551698932360215));
#2022=CARTESIAN_POINT('',(-0.0634388717680751,-0.00155866039057316,-0.055244884622613));
#2023=CARTESIAN_POINT('',(-0.0627784187604061,-0.00162532705723984,-0.0542509292305017));
#2024=CARTESIAN_POINT('',(-0.0621179657527371,-0.0016919937239065,-0.0532569738383903));
#2025=CARTESIAN_POINT('',(-0.0626485298686995,-0.00175866039057316,-0.0521880270596874));
#2026=CARTESIAN_POINT('',(-0.063179093984662,-0.00182532705723984,-0.0511190802809845));
#2027=CARTESIAN_POINT('',(-0.0643701111082934,-0.0018919937239065,-0.051044088894393));
#2028=CARTESIAN_POINT('',(-0.0655611282319249,-0.00195866039057317,-0.0509690975078014));
#2029=CARTESIAN_POINT('',(-0.0662215812395939,-0.00202532705723983,-0.0519630528999128));
#2030=CARTESIAN_POINT('',(-0.066882034247263,-0.0020919937239065,-0.0529570082920242));
#2031=CARTESIAN_POINT('',(-0.0663514701313005,-0.00215866039057317,-0.054025955070727));
#2032=CARTESIAN_POINT('',(-0.0658209060153381,-0.00222532705723983,-0.0550949018494299));
#2033=CARTESIAN_POINT('',(-0.0646298888917066,-0.0022919937239065,-0.0551698932360215));
#2034=CARTESIAN_POINT('',(-0.0634388717680751,-0.00235866039057317,-0.055244884622613));
#2035=CARTESIAN_POINT('',(-0.0627784187604061,-0.00242532705723983,-0.0542509292305017));
#2036=CARTESIAN_POINT('',(-0.0621179657527371,-0.00249199372390649,-0.0532569738383903));
#2037=CARTESIAN_POINT('',(-0.0626485298686995,-0.00255866039057317,-0.0521880270596874));
#2038=CARTESIAN_POINT('',(-0.063179093984662,-0.00262532705723983,-0.0511190802809845));
#2039=CARTESIAN_POINT('',(-0.0643701111082934,-0.0026919937239065,-0.051044088894393));
#2040=CARTESIAN_POINT('',(-0.0655611282319249,-0.00275866039057317,-0.0509690975078014));
#2041=CARTESIAN_POINT('',(-0.0662215812395939,-0.00282532705723984,-0.0519630528999128));
#2042=CARTESIAN_POINT('',(-0.066882034247263,-0.0028919937239065,-0.0529570082920242));
#2043=CARTESIAN_POINT('',(-0.0663514701313005,-0.00295866039057317,-0.054025955070727));
#2044=CARTESIAN_POINT('',(-0.0658209060153381,-0.00302532705723983,-0.0550949018494299));
#2045=CARTESIAN_POINT('',(-0.0646298888917066,-0.0030919937239065,-0.0551698932360215));
#2046=CARTESIAN_POINT('',(-0.0634388717680751,-0.00315866039057317,-0.055244884622613));
#2047=CARTESIAN_POINT('',(-0.0627784187604061,-0.00322532705723983,-0.0542509292305017));
#2048=CARTESIAN_POINT('',(-0.0621179657527371,-0.00329199372390649,-0.0532569738383903));
#2049=CARTESIAN_POINT('',(-0.0626485298686995,-0.00335866039057317,-0.0521880270596874));
#2050=CARTESIAN_POINT('',(-0.063179093984662,-0.00342532705723983,-0.0511190802809845));
#2051=CARTESIAN_POINT('',(-0.0643701111082934,-0.0034919937239065,-0.051044088894393));
#2052=CARTESIAN_POINT('',(-0.0655611282319249,-0.00355866039057317,-0.0509690975078014));
#2053=CARTESIAN_POINT('',(-0.0662215812395939,-0.00362532705723983,-0.0519630528999128));
#2054=CARTESIAN_POINT('',(-0.066882034247263,-0.0036919937239065,-0.0529570082920242));
#2055=CARTESIAN_POINT('',(-0.0663514701313005,-0.00375866039057317,-0.054025955070727));
#2056=CARTESIAN_POINT('',(-0.0658209060153381,-0.00382532705723983,-0.0550949018494299));
#2057=CARTESIAN_POINT('',(-0.0646298888917066,-0.0038919937239065,-0.0551698932360215));
#2058=CARTESIAN_POINT('',(-0.0634388717680751,-0.00395866039057317,-0.055244884622613));
#2059=CARTESIAN_POINT('',(-0.0627784187604061,-0.00402532705723983,-0.0542509292305017));
#2060=CARTESIAN_POINT('',(-0.0621179657527371,-0.0040919937239065,-0.0532569738383903));
#2061=CARTESIAN_POINT('',(-0.0626485298686995,-0.00415866039057316,-0.0521880270596874));
#2062=CARTESIAN_POINT('',(-0.063179093984662,-0.00422532705723983,-0.0511190802809845));
#2063=CARTESIAN_POINT('',(-0.0643701111082934,-0.0042919937239065,-0.051044088894393));
#2064=CARTESIAN_POINT('',(-0.0655611282319249,-0.00435866039057316,-0.0509690975078014));
#2065=CARTESIAN_POINT('',(-0.0662215812395939,-0.00442532705723983,-0.0519630528999128));
#2066=CARTESIAN_POINT('',(-0.066882034247263,-0.0044919937239065,-0.0529570082920242));
#2067=CARTESIAN_POINT('',(-0.0663514701313005,-0.00455866039057317,-0.054025955070727));
#2068=CARTESIAN_POINT('',(-0.0658209060153381,-0.00462532705723984,-0.0550949018494299));
#2069=CARTESIAN_POINT('',(-0.0646298888917066,-0.0046919937239065,-0.0551698932360215));
#2070=CARTESIAN_POINT('',(-0.0634388717680751,-0.00475866039057316,-0.055244884622613));
#2071=CARTESIAN_POINT('',(-0.0627784187604061,-0.00482532705723983,-0.0542509292305017));
#2072=CARTESIAN_POINT('',(-0.0621179657527371,-0.0048919937239065,-0.0532569738383903));
#2073=CARTESIAN_POINT('',(-0.0626485298686995,-0.00495866039057316,-0.0521880270596874));
#2074=CARTESIAN_POINT('',(-0.063179093984662,-0.00502532705723984,-0.0511190802809845));
#2075=CARTESIAN_POINT('',(-0.0643701111082934,-0.0050919937239065,-0.051044088894393));
#2076=CARTESIAN_POINT('',(-0.0655611282319249,-0.00515866039057317,-0.0509690975078014));
#2077=CARTESIAN_POINT('',(-0.0662215812395939,-0.00522532705723983,-0.0519630528999128));
#2078=CARTESIAN_POINT('',(-0.066882034247263,-0.0052919937239065,-0.0529570082920242));
#2079=CARTESIAN_POINT('',(-0.0663514701313005,-0.00535866039057317,-0.054025955070727));
#2080=CARTESIAN_POINT('',(-0.0658209060153381,-0.00542532705723984,-0.0550949018494299));
#2081=CARTESIAN_POINT('',(-0.0646298888917066,-0.0054919937239065,-0.0551698932360215));
#2082=CARTESIAN_POINT('',(-0.0634388717680751,-0.00555866039057316,-0.055244884622613));
#2083=CARTESIAN_POINT('',(-0.0627784187604061,-0.00562532705723983,-0.0542509292305017));
#2084=CARTESIAN_POINT('',(-0.0621179657527371,-0.0056919937239065,-0.0532569738383903));
#2085=CARTESIAN_POINT('',(-0.0626485298686995,-0.00575866039057317,-0.0521880270596874));
#2086=CARTESIAN_POINT('',(-0.063179093984662,-0.00582532705723983,-0.0511190802809845));
#2087=CARTESIAN_POINT('',(-0.0643701111082934,-0.0058919937239065,-0.051044088894393));
#2088=CARTESIAN_POINT('',(-0.0655611282319249,-0.00595866039057317,-0.0509690975078014));
#2089=CARTESIAN_POINT('',(-0.0662215812395939,-0.00602532705723983,-0.0519630528999128));
#2090=CARTESIAN_POINT('',(-0.066882034247263,-0.0060919937239065,-0.0529570082920242));
#2091=CARTESIAN_POINT('',(-0.0663514701313005,-0.00615866039057316,-0.054025955070727));
#2092=CARTESIAN_POINT('',(-0.0658209060153381,-0.00622532705723983,-0.0550949018494299));
#2093=CARTESIAN_POINT('',(-0.0646298888917066,-0.0062919937239065,-0.0551698932360215));
#2094=CARTESIAN_POINT('',(-0.0634388717680751,-0.00635866039057316,-0.055244884622613));
#2095=CARTESIAN_POINT('',(-0.0627784187604061,-0.00642532705723983,-0.0542509292305017));
#2096=CARTESIAN_POINT('',(-0.0621179657527371,-0.0064919937239065,-0.0532569738383903));
#2097=CARTESIAN_POINT('',(-0.0626485298686995,-0.00655866039057317,-0.0521880270596874));
#2098=CARTESIAN_POINT('',(-0.063179093984662,-0.00662532705723983,-0.0511190802809845));
#2099=CARTESIAN_POINT('',(-0.0643701111082934,-0.0066919937239065,-0.051044088894393));
#2100=CARTESIAN_POINT('',(-0.0655611282319249,-0.00675866039057317,-0.0509690975078014));
#2101=CARTESIAN_POINT('',(-0.0662215812395939,-0.00682532705723983,-0.0519630528999128));
#2102=CARTESIAN_POINT('',(-0.066882034247263,-0.00689199372390651,-0.0529570082920242));
#2103=CARTESIAN_POINT('',(-0.0663514701313005,-0.00695866039057317,-0.054025955070727));
#2104=CARTESIAN_POINT('',(-0.0658209060153381,-0.00702532705723983,-0.0550949018494299));
#2105=CARTESIAN_POINT('',(-0.0646298888917066,-0.0070919937239065,-0.0551698932360215));
#2106=CARTESIAN_POINT('',(-0.0634388717680751,-0.00715866039057316,-0.055244884622613));
#2107=CARTESIAN_POINT('',(-0.0627784187604061,-0.00722532705723983,-0.0542509292305017));
#2108=CARTESIAN_POINT('',(-0.0621179657527371,-0.0072919937239065,-0.0532569738383903));
#2109=CARTESIAN_POINT('',(-0.0626485298686995,-0.00735866039057317,-0.0521880270596874));
#2110=CARTESIAN_POINT('',(-0.063179093984662,-0.00742532705723984,-0.0511190802809845));
#2111=CARTESIAN_POINT('',(-0.0643701111082934,-0.0074919937239065,-0.051044088894393));
#2112=CARTESIAN_POINT('',(-0.0655611282319249,-0.00755866039057316,-0.0509690975078014));
#2113=CARTESIAN_POINT('',(-0.0662215812395939,-0.00762532705723984,-0.0519630528999128));
#2114=CARTESIAN_POINT('',(-0.066882034247263,-0.0076919937239065,-0.0529570082920242));
#2115=CARTESIAN_POINT('',(-0.0663514701313005,-0.00775866039057317,-0.054025955070727));
#2116=CARTESIAN_POINT('',(-0.0658209060153381,-0.00782532705723983,-0.0550949018494299));
#2117=CARTESIAN_POINT('',(-0.0646298888917066,-0.0078919937239065,-0.0551698932360215));
#2118=CARTESIAN_POINT('',(-0.0634388717680751,-0.00795866039057316,-0.055244884622613));
#2119=CARTESIAN_POINT('',(-0.0627784187604061,-0.00802532705723983,-0.0542509292305017));
#2120=CARTESIAN_POINT('',(-0.0621179657527371,-0.0080919937239065,-0.0532569738383903));
#2121=CARTESIAN_POINT('',(-0.0626485298686995,-0.00815866039057316,-0.0521880270596874));
#2122=CARTESIAN_POINT('',(-0.063179093984662,-0.00822532705723983,-0.0511190802809845));
#2123=CARTESIAN_POINT('',(-0.0643701111082934,-0.0082919937239065,-0.051044088894393));
#2124=CARTESIAN_POINT('',(-0.0655611282319249,-0.00835866039057316,-0.0509690975078014));
#2125=CARTESIAN_POINT('',(-0.0662215812395939,-0.00842532705723983,-0.0519630528999128));
#2126=CARTESIAN_POINT('',(-0.066882034247263,-0.00849199372390649,-0.0529570082920242));
#2127=CARTESIAN_POINT('',(-0.0663514701313005,-0.00855866039057316,-0.054025955070727));
#2128=CARTESIAN_POINT('',(-0.0658209060153381,-0.00862532705723983,-0.0550949018494299));
#2129=CARTESIAN_POINT('',(-0.0646298888917066,-0.00869199372390649,-0.0551698932360215));
#2130=CARTESIAN_POINT('',(-0.0634388717680751,-0.00875866039057317,-0.055244884622613));
#2131=CARTESIAN_POINT('',(-0.0627784187604061,-0.00882532705723983,-0.0542509292305017));
#2132=CARTESIAN_POINT('',(-0.0621179657527371,-0.0088919937239065,-0.0532569738383903));
#2133=CARTESIAN_POINT('',(-0.0626485298686995,-0.00895866039057316,-0.0521880270596874));
#2134=CARTESIAN_POINT('',(-0.063179093984662,-0.00902532705723983,-0.0511190802809845));
#2135=CARTESIAN_POINT('',(-0.0643701111082934,-0.0090919937239065,-0.051044088894393));
#2136=CARTESIAN_POINT('',(-0.0655611282319249,-0.00915866039057316,-0.0509690975078014));
#2137=CARTESIAN_POINT('',(-0.0662215812395939,-0.00922532705723983,-0.0519630528999128));
#2138=CARTESIAN_POINT('',(-0.066882034247263,-0.00929199372390649,-0.0529570082920242));
#2139=CARTESIAN_POINT('',(-0.0663514701313005,-0.00935866039057316,-0.054025955070727));
#2140=CARTESIAN_POINT('',(-0.0658209060153381,-0.00942532705723983,-0.0550949018494299));
#2141=CARTESIAN_POINT('',(-0.0646298888917066,-0.00949199372390649,-0.0551698932360215));
#2142=CARTESIAN_POINT('',(-0.0634388717680751,-0.00955866039057316,-0.055244884622613));
#2143=CARTESIAN_POINT('',(-0.0627784187604061,-0.00962532705723983,-0.0542509292305017));
#2144=CARTESIAN_POINT('',(-0.0621179657527371,-0.00969199372390649,-0.0532569738383903));
#2145=CARTESIAN_POINT('',(-0.0626485298686995,-0.00975866039057316,-0.0521880270596874));
#2146=CARTESIAN_POINT('',(-0.063179093984662,-0.00982532705723982,-0.0511190802809845));
#2147=CARTESIAN_POINT('',(-0.0643701111082934,-0.0098919937239065,-0.051044088894393));
#2148=CARTESIAN_POINT('',(-0.0655611282319249,-0.00995866039057316,-0.0509690975078014));
#2149=CARTESIAN_POINT('',(-0.0662215812395939,-0.0100253270572398,-0.0519630528999128));
#2150=CARTESIAN_POINT('',(-0.066882034247263,-0.0100919937239065,-0.0529570082920242));
#2151=CARTESIAN_POINT('',(-0.0663514701313005,-0.0101586603905732,-0.054025955070727));
#2152=CARTESIAN_POINT('',(-0.0658209060153381,-0.0102253270572398,-0.0550949018494299));
#2153=CARTESIAN_POINT('',(-0.0646298888917066,-0.0102919937239065,-0.0551698932360215));
#2154=CARTESIAN_POINT('',(-0.0634388717680751,-0.0103586603905732,-0.055244884622613));
#2155=CARTESIAN_POINT('',(-0.0627784187604061,-0.0104253270572398,-0.0542509292305017));
#2156=CARTESIAN_POINT('',(-0.0621179657527371,-0.0104919937239065,-0.0532569738383903));
#2157=CARTESIAN_POINT('',(-0.0626485298686995,-0.0105586603905732,-0.0521880270596874));
#2158=CARTESIAN_POINT('',(-0.063179093984662,-0.0106253270572398,-0.0511190802809845));
#2159=CARTESIAN_POINT('',(-0.0643701111082934,-0.0106919937239065,-0.051044088894393));
#2160=CARTESIAN_POINT('',(-0.0655611282319249,-0.0107586603905732,-0.0509690975078014));
#2161=CARTESIAN_POINT('',(-0.0662215812395939,-0.0108253270572398,-0.0519630528999128));
#2162=CARTESIAN_POINT('',(-0.066882034247263,-0.0108919937239065,-0.0529570082920242));
#2163=CARTESIAN_POINT('',(-0.0663514701313005,-0.0109586603905732,-0.054025955070727));
#2164=CARTESIAN_POINT('',(-0.0658209060153381,-0.0110253270572398,-0.0550949018494299));
#2165=CARTESIAN_POINT('',(-0.0646298888917066,-0.0110919937239065,-0.0551698932360215));
#2166=CARTESIAN_POINT('',(-0.0634388717680751,-0.0111586603905732,-0.055244884622613));
#2167=CARTESIAN_POINT('',(-0.0627784187604061,-0.0112253270572398,-0.0542509292305017));
#2168=CARTESIAN_POINT('',(-0.0621179657527371,-0.0112919937239065,-0.0532569738383903));
#2169=CARTESIAN_POINT('',(-0.0626485298686995,-0.0113586603905732,-0.0521880270596874));
#2170=CARTESIAN_POINT('',(-0.063179093984662,-0.0114253270572398,-0.0511190802809845));
#2171=CARTESIAN_POINT('',(-0.0643701111082934,-0.0114919937239065,-0.051044088894393));
#2172=CARTESIAN_POINT('',(-0.0655611282319249,-0.0115586603905732,-0.0509690975078014));
#2173=CARTESIAN_POINT('',(-0.0662215812395939,-0.0116253270572398,-0.0519630528999128));
#2174=CARTESIAN_POINT('',(-0.066882034247263,-0.0116919937239065,-0.0529570082920242));
#2175=CARTESIAN_POINT('',(-0.0663514701313005,-0.0117586603905732,-0.054025955070727));
#2176=CARTESIAN_POINT('',(-0.0658209060153381,-0.0118253270572398,-0.0550949018494299));
#2177=CARTESIAN_POINT('',(-0.0646298888917066,-0.0118919937239065,-0.0551698932360215));
#2178=CARTESIAN_POINT('',(-0.0634388717680751,-0.0119586603905732,-0.055244884622613));
#2179=CARTESIAN_POINT('',(-0.0627784187604061,-0.0120253270572398,-0.0542509292305017));
#2180=CARTESIAN_POINT('',(-0.0621179657527371,-0.0120919937239065,-0.0532569738383903));
#2181=CARTESIAN_POINT('',(-0.0626485298686995,-0.0121586603905732,-0.0521880270596874));
#2182=CARTESIAN_POINT('',(-0.063179093984662,-0.0122253270572398,-0.0511190802809845));
#2183=CARTESIAN_POINT('',(-0.0643701111082934,-0.0122919937239065,-0.051044088894393));
#2184=CARTESIAN_POINT('',(-0.0655611282319249,-0.0123586603905732,-0.0509690975078014));
#2185=CARTESIAN_POINT('',(-0.0662215812395939,-0.0124253270572398,-0.0519630528999128));
#2186=CARTESIAN_POINT('',(-0.066882034247263,-0.0124919937239065,-0.0529570082920242));
#2187=CARTESIAN_POINT('',(-0.0663514701313005,-0.0125586603905732,-0.054025955070727));
#2188=CARTESIAN_POINT('',(-0.0658209060153381,-0.0126253270572398,-0.0550949018494299));
#2189=CARTESIAN_POINT('',(-0.0646298888917066,-0.0126919937239065,-0.0551698932360215));
#2190=CARTESIAN_POINT('',(-0.0634388717680751,-0.0127586603905732,-0.055244884622613));
#2191=CARTESIAN_POINT('',(-0.0627784187604061,-0.0128253270572398,-0.0542509292305017));
#2192=CARTESIAN_POINT('',(-0.0621179657527371,-0.0128919937239065,-0.0532569738383903));
#2193=CARTESIAN_POINT('',(-0.0626485298686995,-0.0129586603905732,-0.0521880270596874));
#2194=CARTESIAN_POINT('',(-0.063179093984662,-0.0130253270572398,-0.0511190802809845));
#2195=CARTESIAN_POINT('',(-0.0643701111082934,-0.0130919937239065,-0.051044088894393));
#2196=CARTESIAN_POINT('',(-0.0655611282319249,-0.0131586603905732,-0.0509690975078014));
#2197=CARTESIAN_POINT('',(-0.0662215812395939,-0.0132253270572398,-0.0519630528999128));
#2198=CARTESIAN_POINT('',(-0.066882034247263,-0.0132919937239065,-0.0529570082920242));
#2199=CARTESIAN_POINT('',(-0.0663514701313005,-0.0133586603905732,-0.054025955070727));
#2200=CARTESIAN_POINT('',(-0.0658209060153381,-0.0134253270572398,-0.0550949018494299));
#2201=CARTESIAN_POINT('',(-0.0646298888917066,-0.0134919937239065,-0.0551698932360215));
#2202=CARTESIAN_POINT('',(-0.0634388717680751,-0.0135586603905732,-0.055244884622613));
#2203=CARTESIAN_POINT('',(-0.0627784187604061,-0.0136253270572398,-0.0542509292305017));
#2204=CARTESIAN_POINT('',(-0.0621179657527371,-0.0136919937239065,-0.0532569738383903));
#2205=CARTESIAN_POINT('',(-0.0626485298686995,-0.0137586603905732,-0.0521880270596874));
#2206=CARTESIAN_POINT('',(-0.063179093984662,-0.0138253270572398,-0.0511190802809845));
#2207=CARTESIAN_POINT('',(-0.0643701111082934,-0.0138919937239065,-0.051044088894393));
#2208=CARTESIAN_POINT('',(-0.0655611282319249,-0.0139586603905731,-0.0509690975078014));
#2209=CARTESIAN_POINT('',(-0.0662215812395939,-0.0140253270572398,-0.0519630528999128));
#2210=CARTESIAN_POINT('',(-0.066882034247263,-0.0140919937239065,-0.0529570082920242));
#2211=CARTESIAN_POINT('',(-0.0663514701313005,-0.0141586603905732,-0.054025955070727));
#2212=CARTESIAN_POINT('',(-0.0658209060153381,-0.0142253270572398,-0.0550949018494299));
#2213=CARTESIAN_POINT('',(-0.0646298888917066,-0.0142919937239065,-0.0551698932360215));
#2214=CARTESIAN_POINT('',(-0.0634388717680751,-0.0143586603905731,-0.055244884622613));
#2215=CARTESIAN_POINT('',(-0.0627784187604061,-0.0144253270572398,-0.0542509292305017));
#2216=CARTESIAN_POINT('',(-0.0621179657527371,-0.0144919937239065,-0.0532569738383903));
#2217=CARTESIAN_POINT('',(-0.0626485298686995,-0.0145586603905732,-0.0521880270596874));
#2218=CARTESIAN_POINT('',(-0.063179093984662,-0.0146253270572398,-0.0511190802809845));
#2219=CARTESIAN_POINT('',(-0.0643701111082934,-0.0146919937239065,-0.051044088894393));
#2220=CARTESIAN_POINT('',(-0.0655611282319249,-0.0147586603905732,-0.0509690975078014));
#2221=CARTESIAN_POINT('',(-0.0662215812395939,-0.0148253270572398,-0.0519630528999128));
#2222=CARTESIAN_POINT('',(-0.066882034247263,-0.0148919937239065,-0.0529570082920242));
#2223=CARTESIAN_POINT('',(-0.0663514701313005,-0.0149586603905732,-0.054025955070727));
#2224=CARTESIAN_POINT('',(-0.0658209060153381,-0.0150253270572398,-0.0550949018494299));
#2225=CARTESIAN_POINT('',(-0.0646298888917066,-0.0150919937239065,-0.0551698932360215));
#2226=CARTESIAN_POINT('',(-0.0634388717680751,-0.0151586603905732,-0.055244884622613));
#2227=CARTESIAN_POINT('',(-0.0627784187604061,-0.0152253270572398,-0.0542509292305017));
#2228=CARTESIAN_POINT('',(-0.0621179657527371,-0.0152919937239065,-0.0532569738383903));
#2229=CARTESIAN_POINT('',(-0.0626485298686995,-0.0153586603905731,-0.0521880270596874));
#2230=CARTESIAN_POINT('',(-0.063179093984662,-0.0154253270572398,-0.0511190802809845));
#2231=CARTESIAN_POINT('',(-0.0643701111082934,-0.0154919937239065,-0.051044088894393));
#2232=CARTESIAN_POINT('',(-0.0655611282319249,-0.0155586603905732,-0.0509690975078014));
#2233=CARTESIAN_POINT('',(-0.0662215812395939,-0.0156253270572398,-0.0519630528999128));
#2234=CARTESIAN_POINT('',(-0.066882034247263,-0.0156919937239065,-0.0529570082920242));
#2235=CARTESIAN_POINT('',(-0.0663514701313005,-0.0157586603905731,-0.054025955070727));
#2236=CARTESIAN_POINT('',(-0.0658209060153381,-0.0158253270572398,-0.0550949018494299));
#2237=CARTESIAN_POINT('',(-0.0646298888917066,-0.0158919937239065,-0.0551698932360215));
#2238=CARTESIAN_POINT('',(-0.0634388717680751,-0.0159586603905732,-0.055244884622613));
#2239=CARTESIAN_POINT('',(-0.0627784187604061,-0.0160253270572399,-0.0542509292305017));
#2240=CARTESIAN_POINT('',(-0.0621179657527371,-0.0160919937239065,-0.0532569738383903));
#2241=CARTESIAN_POINT('',(-0.0626485298686995,-0.0161586603905731,-0.0521880270596874));
#2242=CARTESIAN_POINT('',(-0.063179093984662,-0.0162253270572398,-0.0511190802809845));
#2243=CARTESIAN_POINT('',(-0.0643701111082934,-0.0162919937239065,-0.051044088894393));
#2244=CARTESIAN_POINT('',(-0.0655611282319249,-0.0163586603905732,-0.0509690975078014));
#2245=CARTESIAN_POINT('',(-0.0662215812395939,-0.0164253270572399,-0.0519630528999128));
#2246=CARTESIAN_POINT('',(-0.066882034247263,-0.0164919937239065,-0.0529570082920242));
#2247=CARTESIAN_POINT('',(-0.0663514701313005,-0.0165586603905731,-0.054025955070727));
#2248=CARTESIAN_POINT('',(-0.0658209060153381,-0.0166253270572398,-0.0550949018494299));
#2249=CARTESIAN_POINT('',(-0.0646298888917066,-0.0166919937239065,-0.0551698932360215));
#2250=CARTESIAN_POINT('',(-0.0634388717680751,-0.0167586603905732,-0.055244884622613));
#2251=CARTESIAN_POINT('',(-0.0627784187604061,-0.0168253270572399,-0.0542509292305017));
#2252=CARTESIAN_POINT('',(-0.0621179657527371,-0.0168919937239065,-0.0532569738383903));
#2253=CARTESIAN_POINT('',(-0.0626485298686995,-0.0169586603905732,-0.0521880270596874));
#2254=CARTESIAN_POINT('',(-0.063179093984662,-0.0170253270572398,-0.0511190802809845));
#2255=CARTESIAN_POINT('',(-0.0643701111082934,-0.0170919937239065,-0.051044088894393));
#2256=CARTESIAN_POINT('',(-0.0655611282319249,-0.0171586603905732,-0.0509690975078014));
#2257=CARTESIAN_POINT('',(-0.0662215812395939,-0.0172253270572399,-0.0519630528999128));
#2258=CARTESIAN_POINT('',(-0.066882034247263,-0.0172919937239065,-0.0529570082920242));
#2259=CARTESIAN_POINT('',(-0.0663514701313005,-0.0173586603905731,-0.054025955070727));
#2260=CARTESIAN_POINT('',(-0.0658209060153381,-0.0174253270572399,-0.0550949018494299));
#2261=CARTESIAN_POINT('',(-0.0646298888917066,-0.0174919937239065,-0.0551698932360215));
#2262=CARTESIAN_POINT('',(-0.0634388717680751,-0.0175586603905732,-0.055244884622613));
#2263=CARTESIAN_POINT('',(-0.0627784187604061,-0.0176253270572399,-0.0542509292305017));
#2264=CARTESIAN_POINT('',(-0.0621179657527371,-0.0176919937239065,-0.0532569738383903));
#2265=CARTESIAN_POINT('',(-0.0626485298686995,-0.0177586603905731,-0.0521880270596874));
#2266=CARTESIAN_POINT('',(-0.063179093984662,-0.0178253270572398,-0.0511190802809845));
#2267=CARTESIAN_POINT('',(-0.0643701111082934,-0.0178919937239065,-0.051044088894393));
#2268=CARTESIAN_POINT('',(-0.0655611282319249,-0.0179586603905732,-0.0509690975078014));
#2269=CARTESIAN_POINT('',(-0.0662215812395939,-0.0180253270572399,-0.0519630528999128));
#2270=CARTESIAN_POINT('',(-0.066882034247263,-0.0180919937239065,-0.0529570082920242));
#2271=CARTESIAN_POINT('',(-0.0663514701313005,-0.0181586603905732,-0.054025955070727));
#2272=CARTESIAN_POINT('',(-0.0658209060153381,-0.0182253270572399,-0.0550949018494299));
#2273=CARTESIAN_POINT('',(-0.0646298888917066,-0.0182919937239065,-0.0551698932360215));
#2274=CARTESIAN_POINT('',(-0.0634388717680751,-0.0183586603905732,-0.055244884622613));
#2275=CARTESIAN_POINT('',(-0.0627784187604061,-0.0184253270572399,-0.0542509292305017));
#2276=CARTESIAN_POINT('',(-0.0621179657527371,-0.0184919937239065,-0.0532569738383903));
#2277=CARTESIAN_POINT('',(-0.0626485298686995,-0.0185586603905731,-0.0521880270596874));
#2278=CARTESIAN_POINT('',(-0.063179093984662,-0.0186253270572398,-0.0511190802809845));
#2279=CARTESIAN_POINT('',(-0.0643701111082934,-0.0186919937239065,-0.051044088894393));
#2280=CARTESIAN_POINT('',(-0.0655611282319249,-0.0187586603905732,-0.0509690975078014));
#2281=CARTESIAN_POINT('',(-0.0662215812395939,-0.0188253270572399,-0.0519630528999128));
#2282=CARTESIAN_POINT('',(-0.066882034247263,-0.0188919937239065,-0.0529570082920242));
#2283=CARTESIAN_POINT('',(-0.0663514701313005,-0.0189586603905731,-0.054025955070727));
#2284=CARTESIAN_POINT('',(-0.0658209060153381,-0.0190253270572398,-0.0550949018494299));
#2285=CARTESIAN_POINT('',(-0.0646298888917066,-0.0190919937239065,-0.0551698932360215));
#2286=CARTESIAN_POINT('',(-0.0634388717680751,-0.0191586603905732,-0.055244884622613));
#2287=CARTESIAN_POINT('',(-0.0627784187604061,-0.0192253270572399,-0.0542509292305017));
#2288=CARTESIAN_POINT('',(-0.0621179657527371,-0.0192919937239065,-0.0532569738383903));
#2289=CARTESIAN_POINT('',(-0.0626485298686995,-0.0193586603905731,-0.0521880270596874));
#2290=CARTESIAN_POINT('',(-0.063179093984662,-0.0194253270572398,-0.0511190802809845));
#2291=CARTESIAN_POINT('',(-0.0643701111082934,-0.0194919937239065,-0.051044088894393));
#2292=CARTESIAN_POINT('',(-0.0655611282319249,-0.0195586603905732,-0.0509690975078014));
#2293=CARTESIAN_POINT('',(-0.0662215812395939,-0.0196253270572398,-0.0519630528999128));
#2294=CARTESIAN_POINT('',(-0.066882034247263,-0.0196919937239065,-0.0529570082920242));
#2295=CARTESIAN_POINT('',(-0.0663514701313005,-0.0197586603905731,-0.054025955070727));
#2296=CARTESIAN_POINT('',(-0.0658209060153381,-0.0198253270572398,-0.0550949018494299));
#2297=CARTESIAN_POINT('',(-0.0646298888917066,-0.0198919937239065,-0.0551698932360215));
#2298=CARTESIAN_POINT('',(-0.0634388717680751,-0.0199586603905731,-0.055244884622613));
#2299=CARTESIAN_POINT('',(-0.0627784187604061,-0.0200253270572399,-0.0542509292305017));
#2300=CARTESIAN_POINT('',(-0.0621179657527371,-0.0200919937239065,-0.0532569738383903));
#2301=CARTESIAN_POINT('',(-0.0626485298686995,-0.0201586603905731,-0.0521880270596874));
#2302=CARTESIAN_POINT('',(-0.063179093984662,-0.0202253270572398,-0.0511190802809845));
#2303=CARTESIAN_POINT('',(-0.0643701111082934,-0.0202919937239065,-0.051044088894393));
#2304=CARTESIAN_POINT('',(-0.0655611282319249,-0.0203586603905732,-0.0509690975078014));
#2305=CARTESIAN_POINT('',(-0.0662215812395939,-0.0204253270572399,-0.0519630528999128));
#2306=CARTESIAN_POINT('',(-0.066882034247263,-0.0204919937239065,-0.0529570082920242));
#2307=CARTESIAN_POINT('',(-0.0663514701313005,-0.0205586603905731,-0.054025955070727));
#2308=CARTESIAN_POINT('',(-0.0658209060153381,-0.0206253270572398,-0.0550949018494299));
#2309=CARTESIAN_POINT('',(-0.0646298888917066,-0.0206919937239065,-0.0551698932360215));
#2310=CARTESIAN_POINT('',(-0.0634388717680751,-0.0207586603905731,-0.055244884622613));
#2311=CARTESIAN_POINT('',(-0.0627784187604061,-0.0208253270572398,-0.0542509292305017));
#2312=CARTESIAN_POINT('',(-0.0621179657527371,-0.0208919937239065,-0.0532569738383903));
#2313=CARTESIAN_POINT('',(-0.0626485298686995,-0.0209586603905732,-0.0521880270596874));
#2314=CARTESIAN_POINT('',(-0.063179093984662,-0.0210253270572398,-0.0511190802809845));
#2315=CARTESIAN_POINT('',(-0.0643701111082934,-0.0210919937239065,-0.051044088894393));
#2316=CARTESIAN_POINT('',(-0.0655611282319249,-0.0211586603905732,-0.0509690975078014));
#2317=CARTESIAN_POINT('',(-0.0662215812395939,-0.0212253270572399,-0.0519630528999128));
#2318=CARTESIAN_POINT('',(-0.066882034247263,-0.0212919937239065,-0.0529570082920242));
#2319=CARTESIAN_POINT('',(-0.0663514701313005,-0.0213586603905731,-0.054025955070727));
#2320=CARTESIAN_POINT('',(-0.0658209060153381,-0.0214253270572398,-0.0550949018494299));
#2321=CARTESIAN_POINT('',(-0.0646298888917066,-0.0214919937239065,-0.0551698932360215));
#2322=CARTESIAN_POINT('',(-0.0634388717680751,-0.0215586603905732,-0.055244884622613));
#2323=CARTESIAN_POINT('',(-0.0627784187604061,-0.0216253270572398,-0.0542509292305017));
#2324=CARTESIAN_POINT('',(-0.0621179657527371,-0.0216919937239065,-0.0532569738383903));
#2325=CARTESIAN_POINT('',(-0.0626485298686995,-0.0217586603905731,-0.0521880270596874));
#2326=CARTESIAN_POINT('',(-0.063179093984662,-0.0218253270572398,-0.0511190802809845));
#2327=CARTESIAN_POINT('',(-0.0643701111082934,-0.0218919937239065,-0.051044088894393));
#2328=CARTESIAN_POINT('',(-0.0655611282319249,-0.0219586603905732,-0.0509690975078014));
#2329=CARTESIAN_POINT('',(-0.0662215812395939,-0.0220253270572398,-0.0519630528999128));
#2330=CARTESIAN_POINT('',(-0.066882034247263,-0.0220919937239065,-0.0529570082920242));
#2331=CARTESIAN_POINT('',(-0.0663514701313005,-0.0221586603905732,-0.054025955070727));
#2332=CARTESIAN_POINT('',(-0.0658209060153381,-0.0222253270572398,-0.0550949018494299));
#2333=CARTESIAN_POINT('',(-0.0646298888917066,-0.0222919937239065,-0.0551698932360215));
#2334=CARTESIAN_POINT('',(-0.0634388717680751,-0.0223586603905731,-0.055244884622613));
#2335=CARTESIAN_POINT('',(-0.0627784187604061,-0.0224253270572398,-0.0542509292305017));
#2336=CARTESIAN_POINT('',(-0.0621179657527371,-0.0224919937239065,-0.0532569738383903));
#2337=CARTESIAN_POINT('',(-0.0626485298686995,-0.0225586603905731,-0.0521880270596874));
#2338=CARTESIAN_POINT('',(-0.063179093984662,-0.0226253270572398,-0.0511190802809845));
#2339=CARTESIAN_POINT('',(-0.0643701111082934,-0.0226919937239065,-0.051044088894393));
#2340=CARTESIAN_POINT('',(-0.0655611282319249,-0.0227586603905732,-0.0509690975078014));
#2341=CARTESIAN_POINT('',(-0.0662215812395939,-0.0228253270572398,-0.0519630528999128));
#2342=CARTESIAN_POINT('',(-0.066882034247263,-0.0228919937239065,-0.0529570082920242));
#2343=CARTESIAN_POINT('',(-0.0663514701313005,-0.0229586603905731,-0.054025955070727));
#2344=CARTESIAN_POINT('',(-0.0658209060153381,-0.0230253270572398,-0.0550949018494299));
#2345=CARTESIAN_POINT('',(-0.0646298888917066,-0.0230919937239065,-0.0551698932360215));
#2346=CARTESIAN_POINT('',(-0.0634388717680751,-0.0231586603905731,-0.055244884622613));
#2347=CARTESIAN_POINT('',(-0.0627784187604061,-0.0232253270572398,-0.0542509292305017));
#2348=CARTESIAN_POINT('',(-0.0621179657527371,-0.0232919937239065,-0.0532569738383903));
#2349=CARTESIAN_POINT('',(-0.0626485298686995,-0.0233586603905732,-0.0521880270596874));
#2350=CARTESIAN_POINT('',(-0.063179093984662,-0.0234253270572398,-0.0511190802809845));
#2351=CARTESIAN_POINT('',(-0.0643701111082934,-0.0234919937239065,-0.051044088894393));
#2352=CARTESIAN_POINT('',(-0.0655611282319249,-0.0235586603905732,-0.0509690975078014));
#2353=CARTESIAN_POINT('',(-0.0662215812395939,-0.0236253270572398,-0.0519630528999128));
#2354=CARTESIAN_POINT('',(-0.0664880012783857,-0.0236522197138153,-0.0523640044150829));
#2355=CARTESIAN_POINT('',(-0.0665498544109397,-0.023683205147534,-0.052841409845069));
#2356=CARTESIAN_POINT('',(-0.0643429007137278,0.0234580062760935,-0.0506119319848941));
#2357=CARTESIAN_POINT('',(-0.0657834237453906,0.0233913396094268,-0.0505212306696754));
#2358=CARTESIAN_POINT('',(-0.0665822349043581,0.0233246729427601,-0.0517234095522225));
#2359=CARTESIAN_POINT('',(-0.0673810460633256,0.0232580062760935,-0.0529255884347696));
#2360=CARTESIAN_POINT('',(-0.0667393341906303,0.0231913396094269,-0.0542184686325356));
#2361=CARTESIAN_POINT('',(-0.066097622317935,0.0231246729427602,-0.0555113488303015));
#2362=CARTESIAN_POINT('',(-0.0646570992862722,0.0230580062760935,-0.0556020501455203));
#2363=CARTESIAN_POINT('',(-0.0632165762546094,0.0229913396094268,-0.0556927514607391));
#2364=CARTESIAN_POINT('',(-0.062417765095642,0.0229246729427602,-0.0544905725781919));
#2365=CARTESIAN_POINT('',(-0.0616189539366744,0.0228580062760935,-0.0532883936956448));
#2366=CARTESIAN_POINT('',(-0.0622606658093697,0.0227913396094268,-0.0519955134978788));
#2367=CARTESIAN_POINT('',(-0.062902377682065,0.0227246729427602,-0.0507026333001129));
#2368=CARTESIAN_POINT('',(-0.0643429007137278,0.0226580062760935,-0.0506119319848941));
#2369=CARTESIAN_POINT('',(-0.0657834237453906,0.0225913396094268,-0.0505212306696754));
#2370=CARTESIAN_POINT('',(-0.0665822349043581,0.0225246729427602,-0.0517234095522225));
#2371=CARTESIAN_POINT('',(-0.0673810460633256,0.0224580062760935,-0.0529255884347696));
#2372=CARTESIAN_POINT('',(-0.0667393341906303,0.0223913396094269,-0.0542184686325356));
#2373=CARTESIAN_POINT('',(-0.066097622317935,0.0223246729427602,-0.0555113488303015));
#2374=CARTESIAN_POINT('',(-0.0646570992862722,0.0222580062760935,-0.0556020501455203));
#2375=CARTESIAN_POINT('',(-0.0632165762546094,0.0221913396094269,-0.0556927514607391));
#2376=CARTESIAN_POINT('',(-0.062417765095642,0.0221246729427601,-0.0544905725781919));
#2377=CARTESIAN_POINT('',(-0.0616189539366744,0.0220580062760935,-0.0532883936956448));
#2378=CARTESIAN_POINT('',(-0.0622606658093697,0.0219913396094269,-0.0519955134978788));
#2379=CARTESIAN_POINT('',(-0.062902377682065,0.0219246729427602,-0.0507026333001129));
#2380=CARTESIAN_POINT('',(-0.0643429007137278,0.0218580062760935,-0.0506119319848941));
#2381=CARTESIAN_POINT('',(-0.0657834237453906,0.0217913396094268,-0.0505212306696754));
#2382=CARTESIAN_POINT('',(-0.0665822349043581,0.0217246729427601,-0.0517234095522225));
#2383=CARTESIAN_POINT('',(-0.0673810460633256,0.0216580062760935,-0.0529255884347696));
#2384=CARTESIAN_POINT('',(-0.0667393341906303,0.0215913396094269,-0.0542184686325356));
#2385=CARTESIAN_POINT('',(-0.066097622317935,0.0215246729427602,-0.0555113488303015));
#2386=CARTESIAN_POINT('',(-0.0646570992862722,0.0214580062760935,-0.0556020501455203));
#2387=CARTESIAN_POINT('',(-0.0632165762546094,0.0213913396094269,-0.0556927514607391));
#2388=CARTESIAN_POINT('',(-0.062417765095642,0.0213246729427602,-0.0544905725781919));
#2389=CARTESIAN_POINT('',(-0.0616189539366744,0.0212580062760935,-0.0532883936956448));
#2390=CARTESIAN_POINT('',(-0.0622606658093697,0.0211913396094269,-0.0519955134978788));
#2391=CARTESIAN_POINT('',(-0.062902377682065,0.0211246729427602,-0.0507026333001129));
#2392=CARTESIAN_POINT('',(-0.0643429007137278,0.0210580062760935,-0.0506119319848941));
#2393=CARTESIAN_POINT('',(-0.0657834237453906,0.0209913396094268,-0.0505212306696754));
#2394=CARTESIAN_POINT('',(-0.0665822349043581,0.0209246729427601,-0.0517234095522225));
#2395=CARTESIAN_POINT('',(-0.0673810460633256,0.0208580062760935,-0.0529255884347696));
#2396=CARTESIAN_POINT('',(-0.0667393341906303,0.0207913396094269,-0.0542184686325356));
#2397=CARTESIAN_POINT('',(-0.066097622317935,0.0207246729427602,-0.0555113488303015));
#2398=CARTESIAN_POINT('',(-0.0646570992862722,0.0206580062760935,-0.0556020501455203));
#2399=CARTESIAN_POINT('',(-0.0632165762546094,0.0205913396094269,-0.0556927514607391));
#2400=CARTESIAN_POINT('',(-0.062417765095642,0.0205246729427601,-0.0544905725781919));
#2401=CARTESIAN_POINT('',(-0.0616189539366744,0.0204580062760935,-0.0532883936956448));
#2402=CARTESIAN_POINT('',(-0.0622606658093697,0.0203913396094269,-0.0519955134978788));
#2403=CARTESIAN_POINT('',(-0.062902377682065,0.0203246729427602,-0.0507026333001129));
#2404=CARTESIAN_POINT('',(-0.0643429007137278,0.0202580062760935,-0.0506119319848941));
#2405=CARTESIAN_POINT('',(-0.0657834237453906,0.0201913396094268,-0.0505212306696754));
#2406=CARTESIAN_POINT('',(-0.0665822349043581,0.0201246729427602,-0.0517234095522225));
#2407=CARTESIAN_POINT('',(-0.0673810460633256,0.0200580062760935,-0.0529255884347696));
#2408=CARTESIAN_POINT('',(-0.0667393341906303,0.0199913396094269,-0.0542184686325356));
#2409=CARTESIAN_POINT('',(-0.066097622317935,0.0199246729427602,-0.0555113488303015));
#2410=CARTESIAN_POINT('',(-0.0646570992862722,0.0198580062760935,-0.0556020501455203));
#2411=CARTESIAN_POINT('',(-0.0632165762546094,0.0197913396094269,-0.0556927514607391));
#2412=CARTESIAN_POINT('',(-0.062417765095642,0.0197246729427601,-0.0544905725781919));
#2413=CARTESIAN_POINT('',(-0.0616189539366744,0.0196580062760935,-0.0532883936956448));
#2414=CARTESIAN_POINT('',(-0.0622606658093697,0.0195913396094269,-0.0519955134978788));
#2415=CARTESIAN_POINT('',(-0.062902377682065,0.0195246729427602,-0.0507026333001129));
#2416=CARTESIAN_POINT('',(-0.0643429007137278,0.0194580062760935,-0.0506119319848941));
#2417=CARTESIAN_POINT('',(-0.0657834237453906,0.0193913396094268,-0.0505212306696754));
#2418=CARTESIAN_POINT('',(-0.0665822349043581,0.0193246729427601,-0.0517234095522225));
#2419=CARTESIAN_POINT('',(-0.0673810460633256,0.0192580062760935,-0.0529255884347696));
#2420=CARTESIAN_POINT('',(-0.0667393341906303,0.0191913396094269,-0.0542184686325356));
#2421=CARTESIAN_POINT('',(-0.066097622317935,0.0191246729427602,-0.0555113488303015));
#2422=CARTESIAN_POINT('',(-0.0646570992862722,0.0190580062760935,-0.0556020501455203));
#2423=CARTESIAN_POINT('',(-0.0632165762546094,0.0189913396094269,-0.0556927514607391));
#2424=CARTESIAN_POINT('',(-0.062417765095642,0.0189246729427602,-0.0544905725781919));
#2425=CARTESIAN_POINT('',(-0.0616189539366744,0.0188580062760935,-0.0532883936956448));
#2426=CARTESIAN_POINT('',(-0.0622606658093697,0.0187913396094269,-0.0519955134978788));
#2427=CARTESIAN_POINT('',(-0.062902377682065,0.0187246729427602,-0.0507026333001129));
#2428=CARTESIAN_POINT('',(-0.0643429007137278,0.0186580062760935,-0.0506119319848941));
#2429=CARTESIAN_POINT('',(-0.0657834237453906,0.0185913396094268,-0.0505212306696754));
#2430=CARTESIAN_POINT('',(-0.0665822349043581,0.0185246729427602,-0.0517234095522225));
#2431=CARTESIAN_POINT('',(-0.0673810460633256,0.0184580062760935,-0.0529255884347696));
#2432=CARTESIAN_POINT('',(-0.0667393341906303,0.0183913396094269,-0.0542184686325356));
#2433=CARTESIAN_POINT('',(-0.066097622317935,0.0183246729427602,-0.0555113488303015));
#2434=CARTESIAN_POINT('',(-0.0646570992862722,0.0182580062760935,-0.0556020501455203));
#2435=CARTESIAN_POINT('',(-0.0632165762546094,0.0181913396094269,-0.0556927514607391));
#2436=CARTESIAN_POINT('',(-0.062417765095642,0.0181246729427601,-0.0544905725781919));
#2437=CARTESIAN_POINT('',(-0.0616189539366744,0.0180580062760935,-0.0532883936956448));
#2438=CARTESIAN_POINT('',(-0.0622606658093697,0.0179913396094269,-0.0519955134978788));
#2439=CARTESIAN_POINT('',(-0.062902377682065,0.0179246729427602,-0.0507026333001129));
#2440=CARTESIAN_POINT('',(-0.0643429007137278,0.0178580062760935,-0.0506119319848941));
#2441=CARTESIAN_POINT('',(-0.0657834237453906,0.0177913396094268,-0.0505212306696754));
#2442=CARTESIAN_POINT('',(-0.0665822349043581,0.0177246729427601,-0.0517234095522225));
#2443=CARTESIAN_POINT('',(-0.0673810460633256,0.0176580062760935,-0.0529255884347696));
#2444=CARTESIAN_POINT('',(-0.0667393341906303,0.0175913396094269,-0.0542184686325356));
#2445=CARTESIAN_POINT('',(-0.066097622317935,0.0175246729427602,-0.0555113488303015));
#2446=CARTESIAN_POINT('',(-0.0646570992862722,0.0174580062760935,-0.0556020501455203));
#2447=CARTESIAN_POINT('',(-0.0632165762546094,0.0173913396094269,-0.0556927514607391));
#2448=CARTESIAN_POINT('',(-0.062417765095642,0.0173246729427602,-0.0544905725781919));
#2449=CARTESIAN_POINT('',(-0.0616189539366744,0.0172580062760935,-0.0532883936956448));
#2450=CARTESIAN_POINT('',(-0.0622606658093697,0.0171913396094269,-0.0519955134978788));
#2451=CARTESIAN_POINT('',(-0.062902377682065,0.0171246729427602,-0.0507026333001129));
#2452=CARTESIAN_POINT('',(-0.0643429007137278,0.0170580062760935,-0.0506119319848941));
#2453=CARTESIAN_POINT('',(-0.0657834237453906,0.0169913396094268,-0.0505212306696754));
#2454=CARTESIAN_POINT('',(-0.0665822349043581,0.0169246729427601,-0.0517234095522225));
#2455=CARTESIAN_POINT('',(-0.0673810460633256,0.0168580062760935,-0.0529255884347696));
#2456=CARTESIAN_POINT('',(-0.0667393341906303,0.0167913396094269,-0.0542184686325356));
#2457=CARTESIAN_POINT('',(-0.066097622317935,0.0167246729427602,-0.0555113488303015));
#2458=CARTESIAN_POINT('',(-0.0646570992862722,0.0166580062760935,-0.0556020501455203));
#2459=CARTESIAN_POINT('',(-0.0632165762546094,0.0165913396094268,-0.0556927514607391));
#2460=CARTESIAN_POINT('',(-0.062417765095642,0.0165246729427601,-0.0544905725781919));
#2461=CARTESIAN_POINT('',(-0.0616189539366744,0.0164580062760935,-0.0532883936956448));
#2462=CARTESIAN_POINT('',(-0.0622606658093697,0.0163913396094269,-0.0519955134978788));
#2463=CARTESIAN_POINT('',(-0.062902377682065,0.0163246729427602,-0.0507026333001129));
#2464=CARTESIAN_POINT('',(-0.0643429007137278,0.0162580062760935,-0.0506119319848941));
#2465=CARTESIAN_POINT('',(-0.0657834237453906,0.0161913396094268,-0.0505212306696754));
#2466=CARTESIAN_POINT('',(-0.0665822349043581,0.0161246729427602,-0.0517234095522225));
#2467=CARTESIAN_POINT('',(-0.0673810460633256,0.0160580062760935,-0.0529255884347696));
#2468=CARTESIAN_POINT('',(-0.0667393341906303,0.0159913396094269,-0.0542184686325356));
#2469=CARTESIAN_POINT('',(-0.066097622317935,0.0159246729427602,-0.0555113488303015));
#2470=CARTESIAN_POINT('',(-0.0646570992862722,0.0158580062760935,-0.0556020501455203));
#2471=CARTESIAN_POINT('',(-0.0632165762546094,0.0157913396094268,-0.0556927514607391));
#2472=CARTESIAN_POINT('',(-0.062417765095642,0.0157246729427601,-0.0544905725781919));
#2473=CARTESIAN_POINT('',(-0.0616189539366744,0.0156580062760935,-0.0532883936956448));
#2474=CARTESIAN_POINT('',(-0.0622606658093697,0.0155913396094269,-0.0519955134978788));
#2475=CARTESIAN_POINT('',(-0.062902377682065,0.0155246729427602,-0.0507026333001129));
#2476=CARTESIAN_POINT('',(-0.0643429007137278,0.0154580062760935,-0.0506119319848941));
#2477=CARTESIAN_POINT('',(-0.0657834237453906,0.0153913396094268,-0.0505212306696754));
#2478=CARTESIAN_POINT('',(-0.0665822349043581,0.0153246729427602,-0.0517234095522225));
#2479=CARTESIAN_POINT('',(-0.0673810460633256,0.0152580062760935,-0.0529255884347696));
#2480=CARTESIAN_POINT('',(-0.0667393341906303,0.0151913396094268,-0.0542184686325356));
#2481=CARTESIAN_POINT('',(-0.066097622317935,0.0151246729427602,-0.0555113488303015));
#2482=CARTESIAN_POINT('',(-0.0646570992862722,0.0150580062760935,-0.0556020501455203));
#2483=CARTESIAN_POINT('',(-0.0632165762546094,0.0149913396094268,-0.0556927514607391));
#2484=CARTESIAN_POINT('',(-0.062417765095642,0.0149246729427602,-0.0544905725781919));
#2485=CARTESIAN_POINT('',(-0.0616189539366744,0.0148580062760935,-0.0532883936956448));
#2486=CARTESIAN_POINT('',(-0.0622606658093697,0.0147913396094268,-0.0519955134978788));
#2487=CARTESIAN_POINT('',(-0.062902377682065,0.0147246729427602,-0.0507026333001129));
#2488=CARTESIAN_POINT('',(-0.0643429007137278,0.0146580062760935,-0.0506119319848941));
#2489=CARTESIAN_POINT('',(-0.0657834237453906,0.0145913396094268,-0.0505212306696754));
#2490=CARTESIAN_POINT('',(-0.0665822349043581,0.0145246729427602,-0.0517234095522225));
#2491=CARTESIAN_POINT('',(-0.0673810460633256,0.0144580062760935,-0.0529255884347696));
#2492=CARTESIAN_POINT('',(-0.0667393341906303,0.0143913396094268,-0.0542184686325356));
#2493=CARTESIAN_POINT('',(-0.066097622317935,0.0143246729427602,-0.0555113488303015));
#2494=CARTESIAN_POINT('',(-0.0646570992862722,0.0142580062760935,-0.0556020501455203));
#2495=CARTESIAN_POINT('',(-0.0632165762546094,0.0141913396094268,-0.0556927514607391));
#2496=CARTESIAN_POINT('',(-0.062417765095642,0.0141246729427602,-0.0544905725781919));
#2497=CARTESIAN_POINT('',(-0.0616189539366744,0.0140580062760935,-0.0532883936956448));
#2498=CARTESIAN_POINT('',(-0.0622606658093697,0.0139913396094268,-0.0519955134978788));
#2499=CARTESIAN_POINT('',(-0.062902377682065,0.0139246729427602,-0.0507026333001129));
#2500=CARTESIAN_POINT('',(-0.0643429007137278,0.0138580062760935,-0.0506119319848941));
#2501=CARTESIAN_POINT('',(-0.0657834237453906,0.0137913396094268,-0.0505212306696754));
#2502=CARTESIAN_POINT('',(-0.0665822349043581,0.0137246729427602,-0.0517234095522225));
#2503=CARTESIAN_POINT('',(-0.0673810460633256,0.0136580062760935,-0.0529255884347696));
#2504=CARTESIAN_POINT('',(-0.0667393341906303,0.0135913396094268,-0.0542184686325356));
#2505=CARTESIAN_POINT('',(-0.066097622317935,0.0135246729427602,-0.0555113488303015));
#2506=CARTESIAN_POINT('',(-0.0646570992862722,0.0134580062760935,-0.0556020501455203));
#2507=CARTESIAN_POINT('',(-0.0632165762546094,0.0133913396094268,-0.0556927514607391));
#2508=CARTESIAN_POINT('',(-0.062417765095642,0.0133246729427602,-0.0544905725781919));
#2509=CARTESIAN_POINT('',(-0.0616189539366744,0.0132580062760935,-0.0532883936956448));
#2510=CARTESIAN_POINT('',(-0.0622606658093697,0.0131913396094268,-0.0519955134978788));
#2511=CARTESIAN_POINT('',(-0.062902377682065,0.0131246729427602,-0.0507026333001129));
#2512=CARTESIAN_POINT('',(-0.0643429007137278,0.0130580062760935,-0.0506119319848941));
#2513=CARTESIAN_POINT('',(-0.0657834237453906,0.0129913396094268,-0.0505212306696754));
#2514=CARTESIAN_POINT('',(-0.0665822349043581,0.0129246729427602,-0.0517234095522225));
#2515=CARTESIAN_POINT('',(-0.0673810460633256,0.0128580062760935,-0.0529255884347696));
#2516=CARTESIAN_POINT('',(-0.0667393341906303,0.0127913396094268,-0.0542184686325356));
#2517=CARTESIAN_POINT('',(-0.066097622317935,0.0127246729427602,-0.0555113488303015));
#2518=CARTESIAN_POINT('',(-0.0646570992862722,0.0126580062760935,-0.0556020501455203));
#2519=CARTESIAN_POINT('',(-0.0632165762546094,0.0125913396094268,-0.0556927514607391));
#2520=CARTESIAN_POINT('',(-0.062417765095642,0.0125246729427602,-0.0544905725781919));
#2521=CARTESIAN_POINT('',(-0.0616189539366744,0.0124580062760935,-0.0532883936956448));
#2522=CARTESIAN_POINT('',(-0.0622606658093697,0.0123913396094268,-0.0519955134978788));
#2523=CARTESIAN_POINT('',(-0.062902377682065,0.0123246729427602,-0.0507026333001129));
#2524=CARTESIAN_POINT('',(-0.0643429007137278,0.0122580062760935,-0.0506119319848941));
#2525=CARTESIAN_POINT('',(-0.0657834237453906,0.0121913396094268,-0.0505212306696754));
#2526=CARTESIAN_POINT('',(-0.0665822349043581,0.0121246729427602,-0.0517234095522225));
#2527=CARTESIAN_POINT('',(-0.0673810460633256,0.0120580062760935,-0.0529255884347696));
#2528=CARTESIAN_POINT('',(-0.0667393341906303,0.0119913396094268,-0.0542184686325356));
#2529=CARTESIAN_POINT('',(-0.066097622317935,0.0119246729427602,-0.0555113488303015));
#2530=CARTESIAN_POINT('',(-0.0646570992862722,0.0118580062760935,-0.0556020501455203));
#2531=CARTESIAN_POINT('',(-0.0632165762546094,0.0117913396094268,-0.0556927514607391));
#2532=CARTESIAN_POINT('',(-0.062417765095642,0.0117246729427602,-0.0544905725781919));
#2533=CARTESIAN_POINT('',(-0.0616189539366744,0.0116580062760935,-0.0532883936956448));
#2534=CARTESIAN_POINT('',(-0.0622606658093697,0.0115913396094268,-0.0519955134978788));
#2535=CARTESIAN_POINT('',(-0.062902377682065,0.0115246729427602,-0.0507026333001129));
#2536=CARTESIAN_POINT('',(-0.0643429007137278,0.0114580062760935,-0.0506119319848941));
#2537=CARTESIAN_POINT('',(-0.0657834237453906,0.0113913396094268,-0.0505212306696754));
#2538=CARTESIAN_POINT('',(-0.0665822349043581,0.0113246729427602,-0.0517234095522225));
#2539=CARTESIAN_POINT('',(-0.0673810460633256,0.0112580062760935,-0.0529255884347696));
#2540=CARTESIAN_POINT('',(-0.0667393341906303,0.0111913396094268,-0.0542184686325356));
#2541=CARTESIAN_POINT('',(-0.066097622317935,0.0111246729427602,-0.0555113488303015));
#2542=CARTESIAN_POINT('',(-0.0646570992862722,0.0110580062760935,-0.0556020501455203));
#2543=CARTESIAN_POINT('',(-0.0632165762546094,0.0109913396094268,-0.0556927514607391));
#2544=CARTESIAN_POINT('',(-0.062417765095642,0.0109246729427602,-0.0544905725781919));
#2545=CARTESIAN_POINT('',(-0.0616189539366744,0.0108580062760935,-0.0532883936956448));
#2546=CARTESIAN_POINT('',(-0.0622606658093697,0.0107913396094268,-0.0519955134978788));
#2547=CARTESIAN_POINT('',(-0.062902377682065,0.0107246729427602,-0.0507026333001129));
#2548=CARTESIAN_POINT('',(-0.0643429007137278,0.0106580062760935,-0.0506119319848941));
#2549=CARTESIAN_POINT('',(-0.0657834237453906,0.0105913396094268,-0.0505212306696754));
#2550=CARTESIAN_POINT('',(-0.0665822349043581,0.0105246729427602,-0.0517234095522225));
#2551=CARTESIAN_POINT('',(-0.0673810460633256,0.0104580062760935,-0.0529255884347696));
#2552=CARTESIAN_POINT('',(-0.0667393341906303,0.0103913396094268,-0.0542184686325356));
#2553=CARTESIAN_POINT('',(-0.066097622317935,0.0103246729427602,-0.0555113488303015));
#2554=CARTESIAN_POINT('',(-0.0646570992862722,0.0102580062760935,-0.0556020501455203));
#2555=CARTESIAN_POINT('',(-0.0632165762546094,0.0101913396094268,-0.0556927514607391));
#2556=CARTESIAN_POINT('',(-0.062417765095642,0.0101246729427602,-0.0544905725781919));
#2557=CARTESIAN_POINT('',(-0.0616189539366744,0.0100580062760935,-0.0532883936956448));
#2558=CARTESIAN_POINT('',(-0.0622606658093697,0.00999133960942684,-0.0519955134978788));
#2559=CARTESIAN_POINT('',(-0.062902377682065,0.00992467294276017,-0.0507026333001129));
#2560=CARTESIAN_POINT('',(-0.0643429007137278,0.0098580062760935,-0.0506119319848941));
#2561=CARTESIAN_POINT('',(-0.0657834237453906,0.00979133960942683,-0.0505212306696754));
#2562=CARTESIAN_POINT('',(-0.0665822349043581,0.00972467294276017,-0.0517234095522225));
#2563=CARTESIAN_POINT('',(-0.0673810460633256,0.0096580062760935,-0.0529255884347696));
#2564=CARTESIAN_POINT('',(-0.0667393341906303,0.00959133960942684,-0.0542184686325356));
#2565=CARTESIAN_POINT('',(-0.066097622317935,0.00952467294276016,-0.0555113488303015));
#2566=CARTESIAN_POINT('',(-0.0646570992862722,0.0094580062760935,-0.0556020501455203));
#2567=CARTESIAN_POINT('',(-0.0632165762546094,0.00939133960942684,-0.0556927514607391));
#2568=CARTESIAN_POINT('',(-0.062417765095642,0.00932467294276017,-0.0544905725781919));
#2569=CARTESIAN_POINT('',(-0.0616189539366744,0.0092580062760935,-0.0532883936956448));
#2570=CARTESIAN_POINT('',(-0.0622606658093697,0.00919133960942684,-0.0519955134978788));
#2571=CARTESIAN_POINT('',(-0.062902377682065,0.00912467294276017,-0.0507026333001129));
#2572=CARTESIAN_POINT('',(-0.0643429007137278,0.0090580062760935,-0.0506119319848941));
#2573=CARTESIAN_POINT('',(-0.0657834237453906,0.00899133960942683,-0.0505212306696754));
#2574=CARTESIAN_POINT('',(-0.0665822349043581,0.00892467294276017,-0.0517234095522225));
#2575=CARTESIAN_POINT('',(-0.0673810460633256,0.0088580062760935,-0.0529255884347696));
#2576=CARTESIAN_POINT('',(-0.0667393341906303,0.00879133960942684,-0.0542184686325356));
#2577=CARTESIAN_POINT('',(-0.066097622317935,0.00872467294276016,-0.0555113488303015));
#2578=CARTESIAN_POINT('',(-0.0646570992862722,0.0086580062760935,-0.0556020501455203));
#2579=CARTESIAN_POINT('',(-0.0632165762546094,0.00859133960942684,-0.0556927514607391));
#2580=CARTESIAN_POINT('',(-0.062417765095642,0.00852467294276017,-0.0544905725781919));
#2581=CARTESIAN_POINT('',(-0.0616189539366744,0.0084580062760935,-0.0532883936956448));
#2582=CARTESIAN_POINT('',(-0.0622606658093697,0.00839133960942684,-0.0519955134978788));
#2583=CARTESIAN_POINT('',(-0.062902377682065,0.00832467294276017,-0.0507026333001129));
#2584=CARTESIAN_POINT('',(-0.0643429007137278,0.0082580062760935,-0.0506119319848941));
#2585=CARTESIAN_POINT('',(-0.0657834237453906,0.00819133960942683,-0.0505212306696754));
#2586=CARTESIAN_POINT('',(-0.0665822349043581,0.00812467294276017,-0.0517234095522225));
#2587=CARTESIAN_POINT('',(-0.0673810460633256,0.00805800627609351,-0.0529255884347696));
#2588=CARTESIAN_POINT('',(-0.0667393341906303,0.00799133960942684,-0.0542184686325356));
#2589=CARTESIAN_POINT('',(-0.066097622317935,0.00792467294276017,-0.0555113488303015));
#2590=CARTESIAN_POINT('',(-0.0646570992862722,0.0078580062760935,-0.0556020501455203));
#2591=CARTESIAN_POINT('',(-0.0632165762546094,0.00779133960942684,-0.0556927514607391));
#2592=CARTESIAN_POINT('',(-0.062417765095642,0.00772467294276017,-0.0544905725781919));
#2593=CARTESIAN_POINT('',(-0.0616189539366744,0.0076580062760935,-0.0532883936956448));
#2594=CARTESIAN_POINT('',(-0.0622606658093697,0.00759133960942683,-0.0519955134978788));
#2595=CARTESIAN_POINT('',(-0.062902377682065,0.00752467294276017,-0.0507026333001129));
#2596=CARTESIAN_POINT('',(-0.0643429007137278,0.0074580062760935,-0.0506119319848941));
#2597=CARTESIAN_POINT('',(-0.0657834237453906,0.00739133960942683,-0.0505212306696754));
#2598=CARTESIAN_POINT('',(-0.0665822349043581,0.00732467294276017,-0.0517234095522225));
#2599=CARTESIAN_POINT('',(-0.0673810460633256,0.0072580062760935,-0.0529255884347696));
#2600=CARTESIAN_POINT('',(-0.0667393341906303,0.00719133960942683,-0.0542184686325356));
#2601=CARTESIAN_POINT('',(-0.066097622317935,0.00712467294276017,-0.0555113488303015));
#2602=CARTESIAN_POINT('',(-0.0646570992862722,0.0070580062760935,-0.0556020501455203));
#2603=CARTESIAN_POINT('',(-0.0632165762546094,0.00699133960942683,-0.0556927514607391));
#2604=CARTESIAN_POINT('',(-0.062417765095642,0.00692467294276017,-0.0544905725781919));
#2605=CARTESIAN_POINT('',(-0.0616189539366744,0.0068580062760935,-0.0532883936956448));
#2606=CARTESIAN_POINT('',(-0.0622606658093697,0.00679133960942684,-0.0519955134978788));
#2607=CARTESIAN_POINT('',(-0.062902377682065,0.00672467294276016,-0.0507026333001129));
#2608=CARTESIAN_POINT('',(-0.0643429007137278,0.0066580062760935,-0.0506119319848941));
#2609=CARTESIAN_POINT('',(-0.0657834237453906,0.00659133960942683,-0.0505212306696754));
#2610=CARTESIAN_POINT('',(-0.0665822349043581,0.00652467294276017,-0.0517234095522225));
#2611=CARTESIAN_POINT('',(-0.0673810460633256,0.00645800627609349,-0.0529255884347696));
#2612=CARTESIAN_POINT('',(-0.0667393341906303,0.00639133960942684,-0.0542184686325356));
#2613=CARTESIAN_POINT('',(-0.066097622317935,0.00632467294276017,-0.0555113488303015));
#2614=CARTESIAN_POINT('',(-0.0646570992862722,0.0062580062760935,-0.0556020501455203));
#2615=CARTESIAN_POINT('',(-0.0632165762546094,0.00619133960942683,-0.0556927514607391));
#2616=CARTESIAN_POINT('',(-0.062417765095642,0.00612467294276017,-0.0544905725781919));
#2617=CARTESIAN_POINT('',(-0.0616189539366744,0.0060580062760935,-0.0532883936956448));
#2618=CARTESIAN_POINT('',(-0.0622606658093697,0.00599133960942683,-0.0519955134978788));
#2619=CARTESIAN_POINT('',(-0.062902377682065,0.00592467294276016,-0.0507026333001129));
#2620=CARTESIAN_POINT('',(-0.0643429007137278,0.0058580062760935,-0.0506119319848941));
#2621=CARTESIAN_POINT('',(-0.0657834237453906,0.00579133960942684,-0.0505212306696754));
#2622=CARTESIAN_POINT('',(-0.0665822349043581,0.00572467294276017,-0.0517234095522225));
#2623=CARTESIAN_POINT('',(-0.0673810460633256,0.0056580062760935,-0.0529255884347696));
#2624=CARTESIAN_POINT('',(-0.0667393341906303,0.00559133960942684,-0.0542184686325356));
#2625=CARTESIAN_POINT('',(-0.066097622317935,0.00552467294276017,-0.0555113488303015));
#2626=CARTESIAN_POINT('',(-0.0646570992862722,0.0054580062760935,-0.0556020501455203));
#2627=CARTESIAN_POINT('',(-0.0632165762546094,0.00539133960942683,-0.0556927514607391));
#2628=CARTESIAN_POINT('',(-0.062417765095642,0.00532467294276017,-0.0544905725781919));
#2629=CARTESIAN_POINT('',(-0.0616189539366744,0.0052580062760935,-0.0532883936956448));
#2630=CARTESIAN_POINT('',(-0.0622606658093697,0.00519133960942684,-0.0519955134978788));
#2631=CARTESIAN_POINT('',(-0.062902377682065,0.00512467294276017,-0.0507026333001129));
#2632=CARTESIAN_POINT('',(-0.0643429007137278,0.0050580062760935,-0.0506119319848941));
#2633=CARTESIAN_POINT('',(-0.0657834237453906,0.00499133960942684,-0.0505212306696754));
#2634=CARTESIAN_POINT('',(-0.0665822349043581,0.00492467294276017,-0.0517234095522225));
#2635=CARTESIAN_POINT('',(-0.0673810460633256,0.0048580062760935,-0.0529255884347696));
#2636=CARTESIAN_POINT('',(-0.0667393341906303,0.00479133960942683,-0.0542184686325356));
#2637=CARTESIAN_POINT('',(-0.066097622317935,0.00472467294276017,-0.0555113488303015));
#2638=CARTESIAN_POINT('',(-0.0646570992862722,0.0046580062760935,-0.0556020501455203));
#2639=CARTESIAN_POINT('',(-0.0632165762546094,0.00459133960942683,-0.0556927514607391));
#2640=CARTESIAN_POINT('',(-0.062417765095642,0.00452467294276017,-0.0544905725781919));
#2641=CARTESIAN_POINT('',(-0.0616189539366744,0.0044580062760935,-0.0532883936956448));
#2642=CARTESIAN_POINT('',(-0.0622606658093697,0.00439133960942684,-0.0519955134978788));
#2643=CARTESIAN_POINT('',(-0.062902377682065,0.00432467294276017,-0.0507026333001129));
#2644=CARTESIAN_POINT('',(-0.0643429007137278,0.0042580062760935,-0.0506119319848941));
#2645=CARTESIAN_POINT('',(-0.0657834237453906,0.00419133960942683,-0.0505212306696754));
#2646=CARTESIAN_POINT('',(-0.0665822349043581,0.00412467294276017,-0.0517234095522225));
#2647=CARTESIAN_POINT('',(-0.0673810460633256,0.0040580062760935,-0.0529255884347696));
#2648=CARTESIAN_POINT('',(-0.0667393341906303,0.00399133960942684,-0.0542184686325356));
#2649=CARTESIAN_POINT('',(-0.066097622317935,0.00392467294276017,-0.0555113488303015));
#2650=CARTESIAN_POINT('',(-0.0646570992862722,0.00385800627609351,-0.0556020501455203));
#2651=CARTESIAN_POINT('',(-0.0632165762546094,0.00379133960942683,-0.0556927514607391));
#2652=CARTESIAN_POINT('',(-0.062417765095642,0.00372467294276017,-0.0544905725781919));
#2653=CARTESIAN_POINT('',(-0.0616189539366744,0.0036580062760935,-0.0532883936956448));
#2654=CARTESIAN_POINT('',(-0.0622606658093697,0.00359133960942684,-0.0519955134978788));
#2655=CARTESIAN_POINT('',(-0.062902377682065,0.00352467294276017,-0.0507026333001129));
#2656=CARTESIAN_POINT('',(-0.0643429007137278,0.0034580062760935,-0.0506119319848941));
#2657=CARTESIAN_POINT('',(-0.0657834237453906,0.00339133960942683,-0.0505212306696754));
#2658=CARTESIAN_POINT('',(-0.0665822349043581,0.00332467294276017,-0.0517234095522225));
#2659=CARTESIAN_POINT('',(-0.0673810460633256,0.0032580062760935,-0.0529255884347696));
#2660=CARTESIAN_POINT('',(-0.0667393341906303,0.00319133960942684,-0.0542184686325356));
#2661=CARTESIAN_POINT('',(-0.066097622317935,0.00312467294276017,-0.0555113488303015));
#2662=CARTESIAN_POINT('',(-0.0646570992862722,0.0030580062760935,-0.0556020501455203));
#2663=CARTESIAN_POINT('',(-0.0632165762546094,0.00299133960942683,-0.0556927514607391));
#2664=CARTESIAN_POINT('',(-0.062417765095642,0.00292467294276017,-0.0544905725781919));
#2665=CARTESIAN_POINT('',(-0.0616189539366744,0.0028580062760935,-0.0532883936956448));
#2666=CARTESIAN_POINT('',(-0.0622606658093697,0.00279133960942684,-0.0519955134978788));
#2667=CARTESIAN_POINT('',(-0.062902377682065,0.00272467294276017,-0.0507026333001129));
#2668=CARTESIAN_POINT('',(-0.0643429007137278,0.0026580062760935,-0.0506119319848941));
#2669=CARTESIAN_POINT('',(-0.0657834237453906,0.00259133960942684,-0.0505212306696754));
#2670=CARTESIAN_POINT('',(-0.0665822349043581,0.00252467294276017,-0.0517234095522225));
#2671=CARTESIAN_POINT('',(-0.0673810460633256,0.0024580062760935,-0.0529255884347696));
#2672=CARTESIAN_POINT('',(-0.0667393341906303,0.00239133960942684,-0.0542184686325356));
#2673=CARTESIAN_POINT('',(-0.066097622317935,0.00232467294276017,-0.0555113488303015));
#2674=CARTESIAN_POINT('',(-0.0646570992862722,0.0022580062760935,-0.0556020501455203));
#2675=CARTESIAN_POINT('',(-0.0632165762546094,0.00219133960942684,-0.0556927514607391));
#2676=CARTESIAN_POINT('',(-0.062417765095642,0.00212467294276016,-0.0544905725781919));
#2677=CARTESIAN_POINT('',(-0.0616189539366744,0.0020580062760935,-0.0532883936956448));
#2678=CARTESIAN_POINT('',(-0.0622606658093697,0.00199133960942684,-0.0519955134978788));
#2679=CARTESIAN_POINT('',(-0.062902377682065,0.00192467294276016,-0.0507026333001129));
#2680=CARTESIAN_POINT('',(-0.0643429007137278,0.0018580062760935,-0.0506119319848941));
#2681=CARTESIAN_POINT('',(-0.0657834237453906,0.00179133960942684,-0.0505212306696754));
#2682=CARTESIAN_POINT('',(-0.0665822349043581,0.00172467294276017,-0.0517234095522225));
#2683=CARTESIAN_POINT('',(-0.0673810460633256,0.0016580062760935,-0.0529255884347696));
#2684=CARTESIAN_POINT('',(-0.0667393341906303,0.00159133960942683,-0.0542184686325356));
#2685=CARTESIAN_POINT('',(-0.066097622317935,0.00152467294276016,-0.0555113488303015));
#2686=CARTESIAN_POINT('',(-0.0646570992862722,0.0014580062760935,-0.0556020501455203));
#2687=CARTESIAN_POINT('',(-0.0632165762546094,0.00139133960942683,-0.0556927514607391));
#2688=CARTESIAN_POINT('',(-0.062417765095642,0.00132467294276017,-0.0544905725781919));
#2689=CARTESIAN_POINT('',(-0.0616189539366744,0.0012580062760935,-0.0532883936956448));
#2690=CARTESIAN_POINT('',(-0.0622606658093697,0.00119133960942683,-0.0519955134978788));
#2691=CARTESIAN_POINT('',(-0.062902377682065,0.00112467294276017,-0.0507026333001129));
#2692=CARTESIAN_POINT('',(-0.0643429007137278,0.0010580062760935,-0.0506119319848941));
#2693=CARTESIAN_POINT('',(-0.0657834237453906,0.000991339609426833,-0.0505212306696754));
#2694=CARTESIAN_POINT('',(-0.0665822349043581,0.000924672942760166,-0.0517234095522225));
#2695=CARTESIAN_POINT('',(-0.0673810460633256,0.000858006276093498,-0.0529255884347696));
#2696=CARTESIAN_POINT('',(-0.0667393341906303,0.000791339609426834,-0.0542184686325356));
#2697=CARTESIAN_POINT('',(-0.066097622317935,0.000724672942760167,-0.0555113488303015));
#2698=CARTESIAN_POINT('',(-0.0646570992862722,0.000658006276093501,-0.0556020501455203));
#2699=CARTESIAN_POINT('',(-0.0632165762546094,0.000591339609426832,-0.0556927514607391));
#2700=CARTESIAN_POINT('',(-0.062417765095642,0.000524672942760169,-0.0544905725781919));
#2701=CARTESIAN_POINT('',(-0.0616189539366744,0.000458006276093501,-0.0532883936956448));
#2702=CARTESIAN_POINT('',(-0.0622606658093697,0.000391339609426833,-0.0519955134978788));
#2703=CARTESIAN_POINT('',(-0.062902377682065,0.000324672942760166,-0.0507026333001129));
#2704=CARTESIAN_POINT('',(-0.0643429007137278,0.000258006276093501,-0.0506119319848941));
#2705=CARTESIAN_POINT('',(-0.0657834237453906,0.000191339609426831,-0.0505212306696754));
#2706=CARTESIAN_POINT('',(-0.0665822349043581,0.000124672942760168,-0.0517234095522225));
#2707=CARTESIAN_POINT('',(-0.0673810460633256,5.80062760935001E-5,-0.0529255884347696));
#2708=CARTESIAN_POINT('',(-0.0667393341906303,-8.6603905731647E-6,-0.0542184686325356));
#2709=CARTESIAN_POINT('',(-0.066097622317935,-7.53270572398309E-5,-0.0555113488303015));
#2710=CARTESIAN_POINT('',(-0.0646570992862722,-0.000141993723906497,-0.0556020501455203));
#2711=CARTESIAN_POINT('',(-0.0632165762546094,-0.00020866039057317,-0.0556927514607391));
#2712=CARTESIAN_POINT('',(-0.062417765095642,-0.000275327057239833,-0.0544905725781919));
#2713=CARTESIAN_POINT('',(-0.0616189539366744,-0.000341993723906501,-0.0532883936956448));
#2714=CARTESIAN_POINT('',(-0.0622606658093697,-0.000408660390573166,-0.0519955134978788));
#2715=CARTESIAN_POINT('',(-0.062902377682065,-0.000475327057239832,-0.0507026333001129));
#2716=CARTESIAN_POINT('',(-0.0643429007137278,-0.000541993723906498,-0.0506119319848941));
#2717=CARTESIAN_POINT('',(-0.0657834237453906,-0.000608660390573167,-0.0505212306696754));
#2718=CARTESIAN_POINT('',(-0.0665822349043581,-0.000675327057239831,-0.0517234095522225));
#2719=CARTESIAN_POINT('',(-0.0673810460633256,-0.000741993723906502,-0.0529255884347696));
#2720=CARTESIAN_POINT('',(-0.0667393341906303,-0.000808660390573167,-0.0542184686325356));
#2721=CARTESIAN_POINT('',(-0.066097622317935,-0.000875327057239833,-0.0555113488303015));
#2722=CARTESIAN_POINT('',(-0.0646570992862722,-0.000941993723906499,-0.0556020501455203));
#2723=CARTESIAN_POINT('',(-0.0632165762546094,-0.00100866039057317,-0.0556927514607391));
#2724=CARTESIAN_POINT('',(-0.062417765095642,-0.00107532705723983,-0.0544905725781919));
#2725=CARTESIAN_POINT('',(-0.0616189539366744,-0.0011419937239065,-0.0532883936956448));
#2726=CARTESIAN_POINT('',(-0.0622606658093697,-0.00120866039057316,-0.0519955134978788));
#2727=CARTESIAN_POINT('',(-0.062902377682065,-0.00127532705723983,-0.0507026333001129));
#2728=CARTESIAN_POINT('',(-0.0643429007137278,-0.0013419937239065,-0.0506119319848941));
#2729=CARTESIAN_POINT('',(-0.0657834237453906,-0.00140866039057317,-0.0505212306696754));
#2730=CARTESIAN_POINT('',(-0.0665822349043581,-0.00147532705723983,-0.0517234095522225));
#2731=CARTESIAN_POINT('',(-0.0673810460633256,-0.0015419937239065,-0.0529255884347696));
#2732=CARTESIAN_POINT('',(-0.0667393341906303,-0.00160866039057316,-0.0542184686325356));
#2733=CARTESIAN_POINT('',(-0.066097622317935,-0.00167532705723983,-0.0555113488303015));
#2734=CARTESIAN_POINT('',(-0.0646570992862722,-0.0017419937239065,-0.0556020501455203));
#2735=CARTESIAN_POINT('',(-0.0632165762546094,-0.00180866039057316,-0.0556927514607391));
#2736=CARTESIAN_POINT('',(-0.062417765095642,-0.00187532705723984,-0.0544905725781919));
#2737=CARTESIAN_POINT('',(-0.0616189539366744,-0.0019419937239065,-0.0532883936956448));
#2738=CARTESIAN_POINT('',(-0.0622606658093697,-0.00200866039057317,-0.0519955134978788));
#2739=CARTESIAN_POINT('',(-0.062902377682065,-0.00207532705723983,-0.0507026333001129));
#2740=CARTESIAN_POINT('',(-0.0643429007137278,-0.0021419937239065,-0.0506119319848941));
#2741=CARTESIAN_POINT('',(-0.0657834237453906,-0.00220866039057317,-0.0505212306696754));
#2742=CARTESIAN_POINT('',(-0.0665822349043581,-0.00227532705723983,-0.0517234095522225));
#2743=CARTESIAN_POINT('',(-0.0673810460633256,-0.0023419937239065,-0.0529255884347696));
#2744=CARTESIAN_POINT('',(-0.0667393341906303,-0.00240866039057317,-0.0542184686325356));
#2745=CARTESIAN_POINT('',(-0.066097622317935,-0.00247532705723984,-0.0555113488303015));
#2746=CARTESIAN_POINT('',(-0.0646570992862722,-0.0025419937239065,-0.0556020501455203));
#2747=CARTESIAN_POINT('',(-0.0632165762546094,-0.00260866039057317,-0.0556927514607391));
#2748=CARTESIAN_POINT('',(-0.062417765095642,-0.00267532705723984,-0.0544905725781919));
#2749=CARTESIAN_POINT('',(-0.0616189539366744,-0.0027419937239065,-0.0532883936956448));
#2750=CARTESIAN_POINT('',(-0.0622606658093697,-0.00280866039057317,-0.0519955134978788));
#2751=CARTESIAN_POINT('',(-0.062902377682065,-0.00287532705723983,-0.0507026333001129));
#2752=CARTESIAN_POINT('',(-0.0643429007137278,-0.0029419937239065,-0.0506119319848941));
#2753=CARTESIAN_POINT('',(-0.0657834237453906,-0.00300866039057317,-0.0505212306696754));
#2754=CARTESIAN_POINT('',(-0.0665822349043581,-0.00307532705723983,-0.0517234095522225));
#2755=CARTESIAN_POINT('',(-0.0673810460633256,-0.0031419937239065,-0.0529255884347696));
#2756=CARTESIAN_POINT('',(-0.0667393341906303,-0.00320866039057317,-0.0542184686325356));
#2757=CARTESIAN_POINT('',(-0.066097622317935,-0.00327532705723983,-0.0555113488303015));
#2758=CARTESIAN_POINT('',(-0.0646570992862722,-0.0033419937239065,-0.0556020501455203));
#2759=CARTESIAN_POINT('',(-0.0632165762546094,-0.00340866039057317,-0.0556927514607391));
#2760=CARTESIAN_POINT('',(-0.062417765095642,-0.00347532705723983,-0.0544905725781919));
#2761=CARTESIAN_POINT('',(-0.0616189539366744,-0.0035419937239065,-0.0532883936956448));
#2762=CARTESIAN_POINT('',(-0.0622606658093697,-0.00360866039057317,-0.0519955134978788));
#2763=CARTESIAN_POINT('',(-0.062902377682065,-0.00367532705723983,-0.0507026333001129));
#2764=CARTESIAN_POINT('',(-0.0643429007137278,-0.0037419937239065,-0.0506119319848941));
#2765=CARTESIAN_POINT('',(-0.0657834237453906,-0.00380866039057317,-0.0505212306696754));
#2766=CARTESIAN_POINT('',(-0.0665822349043581,-0.00387532705723983,-0.0517234095522225));
#2767=CARTESIAN_POINT('',(-0.0673810460633256,-0.0039419937239065,-0.0529255884347696));
#2768=CARTESIAN_POINT('',(-0.0667393341906303,-0.00400866039057316,-0.0542184686325356));
#2769=CARTESIAN_POINT('',(-0.066097622317935,-0.00407532705723983,-0.0555113488303015));
#2770=CARTESIAN_POINT('',(-0.0646570992862722,-0.0041419937239065,-0.0556020501455203));
#2771=CARTESIAN_POINT('',(-0.0632165762546094,-0.00420866039057317,-0.0556927514607391));
#2772=CARTESIAN_POINT('',(-0.062417765095642,-0.00427532705723983,-0.0544905725781919));
#2773=CARTESIAN_POINT('',(-0.0616189539366744,-0.0043419937239065,-0.0532883936956448));
#2774=CARTESIAN_POINT('',(-0.0622606658093697,-0.00440866039057316,-0.0519955134978788));
#2775=CARTESIAN_POINT('',(-0.062902377682065,-0.00447532705723983,-0.0507026333001129));
#2776=CARTESIAN_POINT('',(-0.0643429007137278,-0.0045419937239065,-0.0506119319848941));
#2777=CARTESIAN_POINT('',(-0.0657834237453906,-0.00460866039057316,-0.0505212306696754));
#2778=CARTESIAN_POINT('',(-0.0665822349043581,-0.00467532705723983,-0.0517234095522225));
#2779=CARTESIAN_POINT('',(-0.0673810460633256,-0.0047419937239065,-0.0529255884347696));
#2780=CARTESIAN_POINT('',(-0.0667393341906303,-0.00480866039057317,-0.0542184686325356));
#2781=CARTESIAN_POINT('',(-0.066097622317935,-0.00487532705723984,-0.0555113488303015));
#2782=CARTESIAN_POINT('',(-0.0646570992862722,-0.0049419937239065,-0.0556020501455203));
#2783=CARTESIAN_POINT('',(-0.0632165762546094,-0.00500866039057316,-0.0556927514607391));
#2784=CARTESIAN_POINT('',(-0.062417765095642,-0.00507532705723983,-0.0544905725781919));
#2785=CARTESIAN_POINT('',(-0.0616189539366744,-0.0051419937239065,-0.0532883936956448));
#2786=CARTESIAN_POINT('',(-0.0622606658093697,-0.00520866039057316,-0.0519955134978788));
#2787=CARTESIAN_POINT('',(-0.062902377682065,-0.00527532705723984,-0.0507026333001129));
#2788=CARTESIAN_POINT('',(-0.0643429007137278,-0.0053419937239065,-0.0506119319848941));
#2789=CARTESIAN_POINT('',(-0.0657834237453906,-0.00540866039057317,-0.0505212306696754));
#2790=CARTESIAN_POINT('',(-0.0665822349043581,-0.00547532705723983,-0.0517234095522225));
#2791=CARTESIAN_POINT('',(-0.0673810460633256,-0.0055419937239065,-0.0529255884347696));
#2792=CARTESIAN_POINT('',(-0.0667393341906303,-0.00560866039057317,-0.0542184686325356));
#2793=CARTESIAN_POINT('',(-0.066097622317935,-0.00567532705723984,-0.0555113488303015));
#2794=CARTESIAN_POINT('',(-0.0646570992862722,-0.0057419937239065,-0.0556020501455203));
#2795=CARTESIAN_POINT('',(-0.0632165762546094,-0.00580866039057316,-0.0556927514607391));
#2796=CARTESIAN_POINT('',(-0.062417765095642,-0.00587532705723983,-0.0544905725781919));
#2797=CARTESIAN_POINT('',(-0.0616189539366744,-0.0059419937239065,-0.0532883936956448));
#2798=CARTESIAN_POINT('',(-0.0622606658093697,-0.00600866039057317,-0.0519955134978788));
#2799=CARTESIAN_POINT('',(-0.062902377682065,-0.00607532705723983,-0.0507026333001129));
#2800=CARTESIAN_POINT('',(-0.0643429007137278,-0.0061419937239065,-0.0506119319848941));
#2801=CARTESIAN_POINT('',(-0.0657834237453906,-0.00620866039057317,-0.0505212306696754));
#2802=CARTESIAN_POINT('',(-0.0665822349043581,-0.00627532705723983,-0.0517234095522225));
#2803=CARTESIAN_POINT('',(-0.0673810460633256,-0.00634199372390649,-0.0529255884347696));
#2804=CARTESIAN_POINT('',(-0.0667393341906303,-0.00640866039057316,-0.0542184686325356));
#2805=CARTESIAN_POINT('',(-0.066097622317935,-0.00647532705723983,-0.0555113488303015));
#2806=CARTESIAN_POINT('',(-0.0646570992862722,-0.0065419937239065,-0.0556020501455203));
#2807=CARTESIAN_POINT('',(-0.0632165762546094,-0.00660866039057316,-0.0556927514607391));
#2808=CARTESIAN_POINT('',(-0.062417765095642,-0.00667532705723983,-0.0544905725781919));
#2809=CARTESIAN_POINT('',(-0.0616189539366744,-0.0067419937239065,-0.0532883936956448));
#2810=CARTESIAN_POINT('',(-0.0622606658093697,-0.00680866039057317,-0.0519955134978788));
#2811=CARTESIAN_POINT('',(-0.062902377682065,-0.00687532705723983,-0.0507026333001129));
#2812=CARTESIAN_POINT('',(-0.0643429007137278,-0.0069419937239065,-0.0506119319848941));
#2813=CARTESIAN_POINT('',(-0.0657834237453906,-0.00700866039057317,-0.0505212306696754));
#2814=CARTESIAN_POINT('',(-0.0665822349043581,-0.00707532705723983,-0.0517234095522225));
#2815=CARTESIAN_POINT('',(-0.0673810460633256,-0.00714199372390649,-0.0529255884347696));
#2816=CARTESIAN_POINT('',(-0.0667393341906303,-0.00720866039057317,-0.0542184686325356));
#2817=CARTESIAN_POINT('',(-0.066097622317935,-0.00727532705723983,-0.0555113488303015));
#2818=CARTESIAN_POINT('',(-0.0646570992862722,-0.0073419937239065,-0.0556020501455203));
#2819=CARTESIAN_POINT('',(-0.0632165762546094,-0.00740866039057316,-0.0556927514607391));
#2820=CARTESIAN_POINT('',(-0.062417765095642,-0.00747532705723983,-0.0544905725781919));
#2821=CARTESIAN_POINT('',(-0.0616189539366744,-0.0075419937239065,-0.0532883936956448));
#2822=CARTESIAN_POINT('',(-0.0622606658093697,-0.00760866039057317,-0.0519955134978788));
#2823=CARTESIAN_POINT('',(-0.062902377682065,-0.00767532705723984,-0.0507026333001129));
#2824=CARTESIAN_POINT('',(-0.0643429007137278,-0.0077419937239065,-0.0506119319848941));
#2825=CARTESIAN_POINT('',(-0.0657834237453906,-0.00780866039057317,-0.0505212306696754));
#2826=CARTESIAN_POINT('',(-0.0665822349043581,-0.00787532705723983,-0.0517234095522225));
#2827=CARTESIAN_POINT('',(-0.0673810460633256,-0.00794199372390649,-0.0529255884347696));
#2828=CARTESIAN_POINT('',(-0.0667393341906303,-0.00800866039057317,-0.0542184686325356));
#2829=CARTESIAN_POINT('',(-0.066097622317935,-0.00807532705723983,-0.0555113488303015));
#2830=CARTESIAN_POINT('',(-0.0646570992862722,-0.0081419937239065,-0.0556020501455203));
#2831=CARTESIAN_POINT('',(-0.0632165762546094,-0.00820866039057316,-0.0556927514607391));
#2832=CARTESIAN_POINT('',(-0.062417765095642,-0.00827532705723983,-0.0544905725781919));
#2833=CARTESIAN_POINT('',(-0.0616189539366744,-0.0083419937239065,-0.0532883936956448));
#2834=CARTESIAN_POINT('',(-0.0622606658093697,-0.00840866039057316,-0.0519955134978788));
#2835=CARTESIAN_POINT('',(-0.062902377682065,-0.00847532705723983,-0.0507026333001129));
#2836=CARTESIAN_POINT('',(-0.0643429007137278,-0.0085419937239065,-0.0506119319848941));
#2837=CARTESIAN_POINT('',(-0.0657834237453906,-0.00860866039057316,-0.0505212306696754));
#2838=CARTESIAN_POINT('',(-0.0665822349043581,-0.00867532705723983,-0.0517234095522225));
#2839=CARTESIAN_POINT('',(-0.0673810460633256,-0.00874199372390649,-0.0529255884347696));
#2840=CARTESIAN_POINT('',(-0.0667393341906303,-0.00880866039057316,-0.0542184686325356));
#2841=CARTESIAN_POINT('',(-0.066097622317935,-0.00887532705723983,-0.0555113488303015));
#2842=CARTESIAN_POINT('',(-0.0646570992862722,-0.00894199372390649,-0.0556020501455203));
#2843=CARTESIAN_POINT('',(-0.0632165762546094,-0.00900866039057317,-0.0556927514607391));
#2844=CARTESIAN_POINT('',(-0.062417765095642,-0.00907532705723983,-0.0544905725781919));
#2845=CARTESIAN_POINT('',(-0.0616189539366744,-0.0091419937239065,-0.0532883936956448));
#2846=CARTESIAN_POINT('',(-0.0622606658093697,-0.00920866039057316,-0.0519955134978788));
#2847=CARTESIAN_POINT('',(-0.062902377682065,-0.00927532705723984,-0.0507026333001129));
#2848=CARTESIAN_POINT('',(-0.0643429007137278,-0.0093419937239065,-0.0506119319848941));
#2849=CARTESIAN_POINT('',(-0.0657834237453906,-0.00940866039057316,-0.0505212306696754));
#2850=CARTESIAN_POINT('',(-0.0665822349043581,-0.00947532705723983,-0.0517234095522225));
#2851=CARTESIAN_POINT('',(-0.0673810460633256,-0.0095419937239065,-0.0529255884347696));
#2852=CARTESIAN_POINT('',(-0.0667393341906303,-0.00960866039057316,-0.0542184686325356));
#2853=CARTESIAN_POINT('',(-0.066097622317935,-0.00967532705723983,-0.0555113488303015));
#2854=CARTESIAN_POINT('',(-0.0646570992862722,-0.00974199372390649,-0.0556020501455203));
#2855=CARTESIAN_POINT('',(-0.0632165762546094,-0.00980866039057316,-0.0556927514607391));
#2856=CARTESIAN_POINT('',(-0.062417765095642,-0.00987532705723983,-0.0544905725781919));
#2857=CARTESIAN_POINT('',(-0.0616189539366744,-0.0099419937239065,-0.0532883936956448));
#2858=CARTESIAN_POINT('',(-0.0622606658093697,-0.0100086603905732,-0.0519955134978788));
#2859=CARTESIAN_POINT('',(-0.062902377682065,-0.0100753270572398,-0.0507026333001129));
#2860=CARTESIAN_POINT('',(-0.0643429007137278,-0.0101419937239065,-0.0506119319848941));
#2861=CARTESIAN_POINT('',(-0.0657834237453906,-0.0102086603905732,-0.0505212306696754));
#2862=CARTESIAN_POINT('',(-0.0665822349043581,-0.0102753270572398,-0.0517234095522225));
#2863=CARTESIAN_POINT('',(-0.0673810460633256,-0.0103419937239065,-0.0529255884347696));
#2864=CARTESIAN_POINT('',(-0.0667393341906303,-0.0104086603905732,-0.0542184686325356));
#2865=CARTESIAN_POINT('',(-0.066097622317935,-0.0104753270572398,-0.0555113488303015));
#2866=CARTESIAN_POINT('',(-0.0646570992862722,-0.0105419937239065,-0.0556020501455203));
#2867=CARTESIAN_POINT('',(-0.0632165762546094,-0.0106086603905732,-0.0556927514607391));
#2868=CARTESIAN_POINT('',(-0.062417765095642,-0.0106753270572398,-0.0544905725781919));
#2869=CARTESIAN_POINT('',(-0.0616189539366744,-0.0107419937239065,-0.0532883936956448));
#2870=CARTESIAN_POINT('',(-0.0622606658093697,-0.0108086603905732,-0.0519955134978788));
#2871=CARTESIAN_POINT('',(-0.062902377682065,-0.0108753270572398,-0.0507026333001129));
#2872=CARTESIAN_POINT('',(-0.0643429007137278,-0.0109419937239065,-0.0506119319848941));
#2873=CARTESIAN_POINT('',(-0.0657834237453906,-0.0110086603905732,-0.0505212306696754));
#2874=CARTESIAN_POINT('',(-0.0665822349043581,-0.0110753270572398,-0.0517234095522225));
#2875=CARTESIAN_POINT('',(-0.0673810460633256,-0.0111419937239065,-0.0529255884347696));
#2876=CARTESIAN_POINT('',(-0.0667393341906303,-0.0112086603905732,-0.0542184686325356));
#2877=CARTESIAN_POINT('',(-0.066097622317935,-0.0112753270572398,-0.0555113488303015));
#2878=CARTESIAN_POINT('',(-0.0646570992862722,-0.0113419937239065,-0.0556020501455203));
#2879=CARTESIAN_POINT('',(-0.0632165762546094,-0.0114086603905732,-0.0556927514607391));
#2880=CARTESIAN_POINT('',(-0.062417765095642,-0.0114753270572398,-0.0544905725781919));
#2881=CARTESIAN_POINT('',(-0.0616189539366744,-0.0115419937239065,-0.0532883936956448));
#2882=CARTESIAN_POINT('',(-0.0622606658093697,-0.0116086603905732,-0.0519955134978788));
#2883=CARTESIAN_POINT('',(-0.062902377682065,-0.0116753270572398,-0.0507026333001129));
#2884=CARTESIAN_POINT('',(-0.0643429007137278,-0.0117419937239065,-0.0506119319848941));
#2885=CARTESIAN_POINT('',(-0.0657834237453906,-0.0118086603905731,-0.0505212306696754));
#2886=CARTESIAN_POINT('',(-0.0665822349043581,-0.0118753270572398,-0.0517234095522225));
#2887=CARTESIAN_POINT('',(-0.0673810460633256,-0.0119419937239065,-0.0529255884347696));
#2888=CARTESIAN_POINT('',(-0.0667393341906303,-0.0120086603905732,-0.0542184686325356));
#2889=CARTESIAN_POINT('',(-0.066097622317935,-0.0120753270572398,-0.0555113488303015));
#2890=CARTESIAN_POINT('',(-0.0646570992862722,-0.0121419937239065,-0.0556020501455203));
#2891=CARTESIAN_POINT('',(-0.0632165762546094,-0.0122086603905732,-0.0556927514607391));
#2892=CARTESIAN_POINT('',(-0.062417765095642,-0.0122753270572398,-0.0544905725781919));
#2893=CARTESIAN_POINT('',(-0.0616189539366744,-0.0123419937239065,-0.0532883936956448));
#2894=CARTESIAN_POINT('',(-0.0622606658093697,-0.0124086603905732,-0.0519955134978788));
#2895=CARTESIAN_POINT('',(-0.062902377682065,-0.0124753270572398,-0.0507026333001129));
#2896=CARTESIAN_POINT('',(-0.0643429007137278,-0.0125419937239065,-0.0506119319848941));
#2897=CARTESIAN_POINT('',(-0.0657834237453906,-0.0126086603905732,-0.0505212306696754));
#2898=CARTESIAN_POINT('',(-0.0665822349043581,-0.0126753270572398,-0.0517234095522225));
#2899=CARTESIAN_POINT('',(-0.0673810460633256,-0.0127419937239065,-0.0529255884347696));
#2900=CARTESIAN_POINT('',(-0.0667393341906303,-0.0128086603905732,-0.0542184686325356));
#2901=CARTESIAN_POINT('',(-0.066097622317935,-0.0128753270572398,-0.0555113488303015));
#2902=CARTESIAN_POINT('',(-0.0646570992862722,-0.0129419937239065,-0.0556020501455203));
#2903=CARTESIAN_POINT('',(-0.0632165762546094,-0.0130086603905732,-0.0556927514607391));
#2904=CARTESIAN_POINT('',(-0.062417765095642,-0.0130753270572398,-0.0544905725781919));
#2905=CARTESIAN_POINT('',(-0.0616189539366744,-0.0131419937239065,-0.0532883936956448));
#2906=CARTESIAN_POINT('',(-0.0622606658093697,-0.0132086603905732,-0.0519955134978788));
#2907=CARTESIAN_POINT('',(-0.062902377682065,-0.0132753270572398,-0.0507026333001129));
#2908=CARTESIAN_POINT('',(-0.0643429007137278,-0.0133419937239065,-0.0506119319848941));
#2909=CARTESIAN_POINT('',(-0.0657834237453906,-0.0134086603905731,-0.0505212306696754));
#2910=CARTESIAN_POINT('',(-0.0665822349043581,-0.0134753270572398,-0.0517234095522225));
#2911=CARTESIAN_POINT('',(-0.0673810460633256,-0.0135419937239065,-0.0529255884347696));
#2912=CARTESIAN_POINT('',(-0.0667393341906303,-0.0136086603905732,-0.0542184686325356));
#2913=CARTESIAN_POINT('',(-0.066097622317935,-0.0136753270572398,-0.0555113488303015));
#2914=CARTESIAN_POINT('',(-0.0646570992862722,-0.0137419937239065,-0.0556020501455203));
#2915=CARTESIAN_POINT('',(-0.0632165762546094,-0.0138086603905731,-0.0556927514607391));
#2916=CARTESIAN_POINT('',(-0.062417765095642,-0.0138753270572398,-0.0544905725781919));
#2917=CARTESIAN_POINT('',(-0.0616189539366744,-0.0139419937239065,-0.0532883936956448));
#2918=CARTESIAN_POINT('',(-0.0622606658093697,-0.0140086603905732,-0.0519955134978788));
#2919=CARTESIAN_POINT('',(-0.062902377682065,-0.0140753270572398,-0.0507026333001129));
#2920=CARTESIAN_POINT('',(-0.0643429007137278,-0.0141419937239065,-0.0506119319848941));
#2921=CARTESIAN_POINT('',(-0.0657834237453906,-0.0142086603905732,-0.0505212306696754));
#2922=CARTESIAN_POINT('',(-0.0665822349043581,-0.0142753270572398,-0.0517234095522225));
#2923=CARTESIAN_POINT('',(-0.0673810460633256,-0.0143419937239065,-0.0529255884347696));
#2924=CARTESIAN_POINT('',(-0.0667393341906303,-0.0144086603905732,-0.0542184686325356));
#2925=CARTESIAN_POINT('',(-0.066097622317935,-0.0144753270572398,-0.0555113488303015));
#2926=CARTESIAN_POINT('',(-0.0646570992862722,-0.0145419937239065,-0.0556020501455203));
#2927=CARTESIAN_POINT('',(-0.0632165762546094,-0.0146086603905732,-0.0556927514607391));
#2928=CARTESIAN_POINT('',(-0.062417765095642,-0.0146753270572398,-0.0544905725781919));
#2929=CARTESIAN_POINT('',(-0.0616189539366744,-0.0147419937239065,-0.0532883936956448));
#2930=CARTESIAN_POINT('',(-0.0622606658093697,-0.0148086603905732,-0.0519955134978788));
#2931=CARTESIAN_POINT('',(-0.062902377682065,-0.0148753270572398,-0.0507026333001129));
#2932=CARTESIAN_POINT('',(-0.0643429007137278,-0.0149419937239065,-0.0506119319848941));
#2933=CARTESIAN_POINT('',(-0.0657834237453906,-0.0150086603905732,-0.0505212306696754));
#2934=CARTESIAN_POINT('',(-0.0665822349043581,-0.0150753270572398,-0.0517234095522225));
#2935=CARTESIAN_POINT('',(-0.0673810460633256,-0.0151419937239065,-0.0529255884347696));
#2936=CARTESIAN_POINT('',(-0.0667393341906303,-0.0152086603905731,-0.0542184686325356));
#2937=CARTESIAN_POINT('',(-0.066097622317935,-0.0152753270572398,-0.0555113488303015));
#2938=CARTESIAN_POINT('',(-0.0646570992862722,-0.0153419937239065,-0.0556020501455203));
#2939=CARTESIAN_POINT('',(-0.0632165762546094,-0.0154086603905731,-0.0556927514607391));
#2940=CARTESIAN_POINT('',(-0.062417765095642,-0.0154753270572398,-0.0544905725781919));
#2941=CARTESIAN_POINT('',(-0.0616189539366744,-0.0155419937239065,-0.0532883936956448));
#2942=CARTESIAN_POINT('',(-0.0622606658093697,-0.0156086603905731,-0.0519955134978788));
#2943=CARTESIAN_POINT('',(-0.062902377682065,-0.0156753270572398,-0.0507026333001129));
#2944=CARTESIAN_POINT('',(-0.0643429007137278,-0.0157419937239065,-0.0506119319848941));
#2945=CARTESIAN_POINT('',(-0.0657834237453906,-0.0158086603905732,-0.0505212306696754));
#2946=CARTESIAN_POINT('',(-0.0665822349043581,-0.0158753270572398,-0.0517234095522225));
#2947=CARTESIAN_POINT('',(-0.0673810460633256,-0.0159419937239065,-0.0529255884347696));
#2948=CARTESIAN_POINT('',(-0.0667393341906303,-0.0160086603905731,-0.0542184686325356));
#2949=CARTESIAN_POINT('',(-0.066097622317935,-0.0160753270572398,-0.0555113488303015));
#2950=CARTESIAN_POINT('',(-0.0646570992862722,-0.0161419937239065,-0.0556020501455203));
#2951=CARTESIAN_POINT('',(-0.0632165762546094,-0.0162086603905732,-0.0556927514607391));
#2952=CARTESIAN_POINT('',(-0.062417765095642,-0.0162753270572399,-0.0544905725781919));
#2953=CARTESIAN_POINT('',(-0.0616189539366744,-0.0163419937239065,-0.0532883936956448));
#2954=CARTESIAN_POINT('',(-0.0622606658093697,-0.0164086603905731,-0.0519955134978788));
#2955=CARTESIAN_POINT('',(-0.062902377682065,-0.0164753270572398,-0.0507026333001129));
#2956=CARTESIAN_POINT('',(-0.0643429007137278,-0.0165419937239065,-0.0506119319848941));
#2957=CARTESIAN_POINT('',(-0.0657834237453906,-0.0166086603905731,-0.0505212306696754));
#2958=CARTESIAN_POINT('',(-0.0665822349043581,-0.0166753270572399,-0.0517234095522225));
#2959=CARTESIAN_POINT('',(-0.0673810460633256,-0.0167419937239065,-0.0529255884347696));
#2960=CARTESIAN_POINT('',(-0.0667393341906303,-0.0168086603905731,-0.0542184686325356));
#2961=CARTESIAN_POINT('',(-0.066097622317935,-0.0168753270572398,-0.0555113488303015));
#2962=CARTESIAN_POINT('',(-0.0646570992862722,-0.0169419937239065,-0.0556020501455203));
#2963=CARTESIAN_POINT('',(-0.0632165762546094,-0.0170086603905731,-0.0556927514607391));
#2964=CARTESIAN_POINT('',(-0.062417765095642,-0.0170753270572398,-0.0544905725781919));
#2965=CARTESIAN_POINT('',(-0.0616189539366744,-0.0171419937239065,-0.0532883936956448));
#2966=CARTESIAN_POINT('',(-0.0622606658093697,-0.0172086603905732,-0.0519955134978788));
#2967=CARTESIAN_POINT('',(-0.062902377682065,-0.0172753270572398,-0.0507026333001129));
#2968=CARTESIAN_POINT('',(-0.0643429007137278,-0.0173419937239065,-0.0506119319848941));
#2969=CARTESIAN_POINT('',(-0.0657834237453906,-0.0174086603905732,-0.0505212306696754));
#2970=CARTESIAN_POINT('',(-0.0665822349043581,-0.0174753270572399,-0.0517234095522225));
#2971=CARTESIAN_POINT('',(-0.0673810460633256,-0.0175419937239065,-0.0529255884347696));
#2972=CARTESIAN_POINT('',(-0.0667393341906303,-0.0176086603905731,-0.0542184686325356));
#2973=CARTESIAN_POINT('',(-0.066097622317935,-0.0176753270572398,-0.0555113488303015));
#2974=CARTESIAN_POINT('',(-0.0646570992862722,-0.0177419937239065,-0.0556020501455203));
#2975=CARTESIAN_POINT('',(-0.0632165762546094,-0.0178086603905731,-0.0556927514607391));
#2976=CARTESIAN_POINT('',(-0.062417765095642,-0.0178753270572399,-0.0544905725781919));
#2977=CARTESIAN_POINT('',(-0.0616189539366744,-0.0179419937239065,-0.0532883936956448));
#2978=CARTESIAN_POINT('',(-0.0622606658093697,-0.0180086603905731,-0.0519955134978788));
#2979=CARTESIAN_POINT('',(-0.062902377682065,-0.0180753270572398,-0.0507026333001129));
#2980=CARTESIAN_POINT('',(-0.0643429007137278,-0.0181419937239065,-0.0506119319848941));
#2981=CARTESIAN_POINT('',(-0.0657834237453906,-0.0182086603905732,-0.0505212306696754));
#2982=CARTESIAN_POINT('',(-0.0665822349043581,-0.0182753270572399,-0.0517234095522225));
#2983=CARTESIAN_POINT('',(-0.0673810460633256,-0.0183419937239065,-0.0529255884347696));
#2984=CARTESIAN_POINT('',(-0.0667393341906303,-0.0184086603905732,-0.0542184686325356));
#2985=CARTESIAN_POINT('',(-0.066097622317935,-0.0184753270572398,-0.0555113488303015));
#2986=CARTESIAN_POINT('',(-0.0646570992862722,-0.0185419937239065,-0.0556020501455203));
#2987=CARTESIAN_POINT('',(-0.0632165762546094,-0.0186086603905731,-0.0556927514607391));
#2988=CARTESIAN_POINT('',(-0.062417765095642,-0.0186753270572399,-0.0544905725781919));
#2989=CARTESIAN_POINT('',(-0.0616189539366744,-0.0187419937239065,-0.0532883936956448));
#2990=CARTESIAN_POINT('',(-0.0622606658093697,-0.0188086603905731,-0.0519955134978788));
#2991=CARTESIAN_POINT('',(-0.062902377682065,-0.0188753270572398,-0.0507026333001129));
#2992=CARTESIAN_POINT('',(-0.0643429007137278,-0.0189419937239065,-0.0506119319848941));
#2993=CARTESIAN_POINT('',(-0.0657834237453906,-0.0190086603905732,-0.0505212306696754));
#2994=CARTESIAN_POINT('',(-0.0665822349043581,-0.0190753270572399,-0.0517234095522225));
#2995=CARTESIAN_POINT('',(-0.0673810460633256,-0.0191419937239065,-0.0529255884347696));
#2996=CARTESIAN_POINT('',(-0.0667393341906303,-0.0192086603905731,-0.0542184686325356));
#2997=CARTESIAN_POINT('',(-0.066097622317935,-0.0192753270572398,-0.0555113488303015));
#2998=CARTESIAN_POINT('',(-0.0646570992862722,-0.0193419937239065,-0.0556020501455203));
#2999=CARTESIAN_POINT('',(-0.0632165762546094,-0.0194086603905731,-0.0556927514607391));
#3000=CARTESIAN_POINT('',(-0.062417765095642,-0.0194753270572399,-0.0544905725781919));
#3001=CARTESIAN_POINT('',(-0.0616189539366744,-0.0195419937239065,-0.0532883936956448));
#3002=CARTESIAN_POINT('',(-0.0622606658093697,-0.0196086603905732,-0.0519955134978788));
#3003=CARTESIAN_POINT('',(-0.062902377682065,-0.0196753270572398,-0.0507026333001129));
#3004=CARTESIAN_POINT('',(-0.0643429007137278,-0.0197419937239065,-0.0506119319848941));
#3005=CARTESIAN_POINT('',(-0.0657834237453906,-0.0198086603905732,-0.0505212306696754));
#3006=CARTESIAN_POINT('',(-0.0665822349043581,-0.0198753270572398,-0.0517234095522225));
#3007=CARTESIAN_POINT('',(-0.0673810460633256,-0.0199419937239065,-0.0529255884347696));
#3008=CARTESIAN_POINT('',(-0.0667393341906303,-0.0200086603905731,-0.0542184686325356));
#3009=CARTESIAN_POINT('',(-0.066097622317935,-0.0200753270572398,-0.0555113488303015));
#3010=CARTESIAN_POINT('',(-0.0646570992862722,-0.0201419937239065,-0.0556020501455203));
#3011=CARTESIAN_POINT('',(-0.0632165762546094,-0.0202086603905731,-0.0556927514607391));
#3012=CARTESIAN_POINT('',(-0.062417765095642,-0.0202753270572399,-0.0544905725781919));
#3013=CARTESIAN_POINT('',(-0.0616189539366744,-0.0203419937239065,-0.0532883936956448));
#3014=CARTESIAN_POINT('',(-0.0622606658093697,-0.0204086603905731,-0.0519955134978788));
#3015=CARTESIAN_POINT('',(-0.062902377682065,-0.0204753270572398,-0.0507026333001129));
#3016=CARTESIAN_POINT('',(-0.0643429007137278,-0.0205419937239065,-0.0506119319848941));
#3017=CARTESIAN_POINT('',(-0.0657834237453906,-0.0206086603905732,-0.0505212306696754));
#3018=CARTESIAN_POINT('',(-0.0665822349043581,-0.0206753270572399,-0.0517234095522225));
#3019=CARTESIAN_POINT('',(-0.0673810460633256,-0.0207419937239065,-0.0529255884347696));
#3020=CARTESIAN_POINT('',(-0.0667393341906303,-0.0208086603905731,-0.0542184686325356));
#3021=CARTESIAN_POINT('',(-0.066097622317935,-0.0208753270572398,-0.0555113488303015));
#3022=CARTESIAN_POINT('',(-0.0646570992862722,-0.0209419937239065,-0.0556020501455203));
#3023=CARTESIAN_POINT('',(-0.0632165762546094,-0.0210086603905731,-0.0556927514607391));
#3024=CARTESIAN_POINT('',(-0.062417765095642,-0.0210753270572398,-0.0544905725781919));
#3025=CARTESIAN_POINT('',(-0.0616189539366744,-0.0211419937239065,-0.0532883936956448));
#3026=CARTESIAN_POINT('',(-0.0622606658093697,-0.0212086603905731,-0.0519955134978788));
#3027=CARTESIAN_POINT('',(-0.062902377682065,-0.0212753270572398,-0.0507026333001129));
#3028=CARTESIAN_POINT('',(-0.0643429007137278,-0.0213419937239065,-0.0506119319848941));
#3029=CARTESIAN_POINT('',(-0.0657834237453906,-0.0214086603905732,-0.0505212306696754));
#3030=CARTESIAN_POINT('',(-0.0665822349043581,-0.0214753270572398,-0.0517234095522225));
#3031=CARTESIAN_POINT('',(-0.0673810460633256,-0.0215419937239065,-0.0529255884347696));
#3032=CARTESIAN_POINT('',(-0.0667393341906303,-0.0216086603905731,-0.0542184686325356));
#3033=CARTESIAN_POINT('',(-0.066097622317935,-0.0216753270572398,-0.0555113488303015));
#3034=CARTESIAN_POINT('',(-0.0646570992862722,-0.0217419937239065,-0.0556020501455203));
#3035=CARTESIAN_POINT('',(-0.0632165762546094,-0.0218086603905731,-0.0556927514607391));
#3036=CARTESIAN_POINT('',(-0.062417765095642,-0.0218753270572398,-0.0544905725781919));
#3037=CARTESIAN_POINT('',(-0.0616189539366744,-0.0219419937239065,-0.0532883936956448));
#3038=CARTESIAN_POINT('',(-0.0622606658093697,-0.0220086603905731,-0.0519955134978788));
#3039=CARTESIAN_POINT('',(-0.062902377682065,-0.0220753270572398,-0.0507026333001129));
#3040=CARTESIAN_POINT('',(-0.0643429007137278,-0.0221419937239065,-0.0506119319848941));
#3041=CARTESIAN_POINT('',(-0.0657834237453906,-0.0222086603905732,-0.0505212306696754));
#3042=CARTESIAN_POINT('',(-0.0665822349043581,-0.0222753270572398,-0.0517234095522225));
#3043=CARTESIAN_POINT('',(-0.0673810460633256,-0.0223419937239065,-0.0529255884347696));
#3044=CARTESIAN_POINT('',(-0.0667393341906303,-0.0224086603905732,-0.0542184686325356));
#3045=CARTESIAN_POINT('',(-0.066097622317935,-0.0224753270572398,-0.0555113488303015));
#3046=CARTESIAN_POINT('',(-0.0646570992862722,-0.0225419937239065,-0.0556020501455203));
#3047=CARTESIAN_POINT('',(-0.0632165762546094,-0.0226086603905731,-0.0556927514607391));
#3048=CARTESIAN_POINT('',(-0.062417765095642,-0.0226753270572398,-0.0544905725781919));
#3049=CARTESIAN_POINT('',(-0.0616189539366744,-0.0227419937239065,-0.0532883936956448));
#3050=CARTESIAN_POINT('',(-0.0622606658093697,-0.0228086603905731,-0.0519955134978788));
#3051=CARTESIAN_POINT('',(-0.062902377682065,-0.0228753270572398,-0.0507026333001129));
#3052=CARTESIAN_POINT('',(-0.0643429007137278,-0.0229419937239065,-0.0506119319848941));
#3053=CARTESIAN_POINT('',(-0.0657834237453906,-0.0230086603905732,-0.0505212306696754));
#3054=CARTESIAN_POINT('',(-0.0665822349043581,-0.0230753270572398,-0.0517234095522225));
#3055=CARTESIAN_POINT('',(-0.0673810460633256,-0.0231419937239065,-0.0529255884347696));
#3056=CARTESIAN_POINT('',(-0.0667393341906303,-0.0232086603905731,-0.0542184686325356));
#3057=CARTESIAN_POINT('',(-0.066097622317935,-0.0232753270572398,-0.0555113488303015));
#3058=CARTESIAN_POINT('',(-0.0646570992862722,-0.0233419937239065,-0.0556020501455203));
#3059=CARTESIAN_POINT('',(-0.0632165762546094,-0.0234086603905731,-0.0556927514607391));
#3060=CARTESIAN_POINT('',(-0.062417765095642,-0.0234753270572398,-0.0544905725781919));
#3061=CARTESIAN_POINT('',(-0.0616189539366744,-0.0235419937239065,-0.0532883936956448));
#3062=CARTESIAN_POINT('',(-0.0622606658093697,-0.0236086603905732,-0.0519955134978788));
#3063=CARTESIAN_POINT('',(-0.062902377682065,-0.0236753270572398,-0.0507026333001129));
#3064=CARTESIAN_POINT('',(-0.0643429007137278,-0.0237419937239065,-0.0506119319848941));
#3065=CARTESIAN_POINT('',(-0.0657834237453906,-0.0238086603905732,-0.0505212306696754));
#3066=CARTESIAN_POINT('',(-0.0665822349043581,-0.0238753270572398,-0.0517234095522225));
#3067=CARTESIAN_POINT('',(-0.066904467216859,-0.0239022197138152,-0.052208356309681));
#3068=CARTESIAN_POINT('',(-0.0669792779481715,-0.023933205147534,-0.0527857732952899));
#3069=CARTESIAN_POINT('',(-0.0643701111082934,0.0237080062760935,-0.051044088894393));
#3070=CARTESIAN_POINT('',(-0.0655611282319249,0.0236413396094268,-0.0509690975078014));
#3071=CARTESIAN_POINT('',(-0.0662215812395939,0.0235746729427601,-0.0519630528999128));
#3072=CARTESIAN_POINT('',(-0.066882034247263,0.0235080062760935,-0.0529570082920242));
#3073=CARTESIAN_POINT('',(-0.0663514701313005,0.0234413396094269,-0.054025955070727));
#3074=CARTESIAN_POINT('',(-0.0658209060153381,0.0233746729427601,-0.0550949018494299));
#3075=CARTESIAN_POINT('',(-0.0646298888917066,0.0233080062760935,-0.0551698932360215));
#3076=CARTESIAN_POINT('',(-0.0634388717680751,0.0232413396094268,-0.055244884622613));
#3077=CARTESIAN_POINT('',(-0.0627784187604061,0.0231746729427601,-0.0542509292305017));
#3078=CARTESIAN_POINT('',(-0.0621179657527371,0.0231080062760935,-0.0532569738383903));
#3079=CARTESIAN_POINT('',(-0.0626485298686995,0.0230413396094269,-0.0521880270596874));
#3080=CARTESIAN_POINT('',(-0.063179093984662,0.0229746729427602,-0.0511190802809845));
#3081=CARTESIAN_POINT('',(-0.0643701111082934,0.0229080062760935,-0.051044088894393));
#3082=CARTESIAN_POINT('',(-0.0655611282319249,0.0228413396094268,-0.0509690975078014));
#3083=CARTESIAN_POINT('',(-0.0662215812395939,0.0227746729427602,-0.0519630528999128));
#3084=CARTESIAN_POINT('',(-0.066882034247263,0.0227080062760935,-0.0529570082920242));
#3085=CARTESIAN_POINT('',(-0.0663514701313005,0.0226413396094269,-0.054025955070727));
#3086=CARTESIAN_POINT('',(-0.0658209060153381,0.0225746729427601,-0.0550949018494299));
#3087=CARTESIAN_POINT('',(-0.0646298888917066,0.0225080062760935,-0.0551698932360215));
#3088=CARTESIAN_POINT('',(-0.0634388717680751,0.0224413396094268,-0.055244884622613));
#3089=CARTESIAN_POINT('',(-0.0627784187604061,0.0223746729427601,-0.0542509292305017));
#3090=CARTESIAN_POINT('',(-0.0621179657527371,0.0223080062760935,-0.0532569738383903));
#3091=CARTESIAN_POINT('',(-0.0626485298686995,0.0222413396094269,-0.0521880270596874));
#3092=CARTESIAN_POINT('',(-0.063179093984662,0.0221746729427602,-0.0511190802809845));
#3093=CARTESIAN_POINT('',(-0.0643701111082934,0.0221080062760935,-0.051044088894393));
#3094=CARTESIAN_POINT('',(-0.0655611282319249,0.0220413396094268,-0.0509690975078014));
#3095=CARTESIAN_POINT('',(-0.0662215812395939,0.0219746729427601,-0.0519630528999128));
#3096=CARTESIAN_POINT('',(-0.066882034247263,0.0219080062760935,-0.0529570082920242));
#3097=CARTESIAN_POINT('',(-0.0663514701313005,0.0218413396094269,-0.054025955070727));
#3098=CARTESIAN_POINT('',(-0.0658209060153381,0.0217746729427601,-0.0550949018494299));
#3099=CARTESIAN_POINT('',(-0.0646298888917066,0.0217080062760935,-0.0551698932360215));
#3100=CARTESIAN_POINT('',(-0.0634388717680751,0.0216413396094268,-0.055244884622613));
#3101=CARTESIAN_POINT('',(-0.0627784187604061,0.0215746729427602,-0.0542509292305017));
#3102=CARTESIAN_POINT('',(-0.0621179657527371,0.0215080062760935,-0.0532569738383903));
#3103=CARTESIAN_POINT('',(-0.0626485298686995,0.0214413396094269,-0.0521880270596874));
#3104=CARTESIAN_POINT('',(-0.063179093984662,0.0213746729427602,-0.0511190802809845));
#3105=CARTESIAN_POINT('',(-0.0643701111082934,0.0213080062760935,-0.051044088894393));
#3106=CARTESIAN_POINT('',(-0.0655611282319249,0.0212413396094268,-0.0509690975078014));
#3107=CARTESIAN_POINT('',(-0.0662215812395939,0.0211746729427601,-0.0519630528999128));
#3108=CARTESIAN_POINT('',(-0.066882034247263,0.0211080062760935,-0.0529570082920242));
#3109=CARTESIAN_POINT('',(-0.0663514701313005,0.0210413396094269,-0.054025955070727));
#3110=CARTESIAN_POINT('',(-0.0658209060153381,0.0209746729427601,-0.0550949018494299));
#3111=CARTESIAN_POINT('',(-0.0646298888917066,0.0209080062760935,-0.0551698932360215));
#3112=CARTESIAN_POINT('',(-0.0634388717680751,0.0208413396094268,-0.055244884622613));
#3113=CARTESIAN_POINT('',(-0.0627784187604061,0.0207746729427601,-0.0542509292305017));
#3114=CARTESIAN_POINT('',(-0.0621179657527371,0.0207080062760935,-0.0532569738383903));
#3115=CARTESIAN_POINT('',(-0.0626485298686995,0.0206413396094269,-0.0521880270596874));
#3116=CARTESIAN_POINT('',(-0.0631790939846619,0.0205746729427602,-0.0511190802809845));
#3117=CARTESIAN_POINT('',(-0.0643701111082934,0.0205080062760935,-0.051044088894393));
#3118=CARTESIAN_POINT('',(-0.0655611282319249,0.0204413396094268,-0.0509690975078014));
#3119=CARTESIAN_POINT('',(-0.0662215812395939,0.0203746729427602,-0.0519630528999128));
#3120=CARTESIAN_POINT('',(-0.066882034247263,0.0203080062760935,-0.0529570082920242));
#3121=CARTESIAN_POINT('',(-0.0663514701313005,0.0202413396094269,-0.054025955070727));
#3122=CARTESIAN_POINT('',(-0.0658209060153381,0.0201746729427601,-0.0550949018494299));
#3123=CARTESIAN_POINT('',(-0.0646298888917066,0.0201080062760935,-0.0551698932360215));
#3124=CARTESIAN_POINT('',(-0.0634388717680751,0.0200413396094268,-0.055244884622613));
#3125=CARTESIAN_POINT('',(-0.0627784187604061,0.0199746729427602,-0.0542509292305017));
#3126=CARTESIAN_POINT('',(-0.0621179657527371,0.0199080062760935,-0.0532569738383903));
#3127=CARTESIAN_POINT('',(-0.0626485298686995,0.0198413396094269,-0.0521880270596874));
#3128=CARTESIAN_POINT('',(-0.0631790939846619,0.0197746729427602,-0.0511190802809845));
#3129=CARTESIAN_POINT('',(-0.0643701111082934,0.0197080062760935,-0.051044088894393));
#3130=CARTESIAN_POINT('',(-0.0655611282319249,0.0196413396094268,-0.0509690975078014));
#3131=CARTESIAN_POINT('',(-0.0662215812395939,0.0195746729427601,-0.0519630528999128));
#3132=CARTESIAN_POINT('',(-0.066882034247263,0.0195080062760935,-0.0529570082920242));
#3133=CARTESIAN_POINT('',(-0.0663514701313005,0.0194413396094269,-0.054025955070727));
#3134=CARTESIAN_POINT('',(-0.0658209060153381,0.0193746729427601,-0.0550949018494299));
#3135=CARTESIAN_POINT('',(-0.0646298888917066,0.0193080062760935,-0.0551698932360215));
#3136=CARTESIAN_POINT('',(-0.0634388717680751,0.0192413396094268,-0.055244884622613));
#3137=CARTESIAN_POINT('',(-0.0627784187604061,0.0191746729427602,-0.0542509292305017));
#3138=CARTESIAN_POINT('',(-0.0621179657527371,0.0191080062760935,-0.0532569738383903));
#3139=CARTESIAN_POINT('',(-0.0626485298686995,0.0190413396094269,-0.0521880270596874));
#3140=CARTESIAN_POINT('',(-0.0631790939846619,0.0189746729427602,-0.0511190802809845));
#3141=CARTESIAN_POINT('',(-0.0643701111082934,0.0189080062760935,-0.051044088894393));
#3142=CARTESIAN_POINT('',(-0.0655611282319249,0.0188413396094268,-0.0509690975078014));
#3143=CARTESIAN_POINT('',(-0.0662215812395939,0.0187746729427602,-0.0519630528999128));
#3144=CARTESIAN_POINT('',(-0.066882034247263,0.0187080062760935,-0.0529570082920242));
#3145=CARTESIAN_POINT('',(-0.0663514701313005,0.0186413396094269,-0.054025955070727));
#3146=CARTESIAN_POINT('',(-0.0658209060153381,0.0185746729427601,-0.0550949018494299));
#3147=CARTESIAN_POINT('',(-0.0646298888917066,0.0185080062760935,-0.0551698932360215));
#3148=CARTESIAN_POINT('',(-0.0634388717680751,0.0184413396094268,-0.055244884622613));
#3149=CARTESIAN_POINT('',(-0.0627784187604061,0.0183746729427601,-0.0542509292305017));
#3150=CARTESIAN_POINT('',(-0.0621179657527371,0.0183080062760935,-0.0532569738383903));
#3151=CARTESIAN_POINT('',(-0.0626485298686995,0.0182413396094269,-0.0521880270596874));
#3152=CARTESIAN_POINT('',(-0.0631790939846619,0.0181746729427602,-0.0511190802809845));
#3153=CARTESIAN_POINT('',(-0.0643701111082934,0.0181080062760935,-0.051044088894393));
#3154=CARTESIAN_POINT('',(-0.0655611282319249,0.0180413396094268,-0.0509690975078014));
#3155=CARTESIAN_POINT('',(-0.0662215812395939,0.0179746729427601,-0.0519630528999128));
#3156=CARTESIAN_POINT('',(-0.066882034247263,0.0179080062760935,-0.0529570082920242));
#3157=CARTESIAN_POINT('',(-0.0663514701313005,0.0178413396094269,-0.054025955070727));
#3158=CARTESIAN_POINT('',(-0.0658209060153381,0.0177746729427601,-0.0550949018494299));
#3159=CARTESIAN_POINT('',(-0.0646298888917066,0.0177080062760935,-0.0551698932360215));
#3160=CARTESIAN_POINT('',(-0.0634388717680751,0.0176413396094268,-0.055244884622613));
#3161=CARTESIAN_POINT('',(-0.0627784187604061,0.0175746729427602,-0.0542509292305017));
#3162=CARTESIAN_POINT('',(-0.0621179657527371,0.0175080062760935,-0.0532569738383903));
#3163=CARTESIAN_POINT('',(-0.0626485298686995,0.0174413396094269,-0.0521880270596874));
#3164=CARTESIAN_POINT('',(-0.0631790939846619,0.0173746729427602,-0.0511190802809845));
#3165=CARTESIAN_POINT('',(-0.0643701111082934,0.0173080062760935,-0.051044088894393));
#3166=CARTESIAN_POINT('',(-0.0655611282319249,0.0172413396094268,-0.0509690975078014));
#3167=CARTESIAN_POINT('',(-0.0662215812395939,0.0171746729427601,-0.0519630528999128));
#3168=CARTESIAN_POINT('',(-0.066882034247263,0.0171080062760935,-0.0529570082920242));
#3169=CARTESIAN_POINT('',(-0.0663514701313005,0.0170413396094269,-0.054025955070727));
#3170=CARTESIAN_POINT('',(-0.0658209060153381,0.0169746729427602,-0.0550949018494299));
#3171=CARTESIAN_POINT('',(-0.0646298888917066,0.0169080062760935,-0.0551698932360215));
#3172=CARTESIAN_POINT('',(-0.0634388717680751,0.0168413396094268,-0.055244884622613));
#3173=CARTESIAN_POINT('',(-0.0627784187604061,0.0167746729427601,-0.0542509292305017));
#3174=CARTESIAN_POINT('',(-0.0621179657527371,0.0167080062760935,-0.0532569738383903));
#3175=CARTESIAN_POINT('',(-0.0626485298686995,0.0166413396094269,-0.0521880270596874));
#3176=CARTESIAN_POINT('',(-0.0631790939846619,0.0165746729427602,-0.0511190802809845));
#3177=CARTESIAN_POINT('',(-0.0643701111082934,0.0165080062760935,-0.051044088894393));
#3178=CARTESIAN_POINT('',(-0.0655611282319249,0.0164413396094268,-0.0509690975078014));
#3179=CARTESIAN_POINT('',(-0.0662215812395939,0.0163746729427602,-0.0519630528999128));
#3180=CARTESIAN_POINT('',(-0.066882034247263,0.0163080062760935,-0.0529570082920242));
#3181=CARTESIAN_POINT('',(-0.0663514701313005,0.0162413396094269,-0.054025955070727));
#3182=CARTESIAN_POINT('',(-0.0658209060153381,0.0161746729427602,-0.0550949018494299));
#3183=CARTESIAN_POINT('',(-0.0646298888917066,0.0161080062760935,-0.0551698932360215));
#3184=CARTESIAN_POINT('',(-0.0634388717680751,0.0160413396094268,-0.055244884622613));
#3185=CARTESIAN_POINT('',(-0.0627784187604061,0.0159746729427601,-0.0542509292305017));
#3186=CARTESIAN_POINT('',(-0.0621179657527371,0.0159080062760935,-0.0532569738383903));
#3187=CARTESIAN_POINT('',(-0.0626485298686995,0.0158413396094269,-0.0521880270596874));
#3188=CARTESIAN_POINT('',(-0.0631790939846619,0.0157746729427602,-0.0511190802809845));
#3189=CARTESIAN_POINT('',(-0.0643701111082934,0.0157080062760935,-0.051044088894393));
#3190=CARTESIAN_POINT('',(-0.0655611282319249,0.0156413396094268,-0.0509690975078014));
#3191=CARTESIAN_POINT('',(-0.0662215812395939,0.0155746729427601,-0.0519630528999128));
#3192=CARTESIAN_POINT('',(-0.066882034247263,0.0155080062760935,-0.0529570082920242));
#3193=CARTESIAN_POINT('',(-0.0663514701313005,0.0154413396094268,-0.054025955070727));
#3194=CARTESIAN_POINT('',(-0.0658209060153381,0.0153746729427602,-0.0550949018494299));
#3195=CARTESIAN_POINT('',(-0.0646298888917066,0.0153080062760935,-0.0551698932360215));
#3196=CARTESIAN_POINT('',(-0.0634388717680751,0.0152413396094268,-0.055244884622613));
#3197=CARTESIAN_POINT('',(-0.0627784187604061,0.0151746729427601,-0.0542509292305017));
#3198=CARTESIAN_POINT('',(-0.0621179657527371,0.0151080062760935,-0.0532569738383903));
#3199=CARTESIAN_POINT('',(-0.0626485298686995,0.0150413396094269,-0.0521880270596874));
#3200=CARTESIAN_POINT('',(-0.0631790939846619,0.0149746729427602,-0.0511190802809845));
#3201=CARTESIAN_POINT('',(-0.0643701111082934,0.0149080062760935,-0.051044088894393));
#3202=CARTESIAN_POINT('',(-0.0655611282319249,0.0148413396094268,-0.0509690975078014));
#3203=CARTESIAN_POINT('',(-0.0662215812395939,0.0147746729427602,-0.0519630528999128));
#3204=CARTESIAN_POINT('',(-0.066882034247263,0.0147080062760935,-0.0529570082920242));
#3205=CARTESIAN_POINT('',(-0.0663514701313005,0.0146413396094268,-0.054025955070727));
#3206=CARTESIAN_POINT('',(-0.0658209060153381,0.0145746729427602,-0.0550949018494299));
#3207=CARTESIAN_POINT('',(-0.0646298888917066,0.0145080062760935,-0.0551698932360215));
#3208=CARTESIAN_POINT('',(-0.0634388717680751,0.0144413396094268,-0.055244884622613));
#3209=CARTESIAN_POINT('',(-0.0627784187604061,0.0143746729427602,-0.0542509292305017));
#3210=CARTESIAN_POINT('',(-0.0621179657527371,0.0143080062760935,-0.0532569738383903));
#3211=CARTESIAN_POINT('',(-0.0626485298686995,0.0142413396094268,-0.0521880270596874));
#3212=CARTESIAN_POINT('',(-0.0631790939846619,0.0141746729427602,-0.0511190802809845));
#3213=CARTESIAN_POINT('',(-0.0643701111082934,0.0141080062760935,-0.051044088894393));
#3214=CARTESIAN_POINT('',(-0.0655611282319249,0.0140413396094268,-0.0509690975078014));
#3215=CARTESIAN_POINT('',(-0.0662215812395939,0.0139746729427602,-0.0519630528999128));
#3216=CARTESIAN_POINT('',(-0.066882034247263,0.0139080062760935,-0.052957008292024));
#3217=CARTESIAN_POINT('',(-0.0663514701313005,0.0138413396094268,-0.054025955070727));
#3218=CARTESIAN_POINT('',(-0.0658209060153381,0.0137746729427602,-0.0550949018494299));
#3219=CARTESIAN_POINT('',(-0.0646298888917066,0.0137080062760935,-0.0551698932360215));
#3220=CARTESIAN_POINT('',(-0.0634388717680751,0.0136413396094268,-0.055244884622613));
#3221=CARTESIAN_POINT('',(-0.0627784187604061,0.0135746729427602,-0.0542509292305017));
#3222=CARTESIAN_POINT('',(-0.0621179657527371,0.0135080062760935,-0.0532569738383903));
#3223=CARTESIAN_POINT('',(-0.0626485298686995,0.0134413396094268,-0.0521880270596874));
#3224=CARTESIAN_POINT('',(-0.0631790939846619,0.0133746729427602,-0.0511190802809845));
#3225=CARTESIAN_POINT('',(-0.0643701111082934,0.0133080062760935,-0.051044088894393));
#3226=CARTESIAN_POINT('',(-0.0655611282319249,0.0132413396094268,-0.0509690975078014));
#3227=CARTESIAN_POINT('',(-0.0662215812395939,0.0131746729427602,-0.0519630528999128));
#3228=CARTESIAN_POINT('',(-0.066882034247263,0.0131080062760935,-0.052957008292024));
#3229=CARTESIAN_POINT('',(-0.0663514701313005,0.0130413396094268,-0.054025955070727));
#3230=CARTESIAN_POINT('',(-0.0658209060153381,0.0129746729427602,-0.0550949018494299));
#3231=CARTESIAN_POINT('',(-0.0646298888917066,0.0129080062760935,-0.0551698932360215));
#3232=CARTESIAN_POINT('',(-0.0634388717680751,0.0128413396094268,-0.055244884622613));
#3233=CARTESIAN_POINT('',(-0.0627784187604061,0.0127746729427602,-0.0542509292305017));
#3234=CARTESIAN_POINT('',(-0.0621179657527371,0.0127080062760935,-0.0532569738383903));
#3235=CARTESIAN_POINT('',(-0.0626485298686995,0.0126413396094268,-0.0521880270596874));
#3236=CARTESIAN_POINT('',(-0.0631790939846619,0.0125746729427602,-0.0511190802809845));
#3237=CARTESIAN_POINT('',(-0.0643701111082934,0.0125080062760935,-0.051044088894393));
#3238=CARTESIAN_POINT('',(-0.0655611282319249,0.0124413396094268,-0.0509690975078014));
#3239=CARTESIAN_POINT('',(-0.0662215812395939,0.0123746729427602,-0.0519630528999128));
#3240=CARTESIAN_POINT('',(-0.066882034247263,0.0123080062760935,-0.052957008292024));
#3241=CARTESIAN_POINT('',(-0.0663514701313005,0.0122413396094268,-0.054025955070727));
#3242=CARTESIAN_POINT('',(-0.0658209060153381,0.0121746729427601,-0.0550949018494299));
#3243=CARTESIAN_POINT('',(-0.0646298888917066,0.0121080062760935,-0.0551698932360215));
#3244=CARTESIAN_POINT('',(-0.0634388717680751,0.0120413396094268,-0.055244884622613));
#3245=CARTESIAN_POINT('',(-0.0627784187604061,0.0119746729427602,-0.0542509292305017));
#3246=CARTESIAN_POINT('',(-0.0621179657527371,0.0119080062760935,-0.0532569738383903));
#3247=CARTESIAN_POINT('',(-0.0626485298686995,0.0118413396094268,-0.0521880270596875));
#3248=CARTESIAN_POINT('',(-0.0631790939846619,0.0117746729427602,-0.0511190802809845));
#3249=CARTESIAN_POINT('',(-0.0643701111082934,0.0117080062760935,-0.051044088894393));
#3250=CARTESIAN_POINT('',(-0.0655611282319249,0.0116413396094268,-0.0509690975078014));
#3251=CARTESIAN_POINT('',(-0.0662215812395939,0.0115746729427602,-0.0519630528999128));
#3252=CARTESIAN_POINT('',(-0.066882034247263,0.0115080062760935,-0.052957008292024));
#3253=CARTESIAN_POINT('',(-0.0663514701313005,0.0114413396094268,-0.054025955070727));
#3254=CARTESIAN_POINT('',(-0.0658209060153381,0.0113746729427602,-0.0550949018494299));
#3255=CARTESIAN_POINT('',(-0.0646298888917066,0.0113080062760935,-0.0551698932360215));
#3256=CARTESIAN_POINT('',(-0.0634388717680751,0.0112413396094268,-0.055244884622613));
#3257=CARTESIAN_POINT('',(-0.0627784187604061,0.0111746729427602,-0.0542509292305017));
#3258=CARTESIAN_POINT('',(-0.0621179657527371,0.0111080062760935,-0.0532569738383903));
#3259=CARTESIAN_POINT('',(-0.0626485298686995,0.0110413396094268,-0.0521880270596874));
#3260=CARTESIAN_POINT('',(-0.0631790939846619,0.0109746729427602,-0.0511190802809845));
#3261=CARTESIAN_POINT('',(-0.0643701111082934,0.0109080062760935,-0.051044088894393));
#3262=CARTESIAN_POINT('',(-0.0655611282319249,0.0108413396094268,-0.0509690975078014));
#3263=CARTESIAN_POINT('',(-0.0662215812395939,0.0107746729427602,-0.0519630528999128));
#3264=CARTESIAN_POINT('',(-0.066882034247263,0.0107080062760935,-0.052957008292024));
#3265=CARTESIAN_POINT('',(-0.0663514701313005,0.0106413396094268,-0.054025955070727));
#3266=CARTESIAN_POINT('',(-0.0658209060153381,0.0105746729427602,-0.0550949018494299));
#3267=CARTESIAN_POINT('',(-0.0646298888917066,0.0105080062760935,-0.0551698932360215));
#3268=CARTESIAN_POINT('',(-0.0634388717680751,0.0104413396094268,-0.055244884622613));
#3269=CARTESIAN_POINT('',(-0.0627784187604061,0.0103746729427602,-0.0542509292305017));
#3270=CARTESIAN_POINT('',(-0.0621179657527371,0.0103080062760935,-0.0532569738383903));
#3271=CARTESIAN_POINT('',(-0.0626485298686995,0.0102413396094268,-0.0521880270596875));
#3272=CARTESIAN_POINT('',(-0.0631790939846619,0.0101746729427602,-0.0511190802809846));
#3273=CARTESIAN_POINT('',(-0.0643701111082934,0.0101080062760935,-0.051044088894393));
#3274=CARTESIAN_POINT('',(-0.0655611282319249,0.0100413396094268,-0.0509690975078014));
#3275=CARTESIAN_POINT('',(-0.0662215812395939,0.00997467294276017,-0.0519630528999128));
#3276=CARTESIAN_POINT('',(-0.066882034247263,0.0099080062760935,-0.052957008292024));
#3277=CARTESIAN_POINT('',(-0.0663514701313005,0.00984133960942683,-0.054025955070727));
#3278=CARTESIAN_POINT('',(-0.0658209060153381,0.00977467294276016,-0.0550949018494299));
#3279=CARTESIAN_POINT('',(-0.0646298888917066,0.0097080062760935,-0.0551698932360215));
#3280=CARTESIAN_POINT('',(-0.0634388717680751,0.00964133960942683,-0.055244884622613));
#3281=CARTESIAN_POINT('',(-0.0627784187604061,0.00957467294276017,-0.0542509292305017));
#3282=CARTESIAN_POINT('',(-0.0621179657527371,0.0095080062760935,-0.0532569738383903));
#3283=CARTESIAN_POINT('',(-0.0626485298686995,0.00944133960942684,-0.0521880270596874));
#3284=CARTESIAN_POINT('',(-0.0631790939846619,0.00937467294276017,-0.0511190802809845));
#3285=CARTESIAN_POINT('',(-0.0643701111082934,0.0093080062760935,-0.051044088894393));
#3286=CARTESIAN_POINT('',(-0.0655611282319249,0.00924133960942683,-0.0509690975078014));
#3287=CARTESIAN_POINT('',(-0.0662215812395939,0.00917467294276017,-0.0519630528999128));
#3288=CARTESIAN_POINT('',(-0.066882034247263,0.0091080062760935,-0.052957008292024));
#3289=CARTESIAN_POINT('',(-0.0663514701313005,0.00904133960942683,-0.054025955070727));
#3290=CARTESIAN_POINT('',(-0.0658209060153381,0.00897467294276016,-0.0550949018494299));
#3291=CARTESIAN_POINT('',(-0.0646298888917066,0.0089080062760935,-0.0551698932360215));
#3292=CARTESIAN_POINT('',(-0.0634388717680751,0.00884133960942684,-0.055244884622613));
#3293=CARTESIAN_POINT('',(-0.0627784187604061,0.00877467294276017,-0.0542509292305017));
#3294=CARTESIAN_POINT('',(-0.0621179657527371,0.0087080062760935,-0.0532569738383903));
#3295=CARTESIAN_POINT('',(-0.0626485298686995,0.00864133960942684,-0.0521880270596875));
#3296=CARTESIAN_POINT('',(-0.0631790939846619,0.00857467294276017,-0.0511190802809846));
#3297=CARTESIAN_POINT('',(-0.0643701111082934,0.0085080062760935,-0.051044088894393));
#3298=CARTESIAN_POINT('',(-0.0655611282319249,0.00844133960942683,-0.0509690975078014));
#3299=CARTESIAN_POINT('',(-0.0662215812395939,0.00837467294276017,-0.0519630528999127));
#3300=CARTESIAN_POINT('',(-0.066882034247263,0.0083080062760935,-0.052957008292024));
#3301=CARTESIAN_POINT('',(-0.0663514701313005,0.00824133960942684,-0.054025955070727));
#3302=CARTESIAN_POINT('',(-0.0658209060153381,0.00817467294276016,-0.0550949018494299));
#3303=CARTESIAN_POINT('',(-0.0646298888917066,0.0081080062760935,-0.0551698932360215));
#3304=CARTESIAN_POINT('',(-0.0634388717680751,0.00804133960942683,-0.055244884622613));
#3305=CARTESIAN_POINT('',(-0.0627784187604061,0.00797467294276017,-0.0542509292305017));
#3306=CARTESIAN_POINT('',(-0.0621179657527371,0.0079080062760935,-0.0532569738383903));
#3307=CARTESIAN_POINT('',(-0.0626485298686995,0.00784133960942684,-0.0521880270596874));
#3308=CARTESIAN_POINT('',(-0.0631790939846619,0.00777467294276016,-0.0511190802809845));
#3309=CARTESIAN_POINT('',(-0.0643701111082934,0.0077080062760935,-0.051044088894393));
#3310=CARTESIAN_POINT('',(-0.0655611282319249,0.00764133960942683,-0.0509690975078014));
#3311=CARTESIAN_POINT('',(-0.0662215812395939,0.00757467294276017,-0.0519630528999128));
#3312=CARTESIAN_POINT('',(-0.066882034247263,0.00750800627609351,-0.052957008292024));
#3313=CARTESIAN_POINT('',(-0.0663514701313005,0.00744133960942683,-0.054025955070727));
#3314=CARTESIAN_POINT('',(-0.0658209060153381,0.00737467294276017,-0.0550949018494299));
#3315=CARTESIAN_POINT('',(-0.0646298888917066,0.0073080062760935,-0.0551698932360215));
#3316=CARTESIAN_POINT('',(-0.0634388717680752,0.00724133960942683,-0.055244884622613));
#3317=CARTESIAN_POINT('',(-0.0627784187604061,0.00717467294276017,-0.0542509292305017));
#3318=CARTESIAN_POINT('',(-0.0621179657527371,0.0071080062760935,-0.0532569738383903));
#3319=CARTESIAN_POINT('',(-0.0626485298686995,0.00704133960942684,-0.0521880270596874));
#3320=CARTESIAN_POINT('',(-0.0631790939846619,0.00697467294276017,-0.0511190802809846));
#3321=CARTESIAN_POINT('',(-0.0643701111082934,0.0069080062760935,-0.051044088894393));
#3322=CARTESIAN_POINT('',(-0.0655611282319249,0.00684133960942684,-0.0509690975078014));
#3323=CARTESIAN_POINT('',(-0.0662215812395939,0.00677467294276017,-0.0519630528999127));
#3324=CARTESIAN_POINT('',(-0.066882034247263,0.0067080062760935,-0.0529570082920242));
#3325=CARTESIAN_POINT('',(-0.0663514701313005,0.00664133960942684,-0.054025955070727));
#3326=CARTESIAN_POINT('',(-0.0658209060153381,0.00657467294276017,-0.0550949018494298));
#3327=CARTESIAN_POINT('',(-0.0646298888917066,0.0065080062760935,-0.0551698932360215));
#3328=CARTESIAN_POINT('',(-0.0634388717680751,0.00644133960942683,-0.055244884622613));
#3329=CARTESIAN_POINT('',(-0.0627784187604061,0.00637467294276017,-0.0542509292305017));
#3330=CARTESIAN_POINT('',(-0.0621179657527371,0.0063080062760935,-0.0532569738383903));
#3331=CARTESIAN_POINT('',(-0.0626485298686995,0.00624133960942683,-0.0521880270596875));
#3332=CARTESIAN_POINT('',(-0.0631790939846619,0.00617467294276016,-0.0511190802809845));
#3333=CARTESIAN_POINT('',(-0.0643701111082934,0.0061080062760935,-0.051044088894393));
#3334=CARTESIAN_POINT('',(-0.0655611282319249,0.00604133960942684,-0.0509690975078014));
#3335=CARTESIAN_POINT('',(-0.0662215812395939,0.00597467294276017,-0.0519630528999128));
#3336=CARTESIAN_POINT('',(-0.0668820342472629,0.0059080062760935,-0.052957008292024));
#3337=CARTESIAN_POINT('',(-0.0663514701313005,0.00584133960942684,-0.054025955070727));
#3338=CARTESIAN_POINT('',(-0.0658209060153381,0.00577467294276017,-0.0550949018494299));
#3339=CARTESIAN_POINT('',(-0.0646298888917066,0.0057080062760935,-0.0551698932360215));
#3340=CARTESIAN_POINT('',(-0.0634388717680751,0.00564133960942683,-0.055244884622613));
#3341=CARTESIAN_POINT('',(-0.0627784187604061,0.00557467294276017,-0.0542509292305017));
#3342=CARTESIAN_POINT('',(-0.0621179657527371,0.0055080062760935,-0.0532569738383903));
#3343=CARTESIAN_POINT('',(-0.0626485298686995,0.00544133960942684,-0.0521880270596875));
#3344=CARTESIAN_POINT('',(-0.0631790939846619,0.00537467294276016,-0.0511190802809846));
#3345=CARTESIAN_POINT('',(-0.0643701111082934,0.0053080062760935,-0.051044088894393));
#3346=CARTESIAN_POINT('',(-0.0655611282319249,0.00524133960942684,-0.0509690975078014));
#3347=CARTESIAN_POINT('',(-0.0662215812395939,0.00517467294276017,-0.0519630528999128));
#3348=CARTESIAN_POINT('',(-0.066882034247263,0.0051080062760935,-0.052957008292024));
#3349=CARTESIAN_POINT('',(-0.0663514701313005,0.00504133960942683,-0.054025955070727));
#3350=CARTESIAN_POINT('',(-0.0658209060153381,0.00497467294276017,-0.0550949018494299));
#3351=CARTESIAN_POINT('',(-0.0646298888917067,0.0049080062760935,-0.0551698932360215));
#3352=CARTESIAN_POINT('',(-0.0634388717680751,0.00484133960942684,-0.055244884622613));
#3353=CARTESIAN_POINT('',(-0.0627784187604061,0.00477467294276017,-0.0542509292305017));
#3354=CARTESIAN_POINT('',(-0.0621179657527371,0.0047080062760935,-0.0532569738383903));
#3355=CARTESIAN_POINT('',(-0.0626485298686995,0.00464133960942683,-0.0521880270596874));
#3356=CARTESIAN_POINT('',(-0.0631790939846619,0.00457467294276017,-0.0511190802809846));
#3357=CARTESIAN_POINT('',(-0.0643701111082934,0.0045080062760935,-0.051044088894393));
#3358=CARTESIAN_POINT('',(-0.0655611282319249,0.00444133960942683,-0.0509690975078014));
#3359=CARTESIAN_POINT('',(-0.0662215812395939,0.00437467294276017,-0.0519630528999127));
#3360=CARTESIAN_POINT('',(-0.066882034247263,0.0043080062760935,-0.052957008292024));
#3361=CARTESIAN_POINT('',(-0.0663514701313005,0.00424133960942684,-0.054025955070727));
#3362=CARTESIAN_POINT('',(-0.0658209060153381,0.00417467294276017,-0.0550949018494299));
#3363=CARTESIAN_POINT('',(-0.0646298888917066,0.0041080062760935,-0.0551698932360215));
#3364=CARTESIAN_POINT('',(-0.0634388717680752,0.00404133960942683,-0.055244884622613));
#3365=CARTESIAN_POINT('',(-0.0627784187604061,0.00397467294276017,-0.0542509292305017));
#3366=CARTESIAN_POINT('',(-0.0621179657527371,0.0039080062760935,-0.0532569738383903));
#3367=CARTESIAN_POINT('',(-0.0626485298686995,0.00384133960942683,-0.0521880270596874));
#3368=CARTESIAN_POINT('',(-0.0631790939846619,0.00377467294276017,-0.0511190802809846));
#3369=CARTESIAN_POINT('',(-0.0643701111082933,0.0037080062760935,-0.051044088894393));
#3370=CARTESIAN_POINT('',(-0.0655611282319249,0.00364133960942683,-0.0509690975078014));
#3371=CARTESIAN_POINT('',(-0.0662215812395939,0.00357467294276017,-0.0519630528999127));
#3372=CARTESIAN_POINT('',(-0.066882034247263,0.00350800627609349,-0.0529570082920242));
#3373=CARTESIAN_POINT('',(-0.0663514701313005,0.00344133960942684,-0.054025955070727));
#3374=CARTESIAN_POINT('',(-0.0658209060153381,0.00337467294276017,-0.0550949018494298));
#3375=CARTESIAN_POINT('',(-0.0646298888917066,0.0033080062760935,-0.0551698932360215));
#3376=CARTESIAN_POINT('',(-0.0634388717680751,0.00324133960942683,-0.055244884622613));
#3377=CARTESIAN_POINT('',(-0.0627784187604061,0.00317467294276017,-0.0542509292305017));
#3378=CARTESIAN_POINT('',(-0.0621179657527371,0.0031080062760935,-0.0532569738383903));
#3379=CARTESIAN_POINT('',(-0.0626485298686995,0.00304133960942684,-0.0521880270596875));
#3380=CARTESIAN_POINT('',(-0.0631790939846619,0.00297467294276017,-0.0511190802809845));
#3381=CARTESIAN_POINT('',(-0.0643701111082934,0.0029080062760935,-0.051044088894393));
#3382=CARTESIAN_POINT('',(-0.0655611282319247,0.00284133960942683,-0.0509690975078014));
#3383=CARTESIAN_POINT('',(-0.0662215812395939,0.00277467294276017,-0.0519630528999128));
#3384=CARTESIAN_POINT('',(-0.0668820342472629,0.0027080062760935,-0.052957008292024));
#3385=CARTESIAN_POINT('',(-0.0663514701313005,0.00264133960942684,-0.054025955070727));
#3386=CARTESIAN_POINT('',(-0.0658209060153381,0.00257467294276017,-0.0550949018494299));
#3387=CARTESIAN_POINT('',(-0.0646298888917067,0.0025080062760935,-0.0551698932360215));
#3388=CARTESIAN_POINT('',(-0.0634388717680751,0.00244133960942684,-0.055244884622613));
#3389=CARTESIAN_POINT('',(-0.0627784187604061,0.00237467294276017,-0.0542509292305017));
#3390=CARTESIAN_POINT('',(-0.0621179657527371,0.0023080062760935,-0.0532569738383903));
#3391=CARTESIAN_POINT('',(-0.0626485298686995,0.00224133960942684,-0.0521880270596875));
#3392=CARTESIAN_POINT('',(-0.0631790939846619,0.00217467294276017,-0.0511190802809846));
#3393=CARTESIAN_POINT('',(-0.0643701111082934,0.0021080062760935,-0.051044088894393));
#3394=CARTESIAN_POINT('',(-0.0655611282319249,0.00204133960942683,-0.0509690975078014));
#3395=CARTESIAN_POINT('',(-0.0662215812395939,0.00197467294276017,-0.0519630528999128));
#3396=CARTESIAN_POINT('',(-0.066882034247263,0.0019080062760935,-0.052957008292024));
#3397=CARTESIAN_POINT('',(-0.0663514701313005,0.00184133960942683,-0.054025955070727));
#3398=CARTESIAN_POINT('',(-0.0658209060153381,0.00177467294276016,-0.0550949018494299));
#3399=CARTESIAN_POINT('',(-0.0646298888917067,0.0017080062760935,-0.0551698932360215));
#3400=CARTESIAN_POINT('',(-0.0634388717680751,0.00164133960942683,-0.055244884622613));
#3401=CARTESIAN_POINT('',(-0.0627784187604061,0.00157467294276017,-0.0542509292305017));
#3402=CARTESIAN_POINT('',(-0.0621179657527371,0.0015080062760935,-0.0532569738383903));
#3403=CARTESIAN_POINT('',(-0.0626485298686995,0.00144133960942683,-0.0521880270596874));
#3404=CARTESIAN_POINT('',(-0.0631790939846619,0.00137467294276017,-0.0511190802809846));
#3405=CARTESIAN_POINT('',(-0.0643701111082934,0.0013080062760935,-0.051044088894393));
#3406=CARTESIAN_POINT('',(-0.0655611282319249,0.00124133960942683,-0.0509690975078014));
#3407=CARTESIAN_POINT('',(-0.0662215812395939,0.00117467294276017,-0.0519630528999127));
#3408=CARTESIAN_POINT('',(-0.066882034247263,0.0011080062760935,-0.052957008292024));
#3409=CARTESIAN_POINT('',(-0.0663514701313005,0.00104133960942683,-0.054025955070727));
#3410=CARTESIAN_POINT('',(-0.0658209060153381,0.000974672942760168,-0.0550949018494299));
#3411=CARTESIAN_POINT('',(-0.0646298888917066,0.000908006276093502,-0.0551698932360215));
#3412=CARTESIAN_POINT('',(-0.0634388717680752,0.000841339609426833,-0.055244884622613));
#3413=CARTESIAN_POINT('',(-0.0627784187604061,0.000774672942760169,-0.0542509292305017));
#3414=CARTESIAN_POINT('',(-0.0621179657527371,0.000708006276093502,-0.0532569738383903));
#3415=CARTESIAN_POINT('',(-0.0626485298686995,0.000641339609426833,-0.0521880270596874));
#3416=CARTESIAN_POINT('',(-0.0631790939846619,0.000574672942760168,-0.0511190802809846));
#3417=CARTESIAN_POINT('',(-0.0643701111082933,0.000508006276093501,-0.051044088894393));
#3418=CARTESIAN_POINT('',(-0.0655611282319249,0.000441339609426832,-0.0509690975078014));
#3419=CARTESIAN_POINT('',(-0.0662215812395939,0.000374672942760168,-0.0519630528999127));
#3420=CARTESIAN_POINT('',(-0.0668820342472629,0.000308006276093502,-0.052957008292024));
#3421=CARTESIAN_POINT('',(-0.0663514701313005,0.000241339609426835,-0.054025955070727));
#3422=CARTESIAN_POINT('',(-0.0658209060153381,0.000174672942760166,-0.0550949018494298));
#3423=CARTESIAN_POINT('',(-0.0646298888917066,0.000108006276093503,-0.0551698932360215));
#3424=CARTESIAN_POINT('',(-0.0634388717680751,4.13396094268312E-5,-0.055244884622613));
#3425=CARTESIAN_POINT('',(-0.0627784187604061,-2.5327057239833E-5,-0.0542509292305017));
#3426=CARTESIAN_POINT('',(-0.0621179657527371,-9.19937239064998E-5,-0.0532569738383903));
#3427=CARTESIAN_POINT('',(-0.0626485298686995,-0.000158660390573166,-0.0521880270596875));
#3428=CARTESIAN_POINT('',(-0.0631790939846619,-0.000225327057239831,-0.0511190802809845));
#3429=CARTESIAN_POINT('',(-0.0643701111082934,-0.000291993723906498,-0.051044088894393));
#3430=CARTESIAN_POINT('',(-0.0655611282319247,-0.000358660390573166,-0.0509690975078014));
#3431=CARTESIAN_POINT('',(-0.0662215812395939,-0.000425327057239831,-0.0519630528999128));
#3432=CARTESIAN_POINT('',(-0.0668820342472629,-0.000491993723906501,-0.052957008292024));
#3433=CARTESIAN_POINT('',(-0.0663514701313005,-0.000558660390573167,-0.054025955070727));
#3434=CARTESIAN_POINT('',(-0.0658209060153381,-0.000625327057239831,-0.0550949018494298));
#3435=CARTESIAN_POINT('',(-0.0646298888917067,-0.000691993723906499,-0.0551698932360215));
#3436=CARTESIAN_POINT('',(-0.0634388717680751,-0.000758660390573167,-0.055244884622613));
#3437=CARTESIAN_POINT('',(-0.0627784187604061,-0.000825327057239832,-0.0542509292305017));
#3438=CARTESIAN_POINT('',(-0.0621179657527371,-0.000891993723906498,-0.0532569738383903));
#3439=CARTESIAN_POINT('',(-0.0626485298686995,-0.000958660390573164,-0.0521880270596875));
#3440=CARTESIAN_POINT('',(-0.0631790939846619,-0.00102532705723983,-0.0511190802809846));
#3441=CARTESIAN_POINT('',(-0.0643701111082934,-0.0010919937239065,-0.051044088894393));
#3442=CARTESIAN_POINT('',(-0.0655611282319249,-0.00115866039057317,-0.0509690975078014));
#3443=CARTESIAN_POINT('',(-0.0662215812395939,-0.00122532705723983,-0.0519630528999128));
#3444=CARTESIAN_POINT('',(-0.066882034247263,-0.0012919937239065,-0.052957008292024));
#3445=CARTESIAN_POINT('',(-0.0663514701313005,-0.00135866039057316,-0.054025955070727));
#3446=CARTESIAN_POINT('',(-0.0658209060153381,-0.00142532705723983,-0.0550949018494299));
#3447=CARTESIAN_POINT('',(-0.0646298888917067,-0.0014919937239065,-0.0551698932360215));
#3448=CARTESIAN_POINT('',(-0.0634388717680751,-0.00155866039057316,-0.055244884622613));
#3449=CARTESIAN_POINT('',(-0.0627784187604061,-0.00162532705723984,-0.0542509292305017));
#3450=CARTESIAN_POINT('',(-0.0621179657527371,-0.0016919937239065,-0.0532569738383903));
#3451=CARTESIAN_POINT('',(-0.0626485298686995,-0.00175866039057316,-0.0521880270596874));
#3452=CARTESIAN_POINT('',(-0.0631790939846619,-0.00182532705723984,-0.0511190802809846));
#3453=CARTESIAN_POINT('',(-0.0643701111082934,-0.0018919937239065,-0.051044088894393));
#3454=CARTESIAN_POINT('',(-0.0655611282319249,-0.00195866039057317,-0.0509690975078014));
#3455=CARTESIAN_POINT('',(-0.0662215812395939,-0.00202532705723983,-0.0519630528999127));
#3456=CARTESIAN_POINT('',(-0.066882034247263,-0.0020919937239065,-0.052957008292024));
#3457=CARTESIAN_POINT('',(-0.0663514701313005,-0.00215866039057317,-0.054025955070727));
#3458=CARTESIAN_POINT('',(-0.0658209060153381,-0.00222532705723983,-0.0550949018494298));
#3459=CARTESIAN_POINT('',(-0.0646298888917066,-0.0022919937239065,-0.0551698932360215));
#3460=CARTESIAN_POINT('',(-0.0634388717680752,-0.00235866039057317,-0.055244884622613));
#3461=CARTESIAN_POINT('',(-0.0627784187604061,-0.00242532705723983,-0.0542509292305017));
#3462=CARTESIAN_POINT('',(-0.0621179657527371,-0.00249199372390649,-0.0532569738383903));
#3463=CARTESIAN_POINT('',(-0.0626485298686995,-0.00255866039057317,-0.0521880270596875));
#3464=CARTESIAN_POINT('',(-0.0631790939846619,-0.00262532705723983,-0.0511190802809846));
#3465=CARTESIAN_POINT('',(-0.0643701111082933,-0.0026919937239065,-0.051044088894393));
#3466=CARTESIAN_POINT('',(-0.0655611282319249,-0.00275866039057317,-0.0509690975078014));
#3467=CARTESIAN_POINT('',(-0.0662215812395939,-0.00282532705723984,-0.0519630528999127));
#3468=CARTESIAN_POINT('',(-0.0668820342472629,-0.0028919937239065,-0.052957008292024));
#3469=CARTESIAN_POINT('',(-0.0663514701313005,-0.00295866039057317,-0.054025955070727));
#3470=CARTESIAN_POINT('',(-0.0658209060153381,-0.00302532705723983,-0.0550949018494298));
#3471=CARTESIAN_POINT('',(-0.0646298888917066,-0.0030919937239065,-0.0551698932360215));
#3472=CARTESIAN_POINT('',(-0.0634388717680751,-0.00315866039057317,-0.055244884622613));
#3473=CARTESIAN_POINT('',(-0.0627784187604061,-0.00322532705723983,-0.0542509292305017));
#3474=CARTESIAN_POINT('',(-0.0621179657527371,-0.00329199372390649,-0.0532569738383903));
#3475=CARTESIAN_POINT('',(-0.0626485298686995,-0.00335866039057317,-0.0521880270596875));
#3476=CARTESIAN_POINT('',(-0.0631790939846619,-0.00342532705723983,-0.0511190802809845));
#3477=CARTESIAN_POINT('',(-0.0643701111082934,-0.0034919937239065,-0.051044088894393));
#3478=CARTESIAN_POINT('',(-0.0655611282319247,-0.00355866039057317,-0.0509690975078014));
#3479=CARTESIAN_POINT('',(-0.0662215812395939,-0.00362532705723983,-0.0519630528999127));
#3480=CARTESIAN_POINT('',(-0.0668820342472629,-0.0036919937239065,-0.052957008292024));
#3481=CARTESIAN_POINT('',(-0.0663514701313005,-0.00375866039057317,-0.054025955070727));
#3482=CARTESIAN_POINT('',(-0.0658209060153381,-0.00382532705723983,-0.0550949018494298));
#3483=CARTESIAN_POINT('',(-0.0646298888917067,-0.0038919937239065,-0.0551698932360215));
#3484=CARTESIAN_POINT('',(-0.0634388717680751,-0.00395866039057317,-0.055244884622613));
#3485=CARTESIAN_POINT('',(-0.0627784187604061,-0.00402532705723983,-0.0542509292305017));
#3486=CARTESIAN_POINT('',(-0.0621179657527371,-0.0040919937239065,-0.0532569738383903));
#3487=CARTESIAN_POINT('',(-0.0626485298686995,-0.00415866039057316,-0.0521880270596875));
#3488=CARTESIAN_POINT('',(-0.0631790939846619,-0.00422532705723983,-0.0511190802809846));
#3489=CARTESIAN_POINT('',(-0.0643701111082934,-0.0042919937239065,-0.051044088894393));
#3490=CARTESIAN_POINT('',(-0.0655611282319249,-0.00435866039057316,-0.0509690975078014));
#3491=CARTESIAN_POINT('',(-0.0662215812395939,-0.00442532705723983,-0.0519630528999127));
#3492=CARTESIAN_POINT('',(-0.066882034247263,-0.0044919937239065,-0.052957008292024));
#3493=CARTESIAN_POINT('',(-0.0663514701313005,-0.00455866039057317,-0.054025955070727));
#3494=CARTESIAN_POINT('',(-0.0658209060153381,-0.00462532705723984,-0.0550949018494299));
#3495=CARTESIAN_POINT('',(-0.0646298888917067,-0.0046919937239065,-0.0551698932360215));
#3496=CARTESIAN_POINT('',(-0.0634388717680752,-0.00475866039057316,-0.055244884622613));
#3497=CARTESIAN_POINT('',(-0.0627784187604061,-0.00482532705723983,-0.0542509292305017));
#3498=CARTESIAN_POINT('',(-0.0621179657527371,-0.0048919937239065,-0.0532569738383903));
#3499=CARTESIAN_POINT('',(-0.0626485298686995,-0.00495866039057316,-0.0521880270596875));
#3500=CARTESIAN_POINT('',(-0.0631790939846619,-0.00502532705723984,-0.0511190802809846));
#3501=CARTESIAN_POINT('',(-0.0643701111082933,-0.0050919937239065,-0.051044088894393));
#3502=CARTESIAN_POINT('',(-0.0655611282319249,-0.00515866039057317,-0.0509690975078014));
#3503=CARTESIAN_POINT('',(-0.0662215812395939,-0.00522532705723983,-0.0519630528999127));
#3504=CARTESIAN_POINT('',(-0.066882034247263,-0.0052919937239065,-0.052957008292024));
#3505=CARTESIAN_POINT('',(-0.0663514701313005,-0.00535866039057317,-0.054025955070727));
#3506=CARTESIAN_POINT('',(-0.0658209060153381,-0.00542532705723984,-0.0550949018494298));
#3507=CARTESIAN_POINT('',(-0.0646298888917066,-0.0054919937239065,-0.0551698932360215));
#3508=CARTESIAN_POINT('',(-0.0634388717680752,-0.00555866039057316,-0.055244884622613));
#3509=CARTESIAN_POINT('',(-0.0627784187604061,-0.00562532705723983,-0.0542509292305017));
#3510=CARTESIAN_POINT('',(-0.0621179657527371,-0.0056919937239065,-0.0532569738383903));
#3511=CARTESIAN_POINT('',(-0.0626485298686995,-0.00575866039057317,-0.0521880270596875));
#3512=CARTESIAN_POINT('',(-0.0631790939846619,-0.00582532705723983,-0.0511190802809846));
#3513=CARTESIAN_POINT('',(-0.0643701111082933,-0.0058919937239065,-0.051044088894393));
#3514=CARTESIAN_POINT('',(-0.0655611282319249,-0.00595866039057317,-0.0509690975078014));
#3515=CARTESIAN_POINT('',(-0.0662215812395939,-0.00602532705723983,-0.0519630528999127));
#3516=CARTESIAN_POINT('',(-0.0668820342472629,-0.0060919937239065,-0.052957008292024));
#3517=CARTESIAN_POINT('',(-0.0663514701313005,-0.00615866039057316,-0.054025955070727));
#3518=CARTESIAN_POINT('',(-0.0658209060153381,-0.00622532705723983,-0.0550949018494298));
#3519=CARTESIAN_POINT('',(-0.0646298888917066,-0.0062919937239065,-0.0551698932360215));
#3520=CARTESIAN_POINT('',(-0.0634388717680751,-0.00635866039057316,-0.055244884622613));
#3521=CARTESIAN_POINT('',(-0.0627784187604061,-0.00642532705723983,-0.0542509292305017));
#3522=CARTESIAN_POINT('',(-0.0621179657527371,-0.0064919937239065,-0.0532569738383903));
#3523=CARTESIAN_POINT('',(-0.0626485298686995,-0.00655866039057317,-0.0521880270596875));
#3524=CARTESIAN_POINT('',(-0.0631790939846619,-0.00662532705723983,-0.0511190802809845));
#3525=CARTESIAN_POINT('',(-0.0643701111082934,-0.0066919937239065,-0.051044088894393));
#3526=CARTESIAN_POINT('',(-0.0655611282319247,-0.00675866039057317,-0.0509690975078014));
#3527=CARTESIAN_POINT('',(-0.0662215812395939,-0.00682532705723983,-0.0519630528999127));
#3528=CARTESIAN_POINT('',(-0.0668820342472629,-0.00689199372390651,-0.052957008292024));
#3529=CARTESIAN_POINT('',(-0.0663514701313006,-0.00695866039057317,-0.054025955070727));
#3530=CARTESIAN_POINT('',(-0.0658209060153381,-0.00702532705723983,-0.0550949018494298));
#3531=CARTESIAN_POINT('',(-0.0646298888917067,-0.0070919937239065,-0.0551698932360215));
#3532=CARTESIAN_POINT('',(-0.0634388717680751,-0.00715866039057316,-0.055244884622613));
#3533=CARTESIAN_POINT('',(-0.0627784187604061,-0.00722532705723983,-0.0542509292305017));
#3534=CARTESIAN_POINT('',(-0.0621179657527371,-0.0072919937239065,-0.0532569738383903));
#3535=CARTESIAN_POINT('',(-0.0626485298686995,-0.00735866039057317,-0.0521880270596875));
#3536=CARTESIAN_POINT('',(-0.0631790939846619,-0.00742532705723984,-0.0511190802809846));
#3537=CARTESIAN_POINT('',(-0.0643701111082934,-0.0074919937239065,-0.051044088894393));
#3538=CARTESIAN_POINT('',(-0.0655611282319249,-0.00755866039057316,-0.0509690975078014));
#3539=CARTESIAN_POINT('',(-0.0662215812395939,-0.00762532705723984,-0.0519630528999127));
#3540=CARTESIAN_POINT('',(-0.0668820342472629,-0.0076919937239065,-0.052957008292024));
#3541=CARTESIAN_POINT('',(-0.0663514701313005,-0.00775866039057317,-0.054025955070727));
#3542=CARTESIAN_POINT('',(-0.0658209060153381,-0.00782532705723983,-0.0550949018494299));
#3543=CARTESIAN_POINT('',(-0.0646298888917067,-0.0078919937239065,-0.0551698932360215));
#3544=CARTESIAN_POINT('',(-0.0634388717680752,-0.00795866039057316,-0.055244884622613));
#3545=CARTESIAN_POINT('',(-0.0627784187604061,-0.00802532705723983,-0.0542509292305017));
#3546=CARTESIAN_POINT('',(-0.0621179657527371,-0.0080919937239065,-0.0532569738383903));
#3547=CARTESIAN_POINT('',(-0.0626485298686995,-0.00815866039057316,-0.0521880270596875));
#3548=CARTESIAN_POINT('',(-0.0631790939846619,-0.00822532705723983,-0.0511190802809846));
#3549=CARTESIAN_POINT('',(-0.0643701111082933,-0.0082919937239065,-0.051044088894393));
#3550=CARTESIAN_POINT('',(-0.0655611282319249,-0.00835866039057316,-0.0509690975078014));
#3551=CARTESIAN_POINT('',(-0.0662215812395939,-0.00842532705723983,-0.0519630528999127));
#3552=CARTESIAN_POINT('',(-0.066882034247263,-0.00849199372390649,-0.052957008292024));
#3553=CARTESIAN_POINT('',(-0.0663514701313005,-0.00855866039057316,-0.054025955070727));
#3554=CARTESIAN_POINT('',(-0.0658209060153381,-0.00862532705723983,-0.0550949018494298));
#3555=CARTESIAN_POINT('',(-0.0646298888917067,-0.00869199372390649,-0.0551698932360215));
#3556=CARTESIAN_POINT('',(-0.0634388717680752,-0.00875866039057317,-0.055244884622613));
#3557=CARTESIAN_POINT('',(-0.0627784187604061,-0.00882532705723983,-0.0542509292305017));
#3558=CARTESIAN_POINT('',(-0.0621179657527371,-0.0088919937239065,-0.0532569738383903));
#3559=CARTESIAN_POINT('',(-0.0626485298686995,-0.00895866039057316,-0.0521880270596874));
#3560=CARTESIAN_POINT('',(-0.0631790939846619,-0.00902532705723983,-0.0511190802809846));
#3561=CARTESIAN_POINT('',(-0.0643701111082933,-0.0090919937239065,-0.051044088894393));
#3562=CARTESIAN_POINT('',(-0.0655611282319249,-0.00915866039057316,-0.0509690975078014));
#3563=CARTESIAN_POINT('',(-0.0662215812395939,-0.00922532705723983,-0.0519630528999127));
#3564=CARTESIAN_POINT('',(-0.0668820342472629,-0.00929199372390649,-0.052957008292024));
#3565=CARTESIAN_POINT('',(-0.0663514701313005,-0.00935866039057316,-0.054025955070727));
#3566=CARTESIAN_POINT('',(-0.0658209060153381,-0.00942532705723983,-0.0550949018494299));
#3567=CARTESIAN_POINT('',(-0.0646298888917067,-0.00949199372390649,-0.0551698932360215));
#3568=CARTESIAN_POINT('',(-0.0634388717680751,-0.00955866039057316,-0.055244884622613));
#3569=CARTESIAN_POINT('',(-0.0627784187604061,-0.00962532705723983,-0.0542509292305017));
#3570=CARTESIAN_POINT('',(-0.0621179657527371,-0.00969199372390649,-0.0532569738383905));
#3571=CARTESIAN_POINT('',(-0.0626485298686995,-0.00975866039057316,-0.0521880270596875));
#3572=CARTESIAN_POINT('',(-0.0631790939846619,-0.00982532705723982,-0.0511190802809845));
#3573=CARTESIAN_POINT('',(-0.0643701111082933,-0.0098919937239065,-0.051044088894393));
#3574=CARTESIAN_POINT('',(-0.0655611282319247,-0.00995866039057316,-0.0509690975078013));
#3575=CARTESIAN_POINT('',(-0.0662215812395939,-0.0100253270572398,-0.0519630528999127));
#3576=CARTESIAN_POINT('',(-0.066882034247263,-0.0100919937239065,-0.0529570082920242));
#3577=CARTESIAN_POINT('',(-0.0663514701313006,-0.0101586603905732,-0.054025955070727));
#3578=CARTESIAN_POINT('',(-0.0658209060153381,-0.0102253270572398,-0.0550949018494298));
#3579=CARTESIAN_POINT('',(-0.0646298888917066,-0.0102919937239065,-0.0551698932360215));
#3580=CARTESIAN_POINT('',(-0.0634388717680752,-0.0103586603905732,-0.055244884622613));
#3581=CARTESIAN_POINT('',(-0.0627784187604061,-0.0104253270572398,-0.0542509292305017));
#3582=CARTESIAN_POINT('',(-0.0621179657527371,-0.0104919937239065,-0.0532569738383903));
#3583=CARTESIAN_POINT('',(-0.0626485298686995,-0.0105586603905732,-0.0521880270596875));
#3584=CARTESIAN_POINT('',(-0.0631790939846619,-0.0106253270572398,-0.0511190802809846));
#3585=CARTESIAN_POINT('',(-0.0643701111082934,-0.0106919937239065,-0.051044088894393));
#3586=CARTESIAN_POINT('',(-0.0655611282319247,-0.0107586603905732,-0.0509690975078013));
#3587=CARTESIAN_POINT('',(-0.0662215812395939,-0.0108253270572398,-0.0519630528999127));
#3588=CARTESIAN_POINT('',(-0.0668820342472629,-0.0108919937239065,-0.052957008292024));
#3589=CARTESIAN_POINT('',(-0.0663514701313005,-0.0109586603905732,-0.054025955070727));
#3590=CARTESIAN_POINT('',(-0.0658209060153381,-0.0110253270572398,-0.0550949018494298));
#3591=CARTESIAN_POINT('',(-0.0646298888917067,-0.0110919937239065,-0.0551698932360215));
#3592=CARTESIAN_POINT('',(-0.0634388717680751,-0.0111586603905732,-0.055244884622613));
#3593=CARTESIAN_POINT('',(-0.0627784187604062,-0.0112253270572398,-0.0542509292305018));
#3594=CARTESIAN_POINT('',(-0.0621179657527371,-0.0112919937239065,-0.0532569738383903));
#3595=CARTESIAN_POINT('',(-0.0626485298686995,-0.0113586603905732,-0.0521880270596875));
#3596=CARTESIAN_POINT('',(-0.0631790939846619,-0.0114253270572398,-0.0511190802809846));
#3597=CARTESIAN_POINT('',(-0.0643701111082933,-0.0114919937239065,-0.051044088894393));
#3598=CARTESIAN_POINT('',(-0.0655611282319249,-0.0115586603905732,-0.0509690975078014));
#3599=CARTESIAN_POINT('',(-0.0662215812395939,-0.0116253270572398,-0.0519630528999128));
#3600=CARTESIAN_POINT('',(-0.0668820342472629,-0.0116919937239065,-0.052957008292024));
#3601=CARTESIAN_POINT('',(-0.0663514701313005,-0.0117586603905732,-0.054025955070727));
#3602=CARTESIAN_POINT('',(-0.0658209060153381,-0.0118253270572398,-0.0550949018494299));
#3603=CARTESIAN_POINT('',(-0.0646298888917067,-0.0118919937239065,-0.0551698932360215));
#3604=CARTESIAN_POINT('',(-0.0634388717680752,-0.0119586603905732,-0.055244884622613));
#3605=CARTESIAN_POINT('',(-0.0627784187604061,-0.0120253270572398,-0.0542509292305017));
#3606=CARTESIAN_POINT('',(-0.0621179657527371,-0.0120919937239065,-0.0532569738383905));
#3607=CARTESIAN_POINT('',(-0.0626485298686995,-0.0121586603905732,-0.0521880270596875));
#3608=CARTESIAN_POINT('',(-0.0631790939846619,-0.0122253270572398,-0.0511190802809846));
#3609=CARTESIAN_POINT('',(-0.0643701111082934,-0.0122919937239065,-0.051044088894393));
#3610=CARTESIAN_POINT('',(-0.0655611282319247,-0.0123586603905732,-0.0509690975078013));
#3611=CARTESIAN_POINT('',(-0.0662215812395939,-0.0124253270572398,-0.0519630528999127));
#3612=CARTESIAN_POINT('',(-0.066882034247263,-0.0124919937239065,-0.052957008292024));
#3613=CARTESIAN_POINT('',(-0.0663514701313006,-0.0125586603905732,-0.0540259550707269));
#3614=CARTESIAN_POINT('',(-0.0658209060153381,-0.0126253270572398,-0.0550949018494298));
#3615=CARTESIAN_POINT('',(-0.0646298888917066,-0.0126919937239065,-0.0551698932360215));
#3616=CARTESIAN_POINT('',(-0.0634388717680752,-0.0127586603905732,-0.055244884622613));
#3617=CARTESIAN_POINT('',(-0.0627784187604061,-0.0128253270572398,-0.0542509292305017));
#3618=CARTESIAN_POINT('',(-0.0621179657527371,-0.0128919937239065,-0.0532569738383903));
#3619=CARTESIAN_POINT('',(-0.0626485298686994,-0.0129586603905732,-0.0521880270596875));
#3620=CARTESIAN_POINT('',(-0.0631790939846619,-0.0130253270572398,-0.0511190802809846));
#3621=CARTESIAN_POINT('',(-0.0643701111082934,-0.0130919937239065,-0.051044088894393));
#3622=CARTESIAN_POINT('',(-0.0655611282319249,-0.0131586603905732,-0.0509690975078014));
#3623=CARTESIAN_POINT('',(-0.0662215812395939,-0.0132253270572398,-0.0519630528999127));
#3624=CARTESIAN_POINT('',(-0.0668820342472629,-0.0132919937239065,-0.052957008292024));
#3625=CARTESIAN_POINT('',(-0.0663514701313005,-0.0133586603905732,-0.054025955070727));
#3626=CARTESIAN_POINT('',(-0.0658209060153381,-0.0134253270572398,-0.0550949018494298));
#3627=CARTESIAN_POINT('',(-0.0646298888917067,-0.0134919937239065,-0.0551698932360215));
#3628=CARTESIAN_POINT('',(-0.0634388717680751,-0.0135586603905732,-0.055244884622613));
#3629=CARTESIAN_POINT('',(-0.0627784187604062,-0.0136253270572398,-0.0542509292305018));
#3630=CARTESIAN_POINT('',(-0.0621179657527371,-0.0136919937239065,-0.0532569738383903));
#3631=CARTESIAN_POINT('',(-0.0626485298686995,-0.0137586603905732,-0.0521880270596875));
#3632=CARTESIAN_POINT('',(-0.0631790939846619,-0.0138253270572398,-0.0511190802809845));
#3633=CARTESIAN_POINT('',(-0.0643701111082933,-0.0138919937239065,-0.051044088894393));
#3634=CARTESIAN_POINT('',(-0.0655611282319247,-0.0139586603905731,-0.0509690975078014));
#3635=CARTESIAN_POINT('',(-0.0662215812395939,-0.0140253270572398,-0.0519630528999128));
#3636=CARTESIAN_POINT('',(-0.0668820342472629,-0.0140919937239065,-0.052957008292024));
#3637=CARTESIAN_POINT('',(-0.0663514701313005,-0.0141586603905732,-0.054025955070727));
#3638=CARTESIAN_POINT('',(-0.0658209060153381,-0.0142253270572398,-0.0550949018494299));
#3639=CARTESIAN_POINT('',(-0.0646298888917067,-0.0142919937239065,-0.0551698932360215));
#3640=CARTESIAN_POINT('',(-0.0634388717680752,-0.0143586603905731,-0.055244884622613));
#3641=CARTESIAN_POINT('',(-0.0627784187604061,-0.0144253270572398,-0.0542509292305017));
#3642=CARTESIAN_POINT('',(-0.0621179657527371,-0.0144919937239065,-0.0532569738383903));
#3643=CARTESIAN_POINT('',(-0.0626485298686995,-0.0145586603905732,-0.0521880270596875));
#3644=CARTESIAN_POINT('',(-0.0631790939846619,-0.0146253270572398,-0.0511190802809846));
#3645=CARTESIAN_POINT('',(-0.0643701111082934,-0.0146919937239065,-0.051044088894393));
#3646=CARTESIAN_POINT('',(-0.0655611282319247,-0.0147586603905732,-0.0509690975078013));
#3647=CARTESIAN_POINT('',(-0.0662215812395939,-0.0148253270572398,-0.0519630528999127));
#3648=CARTESIAN_POINT('',(-0.066882034247263,-0.0148919937239065,-0.052957008292024));
#3649=CARTESIAN_POINT('',(-0.0663514701313006,-0.0149586603905732,-0.0540259550707269));
#3650=CARTESIAN_POINT('',(-0.0658209060153381,-0.0150253270572398,-0.0550949018494298));
#3651=CARTESIAN_POINT('',(-0.0646298888917067,-0.0150919937239065,-0.0551698932360215));
#3652=CARTESIAN_POINT('',(-0.0634388717680751,-0.0151586603905732,-0.055244884622613));
#3653=CARTESIAN_POINT('',(-0.0627784187604061,-0.0152253270572398,-0.0542509292305018));
#3654=CARTESIAN_POINT('',(-0.0621179657527371,-0.0152919937239065,-0.0532569738383903));
#3655=CARTESIAN_POINT('',(-0.0626485298686995,-0.0153586603905731,-0.0521880270596874));
#3656=CARTESIAN_POINT('',(-0.0631790939846619,-0.0154253270572398,-0.0511190802809846));
#3657=CARTESIAN_POINT('',(-0.0643701111082933,-0.0154919937239065,-0.051044088894393));
#3658=CARTESIAN_POINT('',(-0.0655611282319249,-0.0155586603905732,-0.0509690975078014));
#3659=CARTESIAN_POINT('',(-0.0662215812395939,-0.0156253270572398,-0.0519630528999127));
#3660=CARTESIAN_POINT('',(-0.0668820342472629,-0.0156919937239065,-0.052957008292024));
#3661=CARTESIAN_POINT('',(-0.0663514701313005,-0.0157586603905731,-0.054025955070727));
#3662=CARTESIAN_POINT('',(-0.0658209060153382,-0.0158253270572398,-0.0550949018494298));
#3663=CARTESIAN_POINT('',(-0.0646298888917067,-0.0158919937239065,-0.0551698932360215));
#3664=CARTESIAN_POINT('',(-0.0634388717680752,-0.0159586603905732,-0.055244884622613));
#3665=CARTESIAN_POINT('',(-0.0627784187604061,-0.0160253270572399,-0.0542509292305017));
#3666=CARTESIAN_POINT('',(-0.0621179657527371,-0.0160919937239065,-0.0532569738383905));
#3667=CARTESIAN_POINT('',(-0.0626485298686995,-0.0161586603905731,-0.0521880270596875));
#3668=CARTESIAN_POINT('',(-0.0631790939846619,-0.0162253270572398,-0.0511190802809846));
#3669=CARTESIAN_POINT('',(-0.0643701111082933,-0.0162919937239065,-0.051044088894393));
#3670=CARTESIAN_POINT('',(-0.0655611282319247,-0.0163586603905732,-0.0509690975078013));
#3671=CARTESIAN_POINT('',(-0.0662215812395939,-0.0164253270572399,-0.0519630528999127));
#3672=CARTESIAN_POINT('',(-0.0668820342472629,-0.0164919937239065,-0.0529570082920239));
#3673=CARTESIAN_POINT('',(-0.0663514701313006,-0.0165586603905731,-0.054025955070727));
#3674=CARTESIAN_POINT('',(-0.0658209060153381,-0.0166253270572398,-0.0550949018494298));
#3675=CARTESIAN_POINT('',(-0.0646298888917066,-0.0166919937239065,-0.0551698932360215));
#3676=CARTESIAN_POINT('',(-0.0634388717680752,-0.0167586603905732,-0.055244884622613));
#3677=CARTESIAN_POINT('',(-0.0627784187604061,-0.0168253270572399,-0.0542509292305017));
#3678=CARTESIAN_POINT('',(-0.0621179657527371,-0.0168919937239065,-0.0532569738383903));
#3679=CARTESIAN_POINT('',(-0.0626485298686994,-0.0169586603905732,-0.0521880270596875));
#3680=CARTESIAN_POINT('',(-0.0631790939846619,-0.0170253270572398,-0.0511190802809846));
#3681=CARTESIAN_POINT('',(-0.0643701111082934,-0.0170919937239065,-0.051044088894393));
#3682=CARTESIAN_POINT('',(-0.0655611282319247,-0.0171586603905732,-0.0509690975078013));
#3683=CARTESIAN_POINT('',(-0.0662215812395939,-0.0172253270572399,-0.0519630528999127));
#3684=CARTESIAN_POINT('',(-0.0668820342472629,-0.0172919937239065,-0.052957008292024));
#3685=CARTESIAN_POINT('',(-0.0663514701313005,-0.0173586603905731,-0.054025955070727));
#3686=CARTESIAN_POINT('',(-0.0658209060153381,-0.0174253270572399,-0.0550949018494298));
#3687=CARTESIAN_POINT('',(-0.0646298888917067,-0.0174919937239065,-0.0551698932360215));
#3688=CARTESIAN_POINT('',(-0.0634388717680751,-0.0175586603905732,-0.055244884622613));
#3689=CARTESIAN_POINT('',(-0.0627784187604062,-0.0176253270572399,-0.0542509292305018));
#3690=CARTESIAN_POINT('',(-0.0621179657527371,-0.0176919937239065,-0.0532569738383903));
#3691=CARTESIAN_POINT('',(-0.0626485298686995,-0.0177586603905731,-0.0521880270596875));
#3692=CARTESIAN_POINT('',(-0.0631790939846619,-0.0178253270572398,-0.0511190802809846));
#3693=CARTESIAN_POINT('',(-0.0643701111082933,-0.0178919937239065,-0.051044088894393));
#3694=CARTESIAN_POINT('',(-0.0655611282319249,-0.0179586603905732,-0.0509690975078014));
#3695=CARTESIAN_POINT('',(-0.0662215812395938,-0.0180253270572399,-0.0519630528999127));
#3696=CARTESIAN_POINT('',(-0.0668820342472629,-0.0180919937239065,-0.052957008292024));
#3697=CARTESIAN_POINT('',(-0.0663514701313005,-0.0181586603905732,-0.054025955070727));
#3698=CARTESIAN_POINT('',(-0.0658209060153381,-0.0182253270572399,-0.0550949018494299));
#3699=CARTESIAN_POINT('',(-0.0646298888917067,-0.0182919937239065,-0.0551698932360215));
#3700=CARTESIAN_POINT('',(-0.0634388717680752,-0.0183586603905732,-0.055244884622613));
#3701=CARTESIAN_POINT('',(-0.0627784187604061,-0.0184253270572399,-0.0542509292305017));
#3702=CARTESIAN_POINT('',(-0.0621179657527371,-0.0184919937239065,-0.0532569738383905));
#3703=CARTESIAN_POINT('',(-0.0626485298686995,-0.0185586603905731,-0.0521880270596875));
#3704=CARTESIAN_POINT('',(-0.0631790939846619,-0.0186253270572398,-0.0511190802809846));
#3705=CARTESIAN_POINT('',(-0.0643701111082933,-0.0186919937239065,-0.051044088894393));
#3706=CARTESIAN_POINT('',(-0.0655611282319247,-0.0187586603905732,-0.0509690975078013));
#3707=CARTESIAN_POINT('',(-0.0662215812395939,-0.0188253270572399,-0.0519630528999127));
#3708=CARTESIAN_POINT('',(-0.066882034247263,-0.0188919937239065,-0.052957008292024));
#3709=CARTESIAN_POINT('',(-0.0663514701313006,-0.0189586603905731,-0.0540259550707269));
#3710=CARTESIAN_POINT('',(-0.0658209060153381,-0.0190253270572398,-0.0550949018494298));
#3711=CARTESIAN_POINT('',(-0.0646298888917066,-0.0190919937239065,-0.0551698932360215));
#3712=CARTESIAN_POINT('',(-0.0634388717680752,-0.0191586603905732,-0.055244884622613));
#3713=CARTESIAN_POINT('',(-0.0627784187604061,-0.0192253270572399,-0.0542509292305017));
#3714=CARTESIAN_POINT('',(-0.0621179657527371,-0.0192919937239065,-0.0532569738383903));
#3715=CARTESIAN_POINT('',(-0.0626485298686994,-0.0193586603905731,-0.0521880270596875));
#3716=CARTESIAN_POINT('',(-0.0631790939846619,-0.0194253270572398,-0.0511190802809846));
#3717=CARTESIAN_POINT('',(-0.0643701111082933,-0.0194919937239065,-0.051044088894393));
#3718=CARTESIAN_POINT('',(-0.0655611282319249,-0.0195586603905732,-0.0509690975078014));
#3719=CARTESIAN_POINT('',(-0.0662215812395939,-0.0196253270572398,-0.0519630528999127));
#3720=CARTESIAN_POINT('',(-0.0668820342472629,-0.0196919937239065,-0.052957008292024));
#3721=CARTESIAN_POINT('',(-0.0663514701313005,-0.0197586603905731,-0.054025955070727));
#3722=CARTESIAN_POINT('',(-0.0658209060153381,-0.0198253270572398,-0.0550949018494298));
#3723=CARTESIAN_POINT('',(-0.0646298888917067,-0.0198919937239065,-0.0551698932360215));
#3724=CARTESIAN_POINT('',(-0.0634388717680751,-0.0199586603905731,-0.055244884622613));
#3725=CARTESIAN_POINT('',(-0.0627784187604062,-0.0200253270572399,-0.0542509292305018));
#3726=CARTESIAN_POINT('',(-0.0621179657527371,-0.0200919937239065,-0.0532569738383905));
#3727=CARTESIAN_POINT('',(-0.0626485298686995,-0.0201586603905731,-0.0521880270596875));
#3728=CARTESIAN_POINT('',(-0.0631790939846617,-0.0202253270572398,-0.0511190802809846));
#3729=CARTESIAN_POINT('',(-0.0643701111082933,-0.0202919937239065,-0.051044088894393));
#3730=CARTESIAN_POINT('',(-0.0655611282319247,-0.0203586603905732,-0.0509690975078014));
#3731=CARTESIAN_POINT('',(-0.0662215812395939,-0.0204253270572399,-0.0519630528999128));
#3732=CARTESIAN_POINT('',(-0.0668820342472629,-0.0204919937239065,-0.052957008292024));
#3733=CARTESIAN_POINT('',(-0.0663514701313005,-0.0205586603905731,-0.054025955070727));
#3734=CARTESIAN_POINT('',(-0.0658209060153381,-0.0206253270572398,-0.0550949018494299));
#3735=CARTESIAN_POINT('',(-0.0646298888917067,-0.0206919937239065,-0.0551698932360215));
#3736=CARTESIAN_POINT('',(-0.0634388717680752,-0.0207586603905731,-0.055244884622613));
#3737=CARTESIAN_POINT('',(-0.0627784187604061,-0.0208253270572398,-0.0542509292305017));
#3738=CARTESIAN_POINT('',(-0.0621179657527371,-0.0208919937239065,-0.0532569738383905));
#3739=CARTESIAN_POINT('',(-0.0626485298686995,-0.0209586603905732,-0.0521880270596875));
#3740=CARTESIAN_POINT('',(-0.0631790939846619,-0.0210253270572398,-0.0511190802809846));
#3741=CARTESIAN_POINT('',(-0.0643701111082934,-0.0210919937239065,-0.051044088894393));
#3742=CARTESIAN_POINT('',(-0.0655611282319247,-0.0211586603905732,-0.0509690975078013));
#3743=CARTESIAN_POINT('',(-0.0662215812395939,-0.0212253270572399,-0.0519630528999127));
#3744=CARTESIAN_POINT('',(-0.066882034247263,-0.0212919937239065,-0.052957008292024));
#3745=CARTESIAN_POINT('',(-0.0663514701313006,-0.0213586603905731,-0.0540259550707269));
#3746=CARTESIAN_POINT('',(-0.0658209060153381,-0.0214253270572398,-0.0550949018494298));
#3747=CARTESIAN_POINT('',(-0.0646298888917067,-0.0214919937239065,-0.0551698932360215));
#3748=CARTESIAN_POINT('',(-0.0634388717680752,-0.0215586603905732,-0.055244884622613));
#3749=CARTESIAN_POINT('',(-0.0627784187604061,-0.0216253270572398,-0.0542509292305018));
#3750=CARTESIAN_POINT('',(-0.0621179657527371,-0.0216919937239065,-0.0532569738383903));
#3751=CARTESIAN_POINT('',(-0.0626485298686995,-0.0217586603905731,-0.0521880270596874));
#3752=CARTESIAN_POINT('',(-0.0631790939846619,-0.0218253270572398,-0.0511190802809846));
#3753=CARTESIAN_POINT('',(-0.0643701111082933,-0.0218919937239065,-0.051044088894393));
#3754=CARTESIAN_POINT('',(-0.0655611282319249,-0.0219586603905732,-0.0509690975078014));
#3755=CARTESIAN_POINT('',(-0.0662215812395939,-0.0220253270572398,-0.0519630528999127));
#3756=CARTESIAN_POINT('',(-0.0668820342472629,-0.0220919937239065,-0.052957008292024));
#3757=CARTESIAN_POINT('',(-0.0663514701313005,-0.0221586603905732,-0.054025955070727));
#3758=CARTESIAN_POINT('',(-0.0658209060153382,-0.0222253270572398,-0.0550949018494298));
#3759=CARTESIAN_POINT('',(-0.0646298888917067,-0.0222919937239065,-0.0551698932360215));
#3760=CARTESIAN_POINT('',(-0.0634388717680752,-0.0223586603905731,-0.055244884622613));
#3761=CARTESIAN_POINT('',(-0.0627784187604061,-0.0224253270572398,-0.0542509292305017));
#3762=CARTESIAN_POINT('',(-0.0621179657527371,-0.0224919937239065,-0.0532569738383905));
#3763=CARTESIAN_POINT('',(-0.0626485298686995,-0.0225586603905731,-0.0521880270596875));
#3764=CARTESIAN_POINT('',(-0.0631790939846619,-0.0226253270572398,-0.0511190802809846));
#3765=CARTESIAN_POINT('',(-0.0643701111082933,-0.0226919937239065,-0.051044088894393));
#3766=CARTESIAN_POINT('',(-0.0655611282319247,-0.0227586603905732,-0.0509690975078013));
#3767=CARTESIAN_POINT('',(-0.0662215812395939,-0.0228253270572398,-0.0519630528999127));
#3768=CARTESIAN_POINT('',(-0.0668820342472629,-0.0228919937239065,-0.0529570082920239));
#3769=CARTESIAN_POINT('',(-0.0663514701313006,-0.0229586603905731,-0.0540259550707269));
#3770=CARTESIAN_POINT('',(-0.0658209060153381,-0.0230253270572398,-0.0550949018494298));
#3771=CARTESIAN_POINT('',(-0.0646298888917068,-0.0230919937239065,-0.0551698932360215));
#3772=CARTESIAN_POINT('',(-0.0634388717680752,-0.0231586603905731,-0.055244884622613));
#3773=CARTESIAN_POINT('',(-0.0627784187604061,-0.0232253270572398,-0.0542509292305017));
#3774=CARTESIAN_POINT('',(-0.0621179657527371,-0.0232919937239065,-0.0532569738383903));
#3775=CARTESIAN_POINT('',(-0.0626485298686994,-0.0233586603905732,-0.0521880270596875));
#3776=CARTESIAN_POINT('',(-0.0631790939846619,-0.0234253270572398,-0.0511190802809846));
#3777=CARTESIAN_POINT('',(-0.0643701111082934,-0.0234919937239065,-0.051044088894393));
#3778=CARTESIAN_POINT('',(-0.0655611282319247,-0.0235586603905732,-0.0509690975078013));
#3779=CARTESIAN_POINT('',(-0.0662215812395939,-0.0236253270572398,-0.0519630528999127));
#3780=CARTESIAN_POINT('',(-0.0668820342472629,-0.0236919937239065,-0.052957008292024));
#3781=CARTESIAN_POINT('',(-0.0663514701313006,-0.0237586603905732,-0.0540259550707269));
#3782=CARTESIAN_POINT('',(-0.0658209060153381,-0.0238253270572398,-0.0550949018494298));
#3783=CARTESIAN_POINT('',(-0.0646298888917067,-0.0238919937239065,-0.0551698932360215));
#3784=CARTESIAN_POINT('',(-0.0634388717680751,-0.0239586603905731,-0.055244884622613));
#3785=CARTESIAN_POINT('',(-0.0627784187604062,-0.0240253270572398,-0.0542509292305018));
#3786=CARTESIAN_POINT('',(-0.0621179657527371,-0.0240919937239065,-0.0532569738383903));
#3787=CARTESIAN_POINT('',(-0.0626485298686995,-0.0241586603905731,-0.0521880270596875));
#3788=CARTESIAN_POINT('',(-0.0631790939846617,-0.0242253270572398,-0.0511190802809846));
#3789=CARTESIAN_POINT('',(-0.0643701111082933,-0.0242919937239065,-0.051044088894393));
#3790=CARTESIAN_POINT('',(-0.0645,0.0234,-0.0531069910652072));
#3791=CARTESIAN_POINT('',(-0.0643701111082934,0.0239080062760935,-0.051044088894393));
#3792=CARTESIAN_POINT('',(-0.0655611282319249,0.0238413396094268,-0.0509690975078014));
#3793=CARTESIAN_POINT('',(-0.0662215812395939,0.0237746729427601,-0.0519630528999128));
#3794=CARTESIAN_POINT('',(-0.066882034247263,0.0237080062760935,-0.0529570082920242));
#3795=CARTESIAN_POINT('',(-0.0663514701313005,0.0236413396094269,-0.054025955070727));
#3796=CARTESIAN_POINT('',(-0.0658209060153381,0.0235746729427602,-0.0550949018494299));
#3797=CARTESIAN_POINT('',(-0.0646298888917066,0.0235080062760935,-0.0551698932360215));
#3798=CARTESIAN_POINT('',(-0.0634388717680751,0.0234413396094269,-0.055244884622613));
#3799=CARTESIAN_POINT('',(-0.0627784187604061,0.0233746729427602,-0.0542509292305017));
#3800=CARTESIAN_POINT('',(-0.0621179657527371,0.0233080062760935,-0.0532569738383903));
#3801=CARTESIAN_POINT('',(-0.0626485298686995,0.0232413396094269,-0.0521880270596874));
#3802=CARTESIAN_POINT('',(-0.063179093984662,0.0231746729427602,-0.0511190802809845));
#3803=CARTESIAN_POINT('',(-0.0643701111082934,0.0231080062760935,-0.051044088894393));
#3804=CARTESIAN_POINT('',(-0.0655611282319249,0.0230413396094268,-0.0509690975078014));
#3805=CARTESIAN_POINT('',(-0.0662215812395939,0.0229746729427601,-0.0519630528999128));
#3806=CARTESIAN_POINT('',(-0.066882034247263,0.0229080062760935,-0.0529570082920242));
#3807=CARTESIAN_POINT('',(-0.0663514701313005,0.0228413396094269,-0.054025955070727));
#3808=CARTESIAN_POINT('',(-0.0658209060153381,0.0227746729427602,-0.0550949018494299));
#3809=CARTESIAN_POINT('',(-0.0646298888917066,0.0227080062760935,-0.0551698932360215));
#3810=CARTESIAN_POINT('',(-0.0634388717680751,0.0226413396094269,-0.055244884622613));
#3811=CARTESIAN_POINT('',(-0.0627784187604061,0.0225746729427601,-0.0542509292305017));
#3812=CARTESIAN_POINT('',(-0.0621179657527371,0.0225080062760935,-0.0532569738383903));
#3813=CARTESIAN_POINT('',(-0.0626485298686995,0.0224413396094269,-0.0521880270596874));
#3814=CARTESIAN_POINT('',(-0.063179093984662,0.0223746729427602,-0.0511190802809845));
#3815=CARTESIAN_POINT('',(-0.0643701111082934,0.0223080062760935,-0.051044088894393));
#3816=CARTESIAN_POINT('',(-0.0655611282319249,0.0222413396094268,-0.0509690975078014));
#3817=CARTESIAN_POINT('',(-0.0662215812395939,0.0221746729427602,-0.0519630528999128));
#3818=CARTESIAN_POINT('',(-0.066882034247263,0.0221080062760935,-0.0529570082920242));
#3819=CARTESIAN_POINT('',(-0.0663514701313005,0.0220413396094269,-0.054025955070727));
#3820=CARTESIAN_POINT('',(-0.0658209060153381,0.0219746729427602,-0.0550949018494299));
#3821=CARTESIAN_POINT('',(-0.0646298888917066,0.0219080062760935,-0.0551698932360215));
#3822=CARTESIAN_POINT('',(-0.0634388717680751,0.0218413396094269,-0.055244884622613));
#3823=CARTESIAN_POINT('',(-0.0627784187604061,0.0217746729427601,-0.0542509292305017));
#3824=CARTESIAN_POINT('',(-0.0621179657527371,0.0217080062760935,-0.0532569738383903));
#3825=CARTESIAN_POINT('',(-0.0626485298686995,0.0216413396094269,-0.0521880270596874));
#3826=CARTESIAN_POINT('',(-0.063179093984662,0.0215746729427602,-0.0511190802809845));
#3827=CARTESIAN_POINT('',(-0.0643701111082934,0.0215080062760935,-0.051044088894393));
#3828=CARTESIAN_POINT('',(-0.0655611282319249,0.0214413396094268,-0.0509690975078014));
#3829=CARTESIAN_POINT('',(-0.0662215812395939,0.0213746729427601,-0.0519630528999128));
#3830=CARTESIAN_POINT('',(-0.066882034247263,0.0213080062760935,-0.0529570082920242));
#3831=CARTESIAN_POINT('',(-0.0663514701313005,0.0212413396094269,-0.054025955070727));
#3832=CARTESIAN_POINT('',(-0.0658209060153381,0.0211746729427602,-0.0550949018494299));
#3833=CARTESIAN_POINT('',(-0.0646298888917066,0.0211080062760935,-0.0551698932360215));
#3834=CARTESIAN_POINT('',(-0.0634388717680751,0.0210413396094269,-0.055244884622613));
#3835=CARTESIAN_POINT('',(-0.0627784187604061,0.0209746729427602,-0.0542509292305017));
#3836=CARTESIAN_POINT('',(-0.0621179657527371,0.0209080062760935,-0.0532569738383903));
#3837=CARTESIAN_POINT('',(-0.0626485298686995,0.0208413396094269,-0.0521880270596874));
#3838=CARTESIAN_POINT('',(-0.0631790939846619,0.0207746729427602,-0.0511190802809845));
#3839=CARTESIAN_POINT('',(-0.0643701111082934,0.0207080062760935,-0.051044088894393));
#3840=CARTESIAN_POINT('',(-0.0655611282319249,0.0206413396094268,-0.0509690975078014));
#3841=CARTESIAN_POINT('',(-0.0662215812395939,0.0205746729427601,-0.0519630528999128));
#3842=CARTESIAN_POINT('',(-0.066882034247263,0.0205080062760935,-0.0529570082920242));
#3843=CARTESIAN_POINT('',(-0.0663514701313005,0.0204413396094269,-0.054025955070727));
#3844=CARTESIAN_POINT('',(-0.0658209060153381,0.0203746729427602,-0.0550949018494299));
#3845=CARTESIAN_POINT('',(-0.0646298888917066,0.0203080062760935,-0.0551698932360215));
#3846=CARTESIAN_POINT('',(-0.0634388717680751,0.0202413396094269,-0.055244884622613));
#3847=CARTESIAN_POINT('',(-0.0627784187604061,0.0201746729427601,-0.0542509292305017));
#3848=CARTESIAN_POINT('',(-0.0621179657527371,0.0201080062760935,-0.0532569738383903));
#3849=CARTESIAN_POINT('',(-0.0626485298686995,0.0200413396094269,-0.0521880270596874));
#3850=CARTESIAN_POINT('',(-0.0631790939846619,0.0199746729427602,-0.0511190802809845));
#3851=CARTESIAN_POINT('',(-0.0643701111082934,0.0199080062760935,-0.051044088894393));
#3852=CARTESIAN_POINT('',(-0.0655611282319249,0.0198413396094268,-0.0509690975078014));
#3853=CARTESIAN_POINT('',(-0.0662215812395939,0.0197746729427602,-0.0519630528999128));
#3854=CARTESIAN_POINT('',(-0.066882034247263,0.0197080062760935,-0.0529570082920242));
#3855=CARTESIAN_POINT('',(-0.0663514701313005,0.0196413396094268,-0.054025955070727));
#3856=CARTESIAN_POINT('',(-0.0658209060153381,0.0195746729427602,-0.0550949018494299));
#3857=CARTESIAN_POINT('',(-0.0646298888917066,0.0195080062760935,-0.0551698932360215));
#3858=CARTESIAN_POINT('',(-0.0634388717680751,0.0194413396094269,-0.055244884622613));
#3859=CARTESIAN_POINT('',(-0.0627784187604061,0.0193746729427602,-0.0542509292305017));
#3860=CARTESIAN_POINT('',(-0.0621179657527371,0.0193080062760935,-0.0532569738383903));
#3861=CARTESIAN_POINT('',(-0.0626485298686995,0.0192413396094269,-0.0521880270596874));
#3862=CARTESIAN_POINT('',(-0.0631790939846619,0.0191746729427602,-0.0511190802809845));
#3863=CARTESIAN_POINT('',(-0.0643701111082934,0.0191080062760935,-0.051044088894393));
#3864=CARTESIAN_POINT('',(-0.0655611282319249,0.0190413396094268,-0.0509690975078014));
#3865=CARTESIAN_POINT('',(-0.0662215812395939,0.0189746729427601,-0.0519630528999128));
#3866=CARTESIAN_POINT('',(-0.066882034247263,0.0189080062760935,-0.0529570082920242));
#3867=CARTESIAN_POINT('',(-0.0663514701313005,0.0188413396094269,-0.054025955070727));
#3868=CARTESIAN_POINT('',(-0.0658209060153381,0.0187746729427602,-0.0550949018494299));
#3869=CARTESIAN_POINT('',(-0.0646298888917066,0.0187080062760935,-0.0551698932360215));
#3870=CARTESIAN_POINT('',(-0.0634388717680751,0.0186413396094269,-0.055244884622613));
#3871=CARTESIAN_POINT('',(-0.0627784187604061,0.0185746729427601,-0.0542509292305017));
#3872=CARTESIAN_POINT('',(-0.0621179657527371,0.0185080062760935,-0.0532569738383903));
#3873=CARTESIAN_POINT('',(-0.0626485298686995,0.0184413396094269,-0.0521880270596874));
#3874=CARTESIAN_POINT('',(-0.0631790939846619,0.0183746729427602,-0.0511190802809845));
#3875=CARTESIAN_POINT('',(-0.0643701111082934,0.0183080062760935,-0.051044088894393));
#3876=CARTESIAN_POINT('',(-0.0655611282319249,0.0182413396094268,-0.0509690975078014));
#3877=CARTESIAN_POINT('',(-0.0662215812395939,0.0181746729427602,-0.0519630528999128));
#3878=CARTESIAN_POINT('',(-0.066882034247263,0.0181080062760935,-0.0529570082920242));
#3879=CARTESIAN_POINT('',(-0.0663514701313005,0.0180413396094269,-0.054025955070727));
#3880=CARTESIAN_POINT('',(-0.0658209060153381,0.0179746729427602,-0.0550949018494299));
#3881=CARTESIAN_POINT('',(-0.0646298888917066,0.0179080062760935,-0.0551698932360215));
#3882=CARTESIAN_POINT('',(-0.0634388717680751,0.0178413396094269,-0.055244884622613));
#3883=CARTESIAN_POINT('',(-0.0627784187604061,0.0177746729427601,-0.0542509292305017));
#3884=CARTESIAN_POINT('',(-0.0621179657527371,0.0177080062760935,-0.0532569738383903));
#3885=CARTESIAN_POINT('',(-0.0626485298686995,0.0176413396094269,-0.0521880270596874));
#3886=CARTESIAN_POINT('',(-0.0631790939846619,0.0175746729427602,-0.0511190802809845));
#3887=CARTESIAN_POINT('',(-0.0643701111082934,0.0175080062760935,-0.051044088894393));
#3888=CARTESIAN_POINT('',(-0.0655611282319249,0.0174413396094268,-0.0509690975078014));
#3889=CARTESIAN_POINT('',(-0.0662215812395939,0.0173746729427601,-0.0519630528999128));
#3890=CARTESIAN_POINT('',(-0.066882034247263,0.0173080062760935,-0.0529570082920242));
#3891=CARTESIAN_POINT('',(-0.0663514701313005,0.0172413396094269,-0.054025955070727));
#3892=CARTESIAN_POINT('',(-0.0658209060153381,0.0171746729427602,-0.0550949018494299));
#3893=CARTESIAN_POINT('',(-0.0646298888917066,0.0171080062760935,-0.0551698932360215));
#3894=CARTESIAN_POINT('',(-0.0634388717680751,0.0170413396094268,-0.055244884622613));
#3895=CARTESIAN_POINT('',(-0.0627784187604061,0.0169746729427602,-0.0542509292305017));
#3896=CARTESIAN_POINT('',(-0.0621179657527371,0.0169080062760935,-0.0532569738383903));
#3897=CARTESIAN_POINT('',(-0.0626485298686995,0.0168413396094269,-0.0521880270596874));
#3898=CARTESIAN_POINT('',(-0.0631790939846619,0.0167746729427602,-0.0511190802809845));
#3899=CARTESIAN_POINT('',(-0.0643701111082934,0.0167080062760935,-0.051044088894393));
#3900=CARTESIAN_POINT('',(-0.0655611282319249,0.0166413396094268,-0.0509690975078014));
#3901=CARTESIAN_POINT('',(-0.0662215812395939,0.0165746729427601,-0.0519630528999128));
#3902=CARTESIAN_POINT('',(-0.066882034247263,0.0165080062760935,-0.0529570082920242));
#3903=CARTESIAN_POINT('',(-0.0663514701313005,0.0164413396094269,-0.054025955070727));
#3904=CARTESIAN_POINT('',(-0.0658209060153381,0.0163746729427602,-0.0550949018494299));
#3905=CARTESIAN_POINT('',(-0.0646298888917066,0.0163080062760935,-0.0551698932360215));
#3906=CARTESIAN_POINT('',(-0.0634388717680751,0.0162413396094268,-0.055244884622613));
#3907=CARTESIAN_POINT('',(-0.0627784187604061,0.0161746729427601,-0.0542509292305017));
#3908=CARTESIAN_POINT('',(-0.0621179657527371,0.0161080062760935,-0.0532569738383903));
#3909=CARTESIAN_POINT('',(-0.0626485298686995,0.0160413396094269,-0.0521880270596874));
#3910=CARTESIAN_POINT('',(-0.0631790939846619,0.0159746729427602,-0.0511190802809845));
#3911=CARTESIAN_POINT('',(-0.0643701111082934,0.0159080062760935,-0.051044088894393));
#3912=CARTESIAN_POINT('',(-0.0655611282319249,0.0158413396094268,-0.0509690975078014));
#3913=CARTESIAN_POINT('',(-0.0662215812395939,0.0157746729427602,-0.0519630528999128));
#3914=CARTESIAN_POINT('',(-0.066882034247263,0.0157080062760935,-0.0529570082920242));
#3915=CARTESIAN_POINT('',(-0.0663514701313005,0.0156413396094269,-0.054025955070727));
#3916=CARTESIAN_POINT('',(-0.0658209060153381,0.0155746729427602,-0.0550949018494299));
#3917=CARTESIAN_POINT('',(-0.0646298888917066,0.0155080062760935,-0.0551698932360215));
#3918=CARTESIAN_POINT('',(-0.0634388717680751,0.0154413396094268,-0.055244884622613));
#3919=CARTESIAN_POINT('',(-0.0627784187604061,0.0153746729427602,-0.0542509292305017));
#3920=CARTESIAN_POINT('',(-0.0621179657527371,0.0153080062760935,-0.0532569738383903));
#3921=CARTESIAN_POINT('',(-0.0626485298686995,0.0152413396094269,-0.0521880270596874));
#3922=CARTESIAN_POINT('',(-0.0631790939846619,0.0151746729427601,-0.0511190802809845));
#3923=CARTESIAN_POINT('',(-0.0643701111082934,0.0151080062760935,-0.051044088894393));
#3924=CARTESIAN_POINT('',(-0.0655611282319249,0.0150413396094268,-0.0509690975078014));
#3925=CARTESIAN_POINT('',(-0.0662215812395939,0.0149746729427602,-0.0519630528999128));
#3926=CARTESIAN_POINT('',(-0.066882034247263,0.0149080062760935,-0.0529570082920242));
#3927=CARTESIAN_POINT('',(-0.0663514701313005,0.0148413396094268,-0.054025955070727));
#3928=CARTESIAN_POINT('',(-0.0658209060153381,0.0147746729427602,-0.0550949018494299));
#3929=CARTESIAN_POINT('',(-0.0646298888917066,0.0147080062760935,-0.0551698932360215));
#3930=CARTESIAN_POINT('',(-0.0634388717680751,0.0146413396094268,-0.055244884622613));
#3931=CARTESIAN_POINT('',(-0.0627784187604061,0.0145746729427602,-0.0542509292305017));
#3932=CARTESIAN_POINT('',(-0.0621179657527371,0.0145080062760935,-0.0532569738383903));
#3933=CARTESIAN_POINT('',(-0.0626485298686995,0.0144413396094268,-0.0521880270596874));
#3934=CARTESIAN_POINT('',(-0.0631790939846619,0.0143746729427602,-0.0511190802809845));
#3935=CARTESIAN_POINT('',(-0.0643701111082934,0.0143080062760935,-0.051044088894393));
#3936=CARTESIAN_POINT('',(-0.0655611282319249,0.0142413396094268,-0.0509690975078014));
#3937=CARTESIAN_POINT('',(-0.0662215812395939,0.0141746729427602,-0.0519630528999128));
#3938=CARTESIAN_POINT('',(-0.066882034247263,0.0141080062760935,-0.052957008292024));
#3939=CARTESIAN_POINT('',(-0.0663514701313005,0.0140413396094268,-0.054025955070727));
#3940=CARTESIAN_POINT('',(-0.0658209060153381,0.0139746729427602,-0.0550949018494299));
#3941=CARTESIAN_POINT('',(-0.0646298888917066,0.0139080062760935,-0.0551698932360215));
#3942=CARTESIAN_POINT('',(-0.0634388717680751,0.0138413396094268,-0.055244884622613));
#3943=CARTESIAN_POINT('',(-0.0627784187604061,0.0137746729427602,-0.0542509292305017));
#3944=CARTESIAN_POINT('',(-0.0621179657527371,0.0137080062760935,-0.0532569738383903));
#3945=CARTESIAN_POINT('',(-0.0626485298686995,0.0136413396094268,-0.0521880270596874));
#3946=CARTESIAN_POINT('',(-0.0631790939846619,0.0135746729427602,-0.0511190802809845));
#3947=CARTESIAN_POINT('',(-0.0643701111082934,0.0135080062760935,-0.051044088894393));
#3948=CARTESIAN_POINT('',(-0.0655611282319249,0.0134413396094268,-0.0509690975078014));
#3949=CARTESIAN_POINT('',(-0.0662215812395939,0.0133746729427602,-0.0519630528999128));
#3950=CARTESIAN_POINT('',(-0.066882034247263,0.0133080062760935,-0.052957008292024));
#3951=CARTESIAN_POINT('',(-0.0663514701313005,0.0132413396094268,-0.054025955070727));
#3952=CARTESIAN_POINT('',(-0.0658209060153381,0.0131746729427602,-0.0550949018494299));
#3953=CARTESIAN_POINT('',(-0.0646298888917066,0.0131080062760935,-0.0551698932360215));
#3954=CARTESIAN_POINT('',(-0.0634388717680751,0.0130413396094268,-0.055244884622613));
#3955=CARTESIAN_POINT('',(-0.0627784187604061,0.0129746729427602,-0.0542509292305017));
#3956=CARTESIAN_POINT('',(-0.0621179657527371,0.0129080062760935,-0.0532569738383903));
#3957=CARTESIAN_POINT('',(-0.0626485298686995,0.0128413396094268,-0.0521880270596874));
#3958=CARTESIAN_POINT('',(-0.0631790939846619,0.0127746729427602,-0.0511190802809845));
#3959=CARTESIAN_POINT('',(-0.0643701111082934,0.0127080062760935,-0.051044088894393));
#3960=CARTESIAN_POINT('',(-0.0655611282319249,0.0126413396094268,-0.0509690975078014));
#3961=CARTESIAN_POINT('',(-0.0662215812395939,0.0125746729427602,-0.0519630528999128));
#3962=CARTESIAN_POINT('',(-0.066882034247263,0.0125080062760935,-0.052957008292024));
#3963=CARTESIAN_POINT('',(-0.0663514701313005,0.0124413396094268,-0.054025955070727));
#3964=CARTESIAN_POINT('',(-0.0658209060153381,0.0123746729427602,-0.0550949018494299));
#3965=CARTESIAN_POINT('',(-0.0646298888917066,0.0123080062760935,-0.0551698932360215));
#3966=CARTESIAN_POINT('',(-0.0634388717680751,0.0122413396094268,-0.055244884622613));
#3967=CARTESIAN_POINT('',(-0.0627784187604061,0.0121746729427602,-0.0542509292305017));
#3968=CARTESIAN_POINT('',(-0.0621179657527371,0.0121080062760935,-0.0532569738383903));
#3969=CARTESIAN_POINT('',(-0.0626485298686995,0.0120413396094268,-0.0521880270596875));
#3970=CARTESIAN_POINT('',(-0.0631790939846619,0.0119746729427602,-0.0511190802809845));
#3971=CARTESIAN_POINT('',(-0.0643701111082934,0.0119080062760935,-0.051044088894393));
#3972=CARTESIAN_POINT('',(-0.0655611282319249,0.0118413396094268,-0.0509690975078014));
#3973=CARTESIAN_POINT('',(-0.0662215812395939,0.0117746729427602,-0.0519630528999128));
#3974=CARTESIAN_POINT('',(-0.066882034247263,0.0117080062760935,-0.052957008292024));
#3975=CARTESIAN_POINT('',(-0.0663514701313005,0.0116413396094268,-0.054025955070727));
#3976=CARTESIAN_POINT('',(-0.0658209060153381,0.0115746729427602,-0.0550949018494299));
#3977=CARTESIAN_POINT('',(-0.0646298888917066,0.0115080062760935,-0.0551698932360215));
#3978=CARTESIAN_POINT('',(-0.0634388717680751,0.0114413396094268,-0.055244884622613));
#3979=CARTESIAN_POINT('',(-0.0627784187604061,0.0113746729427602,-0.0542509292305017));
#3980=CARTESIAN_POINT('',(-0.0621179657527371,0.0113080062760935,-0.0532569738383903));
#3981=CARTESIAN_POINT('',(-0.0626485298686995,0.0112413396094268,-0.0521880270596874));
#3982=CARTESIAN_POINT('',(-0.0631790939846619,0.0111746729427602,-0.0511190802809845));
#3983=CARTESIAN_POINT('',(-0.0643701111082934,0.0111080062760935,-0.051044088894393));
#3984=CARTESIAN_POINT('',(-0.0655611282319249,0.0110413396094268,-0.0509690975078014));
#3985=CARTESIAN_POINT('',(-0.0662215812395939,0.0109746729427602,-0.0519630528999128));
#3986=CARTESIAN_POINT('',(-0.066882034247263,0.0109080062760935,-0.052957008292024));
#3987=CARTESIAN_POINT('',(-0.0663514701313005,0.0108413396094268,-0.054025955070727));
#3988=CARTESIAN_POINT('',(-0.0658209060153381,0.0107746729427602,-0.0550949018494299));
#3989=CARTESIAN_POINT('',(-0.0646298888917066,0.0107080062760935,-0.0551698932360215));
#3990=CARTESIAN_POINT('',(-0.0634388717680751,0.0106413396094268,-0.055244884622613));
#3991=CARTESIAN_POINT('',(-0.0627784187604061,0.0105746729427602,-0.0542509292305017));
#3992=CARTESIAN_POINT('',(-0.0621179657527371,0.0105080062760935,-0.0532569738383903));
#3993=CARTESIAN_POINT('',(-0.0626485298686995,0.0104413396094268,-0.0521880270596875));
#3994=CARTESIAN_POINT('',(-0.0631790939846619,0.0103746729427602,-0.0511190802809846));
#3995=CARTESIAN_POINT('',(-0.0643701111082934,0.0103080062760935,-0.051044088894393));
#3996=CARTESIAN_POINT('',(-0.0655611282319249,0.0102413396094268,-0.0509690975078014));
#3997=CARTESIAN_POINT('',(-0.0662215812395939,0.0101746729427602,-0.0519630528999128));
#3998=CARTESIAN_POINT('',(-0.066882034247263,0.0101080062760935,-0.052957008292024));
#3999=CARTESIAN_POINT('',(-0.0663514701313005,0.0100413396094268,-0.054025955070727));
#4000=CARTESIAN_POINT('',(-0.0658209060153381,0.00997467294276017,-0.0550949018494299));
#4001=CARTESIAN_POINT('',(-0.0646298888917066,0.0099080062760935,-0.0551698932360215));
#4002=CARTESIAN_POINT('',(-0.0634388717680751,0.00984133960942684,-0.055244884622613));
#4003=CARTESIAN_POINT('',(-0.0627784187604061,0.00977467294276017,-0.0542509292305017));
#4004=CARTESIAN_POINT('',(-0.0621179657527371,0.0097080062760935,-0.0532569738383903));
#4005=CARTESIAN_POINT('',(-0.0626485298686995,0.00964133960942684,-0.0521880270596874));
#4006=CARTESIAN_POINT('',(-0.0631790939846619,0.00957467294276016,-0.0511190802809845));
#4007=CARTESIAN_POINT('',(-0.0643701111082934,0.0095080062760935,-0.051044088894393));
#4008=CARTESIAN_POINT('',(-0.0655611282319249,0.00944133960942683,-0.0509690975078014));
#4009=CARTESIAN_POINT('',(-0.0662215812395939,0.00937467294276017,-0.0519630528999128));
#4010=CARTESIAN_POINT('',(-0.066882034247263,0.00930800627609351,-0.052957008292024));
#4011=CARTESIAN_POINT('',(-0.0663514701313005,0.00924133960942683,-0.054025955070727));
#4012=CARTESIAN_POINT('',(-0.0658209060153381,0.00917467294276017,-0.0550949018494299));
#4013=CARTESIAN_POINT('',(-0.0646298888917066,0.0091080062760935,-0.0551698932360215));
#4014=CARTESIAN_POINT('',(-0.0634388717680751,0.00904133960942684,-0.055244884622613));
#4015=CARTESIAN_POINT('',(-0.0627784187604061,0.00897467294276017,-0.0542509292305017));
#4016=CARTESIAN_POINT('',(-0.0621179657527371,0.0089080062760935,-0.0532569738383903));
#4017=CARTESIAN_POINT('',(-0.0626485298686995,0.00884133960942684,-0.0521880270596875));
#4018=CARTESIAN_POINT('',(-0.0631790939846619,0.00877467294276016,-0.0511190802809846));
#4019=CARTESIAN_POINT('',(-0.0643701111082934,0.0087080062760935,-0.051044088894393));
#4020=CARTESIAN_POINT('',(-0.0655611282319249,0.00864133960942683,-0.0509690975078014));
#4021=CARTESIAN_POINT('',(-0.0662215812395939,0.00857467294276017,-0.0519630528999127));
#4022=CARTESIAN_POINT('',(-0.066882034247263,0.0085080062760935,-0.052957008292024));
#4023=CARTESIAN_POINT('',(-0.0663514701313005,0.00844133960942684,-0.054025955070727));
#4024=CARTESIAN_POINT('',(-0.0658209060153381,0.00837467294276017,-0.0550949018494299));
#4025=CARTESIAN_POINT('',(-0.0646298888917066,0.0083080062760935,-0.0551698932360215));
#4026=CARTESIAN_POINT('',(-0.0634388717680751,0.00824133960942683,-0.055244884622613));
#4027=CARTESIAN_POINT('',(-0.0627784187604061,0.00817467294276017,-0.0542509292305017));
#4028=CARTESIAN_POINT('',(-0.0621179657527371,0.0081080062760935,-0.0532569738383903));
#4029=CARTESIAN_POINT('',(-0.0626485298686995,0.00804133960942684,-0.0521880270596874));
#4030=CARTESIAN_POINT('',(-0.0631790939846619,0.00797467294276016,-0.0511190802809845));
#4031=CARTESIAN_POINT('',(-0.0643701111082934,0.0079080062760935,-0.051044088894393));
#4032=CARTESIAN_POINT('',(-0.0655611282319249,0.00784133960942684,-0.0509690975078014));
#4033=CARTESIAN_POINT('',(-0.0662215812395939,0.00777467294276017,-0.0519630528999128));
#4034=CARTESIAN_POINT('',(-0.066882034247263,0.00770800627609351,-0.052957008292024));
#4035=CARTESIAN_POINT('',(-0.0663514701313005,0.00764133960942684,-0.054025955070727));
#4036=CARTESIAN_POINT('',(-0.0658209060153381,0.00757467294276017,-0.0550949018494299));
#4037=CARTESIAN_POINT('',(-0.0646298888917066,0.0075080062760935,-0.0551698932360215));
#4038=CARTESIAN_POINT('',(-0.0634388717680752,0.00744133960942683,-0.055244884622613));
#4039=CARTESIAN_POINT('',(-0.0627784187604061,0.00737467294276017,-0.0542509292305017));
#4040=CARTESIAN_POINT('',(-0.0621179657527371,0.0073080062760935,-0.0532569738383903));
#4041=CARTESIAN_POINT('',(-0.0626485298686995,0.00724133960942684,-0.0521880270596874));
#4042=CARTESIAN_POINT('',(-0.0631790939846619,0.00717467294276018,-0.0511190802809846));
#4043=CARTESIAN_POINT('',(-0.0643701111082934,0.0071080062760935,-0.051044088894393));
#4044=CARTESIAN_POINT('',(-0.0655611282319249,0.00704133960942684,-0.0509690975078014));
#4045=CARTESIAN_POINT('',(-0.0662215812395939,0.00697467294276017,-0.0519630528999127));
#4046=CARTESIAN_POINT('',(-0.066882034247263,0.0069080062760935,-0.0529570082920242));
#4047=CARTESIAN_POINT('',(-0.0663514701313005,0.00684133960942684,-0.054025955070727));
#4048=CARTESIAN_POINT('',(-0.0658209060153381,0.00677467294276017,-0.0550949018494298));
#4049=CARTESIAN_POINT('',(-0.0646298888917066,0.00670800627609351,-0.0551698932360215));
#4050=CARTESIAN_POINT('',(-0.0634388717680751,0.00664133960942683,-0.055244884622613));
#4051=CARTESIAN_POINT('',(-0.0627784187604061,0.00657467294276017,-0.0542509292305017));
#4052=CARTESIAN_POINT('',(-0.0621179657527371,0.0065080062760935,-0.0532569738383903));
#4053=CARTESIAN_POINT('',(-0.0626485298686995,0.00644133960942684,-0.0521880270596875));
#4054=CARTESIAN_POINT('',(-0.0631790939846619,0.00637467294276017,-0.0511190802809845));
#4055=CARTESIAN_POINT('',(-0.0643701111082934,0.0063080062760935,-0.051044088894393));
#4056=CARTESIAN_POINT('',(-0.0655611282319249,0.00624133960942684,-0.0509690975078014));
#4057=CARTESIAN_POINT('',(-0.0662215812395939,0.00617467294276017,-0.0519630528999128));
#4058=CARTESIAN_POINT('',(-0.0668820342472629,0.0061080062760935,-0.052957008292024));
#4059=CARTESIAN_POINT('',(-0.0663514701313005,0.00604133960942684,-0.054025955070727));
#4060=CARTESIAN_POINT('',(-0.0658209060153381,0.00597467294276017,-0.0550949018494299));
#4061=CARTESIAN_POINT('',(-0.0646298888917066,0.0059080062760935,-0.0551698932360215));
#4062=CARTESIAN_POINT('',(-0.0634388717680751,0.00584133960942683,-0.055244884622613));
#4063=CARTESIAN_POINT('',(-0.0627784187604061,0.00577467294276017,-0.0542509292305017));
#4064=CARTESIAN_POINT('',(-0.0621179657527371,0.00570800627609351,-0.0532569738383903));
#4065=CARTESIAN_POINT('',(-0.0626485298686995,0.00564133960942684,-0.0521880270596875));
#4066=CARTESIAN_POINT('',(-0.0631790939846619,0.00557467294276017,-0.0511190802809846));
#4067=CARTESIAN_POINT('',(-0.0643701111082934,0.00550800627609351,-0.051044088894393));
#4068=CARTESIAN_POINT('',(-0.0655611282319249,0.00544133960942684,-0.0509690975078014));
#4069=CARTESIAN_POINT('',(-0.0662215812395939,0.00537467294276017,-0.0519630528999128));
#4070=CARTESIAN_POINT('',(-0.066882034247263,0.0053080062760935,-0.052957008292024));
#4071=CARTESIAN_POINT('',(-0.0663514701313005,0.00524133960942684,-0.054025955070727));
#4072=CARTESIAN_POINT('',(-0.0658209060153381,0.00517467294276017,-0.0550949018494299));
#4073=CARTESIAN_POINT('',(-0.0646298888917067,0.0051080062760935,-0.0551698932360215));
#4074=CARTESIAN_POINT('',(-0.0634388717680751,0.00504133960942683,-0.055244884622613));
#4075=CARTESIAN_POINT('',(-0.0627784187604061,0.00497467294276017,-0.0542509292305017));
#4076=CARTESIAN_POINT('',(-0.0621179657527371,0.0049080062760935,-0.0532569738383903));
#4077=CARTESIAN_POINT('',(-0.0626485298686995,0.00484133960942684,-0.0521880270596874));
#4078=CARTESIAN_POINT('',(-0.0631790939846619,0.00477467294276017,-0.0511190802809846));
#4079=CARTESIAN_POINT('',(-0.0643701111082934,0.0047080062760935,-0.051044088894393));
#4080=CARTESIAN_POINT('',(-0.0655611282319249,0.00464133960942683,-0.0509690975078014));
#4081=CARTESIAN_POINT('',(-0.0662215812395939,0.00457467294276017,-0.0519630528999127));
#4082=CARTESIAN_POINT('',(-0.066882034247263,0.0045080062760935,-0.052957008292024));
#4083=CARTESIAN_POINT('',(-0.0663514701313005,0.00444133960942684,-0.054025955070727));
#4084=CARTESIAN_POINT('',(-0.0658209060153381,0.00437467294276017,-0.0550949018494299));
#4085=CARTESIAN_POINT('',(-0.0646298888917066,0.00430800627609351,-0.0551698932360215));
#4086=CARTESIAN_POINT('',(-0.0634388717680752,0.00424133960942683,-0.055244884622613));
#4087=CARTESIAN_POINT('',(-0.0627784187604061,0.00417467294276017,-0.0542509292305017));
#4088=CARTESIAN_POINT('',(-0.0621179657527371,0.0041080062760935,-0.0532569738383903));
#4089=CARTESIAN_POINT('',(-0.0626485298686995,0.00404133960942684,-0.0521880270596874));
#4090=CARTESIAN_POINT('',(-0.0631790939846619,0.00397467294276017,-0.0511190802809846));
#4091=CARTESIAN_POINT('',(-0.0643701111082933,0.00390800627609351,-0.051044088894393));
#4092=CARTESIAN_POINT('',(-0.0655611282319249,0.00384133960942684,-0.0509690975078014));
#4093=CARTESIAN_POINT('',(-0.0662215812395939,0.00377467294276017,-0.0519630528999127));
#4094=CARTESIAN_POINT('',(-0.066882034247263,0.0037080062760935,-0.0529570082920242));
#4095=CARTESIAN_POINT('',(-0.0663514701313005,0.00364133960942684,-0.054025955070727));
#4096=CARTESIAN_POINT('',(-0.0658209060153381,0.00357467294276017,-0.0550949018494298));
#4097=CARTESIAN_POINT('',(-0.0646298888917066,0.0035080062760935,-0.0551698932360215));
#4098=CARTESIAN_POINT('',(-0.0634388717680751,0.00344133960942683,-0.055244884622613));
#4099=CARTESIAN_POINT('',(-0.0627784187604061,0.00337467294276017,-0.0542509292305017));
#4100=CARTESIAN_POINT('',(-0.0621179657527371,0.0033080062760935,-0.0532569738383903));
#4101=CARTESIAN_POINT('',(-0.0626485298686995,0.00324133960942684,-0.0521880270596875));
#4102=CARTESIAN_POINT('',(-0.0631790939846619,0.00317467294276017,-0.0511190802809845));
#4103=CARTESIAN_POINT('',(-0.0643701111082934,0.0031080062760935,-0.051044088894393));
#4104=CARTESIAN_POINT('',(-0.0655611282319247,0.00304133960942683,-0.0509690975078014));
#4105=CARTESIAN_POINT('',(-0.0662215812395939,0.00297467294276017,-0.0519630528999128));
#4106=CARTESIAN_POINT('',(-0.0668820342472629,0.0029080062760935,-0.052957008292024));
#4107=CARTESIAN_POINT('',(-0.0663514701313005,0.00284133960942683,-0.054025955070727));
#4108=CARTESIAN_POINT('',(-0.0658209060153381,0.00277467294276017,-0.0550949018494299));
#4109=CARTESIAN_POINT('',(-0.0646298888917067,0.00270800627609351,-0.0551698932360215));
#4110=CARTESIAN_POINT('',(-0.0634388717680751,0.00264133960942684,-0.055244884622613));
#4111=CARTESIAN_POINT('',(-0.0627784187604061,0.00257467294276017,-0.0542509292305017));
#4112=CARTESIAN_POINT('',(-0.0621179657527371,0.0025080062760935,-0.0532569738383903));
#4113=CARTESIAN_POINT('',(-0.0626485298686995,0.00244133960942684,-0.0521880270596875));
#4114=CARTESIAN_POINT('',(-0.0631790939846619,0.00237467294276017,-0.0511190802809846));
#4115=CARTESIAN_POINT('',(-0.0643701111082934,0.0023080062760935,-0.051044088894393));
#4116=CARTESIAN_POINT('',(-0.0655611282319249,0.00224133960942683,-0.0509690975078014));
#4117=CARTESIAN_POINT('',(-0.0662215812395939,0.00217467294276017,-0.0519630528999128));
#4118=CARTESIAN_POINT('',(-0.066882034247263,0.00210800627609351,-0.052957008292024));
#4119=CARTESIAN_POINT('',(-0.0663514701313005,0.00204133960942684,-0.054025955070727));
#4120=CARTESIAN_POINT('',(-0.0658209060153381,0.00197467294276017,-0.0550949018494299));
#4121=CARTESIAN_POINT('',(-0.0646298888917067,0.00190800627609351,-0.0551698932360215));
#4122=CARTESIAN_POINT('',(-0.0634388717680751,0.00184133960942683,-0.055244884622613));
#4123=CARTESIAN_POINT('',(-0.0627784187604061,0.00177467294276017,-0.0542509292305017));
#4124=CARTESIAN_POINT('',(-0.0621179657527371,0.0017080062760935,-0.0532569738383903));
#4125=CARTESIAN_POINT('',(-0.0626485298686995,0.00164133960942684,-0.0521880270596874));
#4126=CARTESIAN_POINT('',(-0.0631790939846619,0.00157467294276017,-0.0511190802809846));
#4127=CARTESIAN_POINT('',(-0.0643701111082934,0.00150800627609351,-0.051044088894393));
#4128=CARTESIAN_POINT('',(-0.0655611282319249,0.00144133960942684,-0.0509690975078014));
#4129=CARTESIAN_POINT('',(-0.0662215812395939,0.00137467294276017,-0.0519630528999127));
#4130=CARTESIAN_POINT('',(-0.066882034247263,0.0013080062760935,-0.052957008292024));
#4131=CARTESIAN_POINT('',(-0.0663514701313005,0.00124133960942684,-0.054025955070727));
#4132=CARTESIAN_POINT('',(-0.0658209060153381,0.00117467294276017,-0.0550949018494299));
#4133=CARTESIAN_POINT('',(-0.0646298888917066,0.0011080062760935,-0.0551698932360215));
#4134=CARTESIAN_POINT('',(-0.0634388717680752,0.00104133960942684,-0.055244884622613));
#4135=CARTESIAN_POINT('',(-0.0627784187604061,0.000974672942760171,-0.0542509292305017));
#4136=CARTESIAN_POINT('',(-0.0621179657527371,0.000908006276093505,-0.0532569738383903));
#4137=CARTESIAN_POINT('',(-0.0626485298686995,0.000841339609426835,-0.0521880270596874));
#4138=CARTESIAN_POINT('',(-0.0631790939846619,0.00077467294276017,-0.0511190802809846));
#4139=CARTESIAN_POINT('',(-0.0643701111082933,0.000708006276093503,-0.051044088894393));
#4140=CARTESIAN_POINT('',(-0.0655611282319249,0.000641339609426835,-0.0509690975078014));
#4141=CARTESIAN_POINT('',(-0.0662215812395939,0.00057467294276017,-0.0519630528999127));
#4142=CARTESIAN_POINT('',(-0.0668820342472629,0.000508006276093503,-0.052957008292024));
#4143=CARTESIAN_POINT('',(-0.0663514701313005,0.000441339609426838,-0.054025955070727));
#4144=CARTESIAN_POINT('',(-0.0658209060153381,0.000374672942760169,-0.0550949018494298));
#4145=CARTESIAN_POINT('',(-0.0646298888917066,0.000308006276093505,-0.0551698932360215));
#4146=CARTESIAN_POINT('',(-0.0634388717680751,0.000241339609426834,-0.055244884622613));
#4147=CARTESIAN_POINT('',(-0.0627784187604061,0.00017467294276017,-0.0542509292305017));
#4148=CARTESIAN_POINT('',(-0.0621179657527371,0.000108006276093503,-0.0532569738383903));
#4149=CARTESIAN_POINT('',(-0.0626485298686995,4.13396094268367E-5,-0.0521880270596875));
#4150=CARTESIAN_POINT('',(-0.0631790939846619,-2.53270572398323E-5,-0.0511190802809845));
#4151=CARTESIAN_POINT('',(-0.0643701111082934,-9.19937239064958E-5,-0.051044088894393));
#4152=CARTESIAN_POINT('',(-0.0655611282319247,-0.000158660390573163,-0.0509690975078014));
#4153=CARTESIAN_POINT('',(-0.0662215812395939,-0.000225327057239829,-0.0519630528999128));
#4154=CARTESIAN_POINT('',(-0.0668820342472629,-0.000291993723906498,-0.052957008292024));
#4155=CARTESIAN_POINT('',(-0.0663514701313005,-0.000358660390573165,-0.054025955070727));
#4156=CARTESIAN_POINT('',(-0.0658209060153381,-0.000425327057239834,-0.0550949018494298));
#4157=CARTESIAN_POINT('',(-0.0646298888917067,-0.000491993723906497,-0.0551698932360215));
#4158=CARTESIAN_POINT('',(-0.0634388717680751,-0.000558660390573164,-0.055244884622613));
#4159=CARTESIAN_POINT('',(-0.0627784187604061,-0.000625327057239829,-0.0542509292305017));
#4160=CARTESIAN_POINT('',(-0.0621179657527371,-0.000691993723906495,-0.0532569738383903));
#4161=CARTESIAN_POINT('',(-0.0626485298686995,-0.000758660390573162,-0.0521880270596875));
#4162=CARTESIAN_POINT('',(-0.0631790939846619,-0.000825327057239831,-0.0511190802809846));
#4163=CARTESIAN_POINT('',(-0.0643701111082934,-0.000891993723906498,-0.051044088894393));
#4164=CARTESIAN_POINT('',(-0.0655611282319249,-0.000958660390573165,-0.0509690975078014));
#4165=CARTESIAN_POINT('',(-0.0662215812395939,-0.00102532705723983,-0.0519630528999128));
#4166=CARTESIAN_POINT('',(-0.066882034247263,-0.0010919937239065,-0.052957008292024));
#4167=CARTESIAN_POINT('',(-0.0663514701313005,-0.00115866039057316,-0.054025955070727));
#4168=CARTESIAN_POINT('',(-0.0658209060153381,-0.00122532705723983,-0.0550949018494299));
#4169=CARTESIAN_POINT('',(-0.0646298888917067,-0.0012919937239065,-0.0551698932360215));
#4170=CARTESIAN_POINT('',(-0.0634388717680751,-0.00135866039057316,-0.055244884622613));
#4171=CARTESIAN_POINT('',(-0.0627784187604061,-0.00142532705723983,-0.0542509292305017));
#4172=CARTESIAN_POINT('',(-0.0621179657527371,-0.0014919937239065,-0.0532569738383903));
#4173=CARTESIAN_POINT('',(-0.0626485298686995,-0.00155866039057317,-0.0521880270596874));
#4174=CARTESIAN_POINT('',(-0.0631790939846619,-0.00162532705723983,-0.0511190802809846));
#4175=CARTESIAN_POINT('',(-0.0643701111082934,-0.0016919937239065,-0.051044088894393));
#4176=CARTESIAN_POINT('',(-0.0655611282319249,-0.00175866039057317,-0.0509690975078014));
#4177=CARTESIAN_POINT('',(-0.0662215812395939,-0.00182532705723983,-0.0519630528999127));
#4178=CARTESIAN_POINT('',(-0.066882034247263,-0.00189199372390649,-0.052957008292024));
#4179=CARTESIAN_POINT('',(-0.0663514701313005,-0.00195866039057316,-0.054025955070727));
#4180=CARTESIAN_POINT('',(-0.0658209060153381,-0.00202532705723983,-0.0550949018494298));
#4181=CARTESIAN_POINT('',(-0.0646298888917066,-0.0020919937239065,-0.0551698932360215));
#4182=CARTESIAN_POINT('',(-0.0634388717680752,-0.00215866039057317,-0.055244884622613));
#4183=CARTESIAN_POINT('',(-0.0627784187604061,-0.00222532705723983,-0.0542509292305017));
#4184=CARTESIAN_POINT('',(-0.0621179657527371,-0.0022919937239065,-0.0532569738383903));
#4185=CARTESIAN_POINT('',(-0.0626485298686995,-0.00235866039057317,-0.0521880270596875));
#4186=CARTESIAN_POINT('',(-0.0631790939846619,-0.00242532705723983,-0.0511190802809846));
#4187=CARTESIAN_POINT('',(-0.0643701111082933,-0.00249199372390649,-0.051044088894393));
#4188=CARTESIAN_POINT('',(-0.0655611282319249,-0.00255866039057316,-0.0509690975078014));
#4189=CARTESIAN_POINT('',(-0.0662215812395939,-0.00262532705723983,-0.0519630528999127));
#4190=CARTESIAN_POINT('',(-0.0668820342472629,-0.0026919937239065,-0.052957008292024));
#4191=CARTESIAN_POINT('',(-0.0663514701313005,-0.00275866039057317,-0.054025955070727));
#4192=CARTESIAN_POINT('',(-0.0658209060153381,-0.00282532705723983,-0.0550949018494298));
#4193=CARTESIAN_POINT('',(-0.0646298888917066,-0.00289199372390649,-0.0551698932360215));
#4194=CARTESIAN_POINT('',(-0.0634388717680751,-0.00295866039057316,-0.055244884622613));
#4195=CARTESIAN_POINT('',(-0.0627784187604061,-0.00302532705723983,-0.0542509292305017));
#4196=CARTESIAN_POINT('',(-0.0621179657527371,-0.00309199372390649,-0.0532569738383903));
#4197=CARTESIAN_POINT('',(-0.0626485298686995,-0.00315866039057317,-0.0521880270596875));
#4198=CARTESIAN_POINT('',(-0.0631790939846619,-0.00322532705723983,-0.0511190802809845));
#4199=CARTESIAN_POINT('',(-0.0643701111082934,-0.0032919937239065,-0.051044088894393));
#4200=CARTESIAN_POINT('',(-0.0655611282319247,-0.00335866039057316,-0.0509690975078014));
#4201=CARTESIAN_POINT('',(-0.0662215812395939,-0.00342532705723983,-0.0519630528999127));
#4202=CARTESIAN_POINT('',(-0.0668820342472629,-0.0034919937239065,-0.052957008292024));
#4203=CARTESIAN_POINT('',(-0.0663514701313005,-0.00355866039057317,-0.054025955070727));
#4204=CARTESIAN_POINT('',(-0.0658209060153381,-0.00362532705723983,-0.0550949018494298));
#4205=CARTESIAN_POINT('',(-0.0646298888917067,-0.0036919937239065,-0.0551698932360215));
#4206=CARTESIAN_POINT('',(-0.0634388717680751,-0.00375866039057316,-0.055244884622613));
#4207=CARTESIAN_POINT('',(-0.0627784187604061,-0.00382532705723983,-0.0542509292305017));
#4208=CARTESIAN_POINT('',(-0.0621179657527371,-0.0038919937239065,-0.0532569738383903));
#4209=CARTESIAN_POINT('',(-0.0626485298686995,-0.00395866039057317,-0.0521880270596875));
#4210=CARTESIAN_POINT('',(-0.0631790939846619,-0.00402532705723983,-0.0511190802809846));
#4211=CARTESIAN_POINT('',(-0.0643701111082934,-0.0040919937239065,-0.051044088894393));
#4212=CARTESIAN_POINT('',(-0.0655611282319249,-0.00415866039057316,-0.0509690975078014));
#4213=CARTESIAN_POINT('',(-0.0662215812395939,-0.00422532705723983,-0.0519630528999127));
#4214=CARTESIAN_POINT('',(-0.066882034247263,-0.0042919937239065,-0.052957008292024));
#4215=CARTESIAN_POINT('',(-0.0663514701313005,-0.00435866039057316,-0.054025955070727));
#4216=CARTESIAN_POINT('',(-0.0658209060153381,-0.00442532705723983,-0.0550949018494299));
#4217=CARTESIAN_POINT('',(-0.0646298888917067,-0.0044919937239065,-0.0551698932360215));
#4218=CARTESIAN_POINT('',(-0.0634388717680752,-0.00455866039057316,-0.055244884622613));
#4219=CARTESIAN_POINT('',(-0.0627784187604061,-0.00462532705723983,-0.0542509292305017));
#4220=CARTESIAN_POINT('',(-0.0621179657527371,-0.0046919937239065,-0.0532569738383903));
#4221=CARTESIAN_POINT('',(-0.0626485298686995,-0.00475866039057316,-0.0521880270596875));
#4222=CARTESIAN_POINT('',(-0.0631790939846619,-0.00482532705723983,-0.0511190802809846));
#4223=CARTESIAN_POINT('',(-0.0643701111082933,-0.0048919937239065,-0.051044088894393));
#4224=CARTESIAN_POINT('',(-0.0655611282319249,-0.00495866039057317,-0.0509690975078014));
#4225=CARTESIAN_POINT('',(-0.0662215812395939,-0.00502532705723983,-0.0519630528999127));
#4226=CARTESIAN_POINT('',(-0.066882034247263,-0.0050919937239065,-0.052957008292024));
#4227=CARTESIAN_POINT('',(-0.0663514701313005,-0.00515866039057316,-0.054025955070727));
#4228=CARTESIAN_POINT('',(-0.0658209060153381,-0.00522532705723983,-0.0550949018494298));
#4229=CARTESIAN_POINT('',(-0.0646298888917066,-0.0052919937239065,-0.0551698932360215));
#4230=CARTESIAN_POINT('',(-0.0634388717680752,-0.00535866039057316,-0.055244884622613));
#4231=CARTESIAN_POINT('',(-0.0627784187604061,-0.00542532705723983,-0.0542509292305017));
#4232=CARTESIAN_POINT('',(-0.0621179657527371,-0.0054919937239065,-0.0532569738383903));
#4233=CARTESIAN_POINT('',(-0.0626485298686995,-0.00555866039057316,-0.0521880270596875));
#4234=CARTESIAN_POINT('',(-0.0631790939846619,-0.00562532705723983,-0.0511190802809846));
#4235=CARTESIAN_POINT('',(-0.0643701111082933,-0.0056919937239065,-0.051044088894393));
#4236=CARTESIAN_POINT('',(-0.0655611282319249,-0.00575866039057316,-0.0509690975078014));
#4237=CARTESIAN_POINT('',(-0.0662215812395939,-0.00582532705723983,-0.0519630528999127));
#4238=CARTESIAN_POINT('',(-0.0668820342472629,-0.00589199372390649,-0.052957008292024));
#4239=CARTESIAN_POINT('',(-0.0663514701313005,-0.00595866039057316,-0.054025955070727));
#4240=CARTESIAN_POINT('',(-0.0658209060153381,-0.00602532705723983,-0.0550949018494298));
#4241=CARTESIAN_POINT('',(-0.0646298888917066,-0.0060919937239065,-0.0551698932360215));
#4242=CARTESIAN_POINT('',(-0.0634388717680751,-0.00615866039057316,-0.055244884622613));
#4243=CARTESIAN_POINT('',(-0.0627784187604061,-0.00622532705723983,-0.0542509292305017));
#4244=CARTESIAN_POINT('',(-0.0621179657527371,-0.0062919937239065,-0.0532569738383903));
#4245=CARTESIAN_POINT('',(-0.0626485298686995,-0.00635866039057316,-0.0521880270596875));
#4246=CARTESIAN_POINT('',(-0.0631790939846619,-0.00642532705723983,-0.0511190802809845));
#4247=CARTESIAN_POINT('',(-0.0643701111082934,-0.0064919937239065,-0.051044088894393));
#4248=CARTESIAN_POINT('',(-0.0655611282319247,-0.00655866039057316,-0.0509690975078014));
#4249=CARTESIAN_POINT('',(-0.0662215812395939,-0.00662532705723983,-0.0519630528999127));
#4250=CARTESIAN_POINT('',(-0.0668820342472629,-0.0066919937239065,-0.052957008292024));
#4251=CARTESIAN_POINT('',(-0.0663514701313006,-0.00675866039057316,-0.054025955070727));
#4252=CARTESIAN_POINT('',(-0.0658209060153381,-0.00682532705723983,-0.0550949018494298));
#4253=CARTESIAN_POINT('',(-0.0646298888917067,-0.0068919937239065,-0.0551698932360215));
#4254=CARTESIAN_POINT('',(-0.0634388717680751,-0.00695866039057316,-0.055244884622613));
#4255=CARTESIAN_POINT('',(-0.0627784187604061,-0.00702532705723983,-0.0542509292305017));
#4256=CARTESIAN_POINT('',(-0.0621179657527371,-0.0070919937239065,-0.0532569738383903));
#4257=CARTESIAN_POINT('',(-0.0626485298686995,-0.00715866039057317,-0.0521880270596875));
#4258=CARTESIAN_POINT('',(-0.0631790939846619,-0.00722532705723984,-0.0511190802809846));
#4259=CARTESIAN_POINT('',(-0.0643701111082934,-0.0072919937239065,-0.051044088894393));
#4260=CARTESIAN_POINT('',(-0.0655611282319249,-0.00735866039057316,-0.0509690975078014));
#4261=CARTESIAN_POINT('',(-0.0662215812395939,-0.00742532705723983,-0.0519630528999127));
#4262=CARTESIAN_POINT('',(-0.0668820342472629,-0.0074919937239065,-0.052957008292024));
#4263=CARTESIAN_POINT('',(-0.0663514701313005,-0.00755866039057317,-0.054025955070727));
#4264=CARTESIAN_POINT('',(-0.0658209060153381,-0.00762532705723983,-0.0550949018494299));
#4265=CARTESIAN_POINT('',(-0.0646298888917067,-0.0076919937239065,-0.0551698932360215));
#4266=CARTESIAN_POINT('',(-0.0634388717680752,-0.00775866039057317,-0.055244884622613));
#4267=CARTESIAN_POINT('',(-0.0627784187604061,-0.00782532705723983,-0.0542509292305017));
#4268=CARTESIAN_POINT('',(-0.0621179657527371,-0.00789199372390649,-0.0532569738383903));
#4269=CARTESIAN_POINT('',(-0.0626485298686995,-0.00795866039057316,-0.0521880270596875));
#4270=CARTESIAN_POINT('',(-0.0631790939846619,-0.00802532705723983,-0.0511190802809846));
#4271=CARTESIAN_POINT('',(-0.0643701111082933,-0.0080919937239065,-0.051044088894393));
#4272=CARTESIAN_POINT('',(-0.0655611282319249,-0.00815866039057316,-0.0509690975078014));
#4273=CARTESIAN_POINT('',(-0.0662215812395939,-0.00822532705723983,-0.0519630528999127));
#4274=CARTESIAN_POINT('',(-0.066882034247263,-0.0082919937239065,-0.052957008292024));
#4275=CARTESIAN_POINT('',(-0.0663514701313005,-0.00835866039057316,-0.054025955070727));
#4276=CARTESIAN_POINT('',(-0.0658209060153381,-0.00842532705723983,-0.0550949018494298));
#4277=CARTESIAN_POINT('',(-0.0646298888917067,-0.00849199372390649,-0.0551698932360215));
#4278=CARTESIAN_POINT('',(-0.0634388717680752,-0.00855866039057317,-0.055244884622613));
#4279=CARTESIAN_POINT('',(-0.0627784187604061,-0.00862532705723983,-0.0542509292305017));
#4280=CARTESIAN_POINT('',(-0.0621179657527371,-0.0086919937239065,-0.0532569738383903));
#4281=CARTESIAN_POINT('',(-0.0626485298686995,-0.00875866039057317,-0.0521880270596874));
#4282=CARTESIAN_POINT('',(-0.0631790939846619,-0.00882532705723983,-0.0511190802809846));
#4283=CARTESIAN_POINT('',(-0.0643701111082933,-0.0088919937239065,-0.051044088894393));
#4284=CARTESIAN_POINT('',(-0.0655611282319249,-0.00895866039057316,-0.0509690975078014));
#4285=CARTESIAN_POINT('',(-0.0662215812395939,-0.00902532705723983,-0.0519630528999127));
#4286=CARTESIAN_POINT('',(-0.0668820342472629,-0.0090919937239065,-0.052957008292024));
#4287=CARTESIAN_POINT('',(-0.0663514701313005,-0.00915866039057316,-0.054025955070727));
#4288=CARTESIAN_POINT('',(-0.0658209060153381,-0.00922532705723983,-0.0550949018494299));
#4289=CARTESIAN_POINT('',(-0.0646298888917067,-0.0092919937239065,-0.0551698932360215));
#4290=CARTESIAN_POINT('',(-0.0634388717680751,-0.00935866039057316,-0.055244884622613));
#4291=CARTESIAN_POINT('',(-0.0627784187604061,-0.00942532705723983,-0.0542509292305017));
#4292=CARTESIAN_POINT('',(-0.0621179657527371,-0.00949199372390649,-0.0532569738383905));
#4293=CARTESIAN_POINT('',(-0.0626485298686995,-0.00955866039057316,-0.0521880270596875));
#4294=CARTESIAN_POINT('',(-0.0631790939846619,-0.00962532705723982,-0.0511190802809845));
#4295=CARTESIAN_POINT('',(-0.0643701111082933,-0.0096919937239065,-0.051044088894393));
#4296=CARTESIAN_POINT('',(-0.0655611282319247,-0.00975866039057316,-0.0509690975078013));
#4297=CARTESIAN_POINT('',(-0.0662215812395939,-0.00982532705723983,-0.0519630528999127));
#4298=CARTESIAN_POINT('',(-0.066882034247263,-0.0098919937239065,-0.0529570082920242));
#4299=CARTESIAN_POINT('',(-0.0663514701313006,-0.00995866039057317,-0.054025955070727));
#4300=CARTESIAN_POINT('',(-0.0658209060153381,-0.0100253270572398,-0.0550949018494298));
#4301=CARTESIAN_POINT('',(-0.0646298888917066,-0.0100919937239065,-0.0551698932360215));
#4302=CARTESIAN_POINT('',(-0.0634388717680752,-0.0101586603905732,-0.055244884622613));
#4303=CARTESIAN_POINT('',(-0.0627784187604061,-0.0102253270572398,-0.0542509292305017));
#4304=CARTESIAN_POINT('',(-0.0621179657527371,-0.0102919937239065,-0.0532569738383903));
#4305=CARTESIAN_POINT('',(-0.0626485298686995,-0.0103586603905732,-0.0521880270596875));
#4306=CARTESIAN_POINT('',(-0.0631790939846619,-0.0104253270572398,-0.0511190802809846));
#4307=CARTESIAN_POINT('',(-0.0643701111082934,-0.0104919937239065,-0.051044088894393));
#4308=CARTESIAN_POINT('',(-0.0655611282319247,-0.0105586603905732,-0.0509690975078013));
#4309=CARTESIAN_POINT('',(-0.0662215812395939,-0.0106253270572398,-0.0519630528999127));
#4310=CARTESIAN_POINT('',(-0.0668820342472629,-0.0106919937239065,-0.052957008292024));
#4311=CARTESIAN_POINT('',(-0.0663514701313005,-0.0107586603905732,-0.054025955070727));
#4312=CARTESIAN_POINT('',(-0.0658209060153381,-0.0108253270572398,-0.0550949018494298));
#4313=CARTESIAN_POINT('',(-0.0646298888917067,-0.0108919937239065,-0.0551698932360215));
#4314=CARTESIAN_POINT('',(-0.0634388717680751,-0.0109586603905732,-0.055244884622613));
#4315=CARTESIAN_POINT('',(-0.0627784187604062,-0.0110253270572398,-0.0542509292305018));
#4316=CARTESIAN_POINT('',(-0.0621179657527371,-0.0110919937239065,-0.0532569738383903));
#4317=CARTESIAN_POINT('',(-0.0626485298686995,-0.0111586603905732,-0.0521880270596875));
#4318=CARTESIAN_POINT('',(-0.0631790939846619,-0.0112253270572398,-0.0511190802809846));
#4319=CARTESIAN_POINT('',(-0.0643701111082933,-0.0112919937239065,-0.051044088894393));
#4320=CARTESIAN_POINT('',(-0.0655611282319249,-0.0113586603905732,-0.0509690975078014));
#4321=CARTESIAN_POINT('',(-0.0662215812395939,-0.0114253270572398,-0.0519630528999128));
#4322=CARTESIAN_POINT('',(-0.0668820342472629,-0.0114919937239065,-0.052957008292024));
#4323=CARTESIAN_POINT('',(-0.0663514701313005,-0.0115586603905732,-0.054025955070727));
#4324=CARTESIAN_POINT('',(-0.0658209060153381,-0.0116253270572398,-0.0550949018494299));
#4325=CARTESIAN_POINT('',(-0.0646298888917067,-0.0116919937239065,-0.0551698932360215));
#4326=CARTESIAN_POINT('',(-0.0634388717680752,-0.0117586603905732,-0.055244884622613));
#4327=CARTESIAN_POINT('',(-0.0627784187604061,-0.0118253270572398,-0.0542509292305017));
#4328=CARTESIAN_POINT('',(-0.0621179657527371,-0.0118919937239065,-0.0532569738383905));
#4329=CARTESIAN_POINT('',(-0.0626485298686995,-0.0119586603905732,-0.0521880270596875));
#4330=CARTESIAN_POINT('',(-0.0631790939846619,-0.0120253270572398,-0.0511190802809846));
#4331=CARTESIAN_POINT('',(-0.0643701111082934,-0.0120919937239065,-0.051044088894393));
#4332=CARTESIAN_POINT('',(-0.0655611282319247,-0.0121586603905732,-0.0509690975078013));
#4333=CARTESIAN_POINT('',(-0.0662215812395939,-0.0122253270572398,-0.0519630528999127));
#4334=CARTESIAN_POINT('',(-0.066882034247263,-0.0122919937239065,-0.052957008292024));
#4335=CARTESIAN_POINT('',(-0.0663514701313006,-0.0123586603905732,-0.0540259550707269));
#4336=CARTESIAN_POINT('',(-0.0658209060153381,-0.0124253270572398,-0.0550949018494298));
#4337=CARTESIAN_POINT('',(-0.0646298888917066,-0.0124919937239065,-0.0551698932360215));
#4338=CARTESIAN_POINT('',(-0.0634388717680752,-0.0125586603905732,-0.055244884622613));
#4339=CARTESIAN_POINT('',(-0.0627784187604061,-0.0126253270572398,-0.0542509292305017));
#4340=CARTESIAN_POINT('',(-0.0621179657527371,-0.0126919937239065,-0.0532569738383903));
#4341=CARTESIAN_POINT('',(-0.0626485298686994,-0.0127586603905732,-0.0521880270596875));
#4342=CARTESIAN_POINT('',(-0.0631790939846619,-0.0128253270572398,-0.0511190802809846));
#4343=CARTESIAN_POINT('',(-0.0643701111082934,-0.0128919937239065,-0.051044088894393));
#4344=CARTESIAN_POINT('',(-0.0655611282319249,-0.0129586603905732,-0.0509690975078014));
#4345=CARTESIAN_POINT('',(-0.0662215812395939,-0.0130253270572398,-0.0519630528999127));
#4346=CARTESIAN_POINT('',(-0.0668820342472629,-0.0130919937239065,-0.052957008292024));
#4347=CARTESIAN_POINT('',(-0.0663514701313005,-0.0131586603905732,-0.054025955070727));
#4348=CARTESIAN_POINT('',(-0.0658209060153381,-0.0132253270572398,-0.0550949018494298));
#4349=CARTESIAN_POINT('',(-0.0646298888917067,-0.0132919937239065,-0.0551698932360215));
#4350=CARTESIAN_POINT('',(-0.0634388717680751,-0.0133586603905732,-0.055244884622613));
#4351=CARTESIAN_POINT('',(-0.0627784187604062,-0.0134253270572398,-0.0542509292305018));
#4352=CARTESIAN_POINT('',(-0.0621179657527371,-0.0134919937239065,-0.0532569738383903));
#4353=CARTESIAN_POINT('',(-0.0626485298686995,-0.0135586603905732,-0.0521880270596875));
#4354=CARTESIAN_POINT('',(-0.0631790939846619,-0.0136253270572398,-0.0511190802809845));
#4355=CARTESIAN_POINT('',(-0.0643701111082933,-0.0136919937239065,-0.051044088894393));
#4356=CARTESIAN_POINT('',(-0.0655611282319247,-0.0137586603905732,-0.0509690975078014));
#4357=CARTESIAN_POINT('',(-0.0662215812395939,-0.0138253270572398,-0.0519630528999128));
#4358=CARTESIAN_POINT('',(-0.0668820342472629,-0.0138919937239065,-0.052957008292024));
#4359=CARTESIAN_POINT('',(-0.0663514701313005,-0.0139586603905732,-0.054025955070727));
#4360=CARTESIAN_POINT('',(-0.0658209060153381,-0.0140253270572398,-0.0550949018494299));
#4361=CARTESIAN_POINT('',(-0.0646298888917067,-0.0140919937239065,-0.0551698932360215));
#4362=CARTESIAN_POINT('',(-0.0634388717680752,-0.0141586603905732,-0.055244884622613));
#4363=CARTESIAN_POINT('',(-0.0627784187604061,-0.0142253270572398,-0.0542509292305017));
#4364=CARTESIAN_POINT('',(-0.0621179657527371,-0.0142919937239065,-0.0532569738383903));
#4365=CARTESIAN_POINT('',(-0.0626485298686995,-0.0143586603905732,-0.0521880270596875));
#4366=CARTESIAN_POINT('',(-0.0631790939846619,-0.0144253270572398,-0.0511190802809846));
#4367=CARTESIAN_POINT('',(-0.0643701111082934,-0.0144919937239065,-0.051044088894393));
#4368=CARTESIAN_POINT('',(-0.0655611282319247,-0.0145586603905732,-0.0509690975078013));
#4369=CARTESIAN_POINT('',(-0.0662215812395939,-0.0146253270572398,-0.0519630528999127));
#4370=CARTESIAN_POINT('',(-0.066882034247263,-0.0146919937239065,-0.052957008292024));
#4371=CARTESIAN_POINT('',(-0.0663514701313006,-0.0147586603905732,-0.0540259550707269));
#4372=CARTESIAN_POINT('',(-0.0658209060153381,-0.0148253270572398,-0.0550949018494298));
#4373=CARTESIAN_POINT('',(-0.0646298888917067,-0.0148919937239065,-0.0551698932360215));
#4374=CARTESIAN_POINT('',(-0.0634388717680751,-0.0149586603905732,-0.055244884622613));
#4375=CARTESIAN_POINT('',(-0.0627784187604061,-0.0150253270572398,-0.0542509292305018));
#4376=CARTESIAN_POINT('',(-0.0621179657527371,-0.0150919937239065,-0.0532569738383903));
#4377=CARTESIAN_POINT('',(-0.0626485298686995,-0.0151586603905731,-0.0521880270596874));
#4378=CARTESIAN_POINT('',(-0.0631790939846619,-0.0152253270572398,-0.0511190802809846));
#4379=CARTESIAN_POINT('',(-0.0643701111082933,-0.0152919937239065,-0.051044088894393));
#4380=CARTESIAN_POINT('',(-0.0655611282319249,-0.0153586603905732,-0.0509690975078014));
#4381=CARTESIAN_POINT('',(-0.0662215812395939,-0.0154253270572398,-0.0519630528999127));
#4382=CARTESIAN_POINT('',(-0.0668820342472629,-0.0154919937239065,-0.052957008292024));
#4383=CARTESIAN_POINT('',(-0.0663514701313005,-0.0155586603905731,-0.054025955070727));
#4384=CARTESIAN_POINT('',(-0.0658209060153382,-0.0156253270572398,-0.0550949018494298));
#4385=CARTESIAN_POINT('',(-0.0646298888917067,-0.0156919937239065,-0.0551698932360215));
#4386=CARTESIAN_POINT('',(-0.0634388717680752,-0.0157586603905732,-0.055244884622613));
#4387=CARTESIAN_POINT('',(-0.0627784187604061,-0.0158253270572399,-0.0542509292305017));
#4388=CARTESIAN_POINT('',(-0.0621179657527371,-0.0158919937239065,-0.0532569738383905));
#4389=CARTESIAN_POINT('',(-0.0626485298686995,-0.0159586603905731,-0.0521880270596875));
#4390=CARTESIAN_POINT('',(-0.0631790939846619,-0.0160253270572398,-0.0511190802809846));
#4391=CARTESIAN_POINT('',(-0.0643701111082933,-0.0160919937239065,-0.051044088894393));
#4392=CARTESIAN_POINT('',(-0.0655611282319247,-0.0161586603905732,-0.0509690975078013));
#4393=CARTESIAN_POINT('',(-0.0662215812395939,-0.0162253270572398,-0.0519630528999127));
#4394=CARTESIAN_POINT('',(-0.0668820342472629,-0.0162919937239065,-0.0529570082920239));
#4395=CARTESIAN_POINT('',(-0.0663514701313006,-0.0163586603905732,-0.054025955070727));
#4396=CARTESIAN_POINT('',(-0.0658209060153381,-0.0164253270572398,-0.0550949018494298));
#4397=CARTESIAN_POINT('',(-0.0646298888917066,-0.0164919937239065,-0.0551698932360215));
#4398=CARTESIAN_POINT('',(-0.0634388717680752,-0.0165586603905732,-0.055244884622613));
#4399=CARTESIAN_POINT('',(-0.0627784187604061,-0.0166253270572399,-0.0542509292305017));
#4400=CARTESIAN_POINT('',(-0.0621179657527371,-0.0166919937239065,-0.0532569738383903));
#4401=CARTESIAN_POINT('',(-0.0626485298686994,-0.0167586603905731,-0.0521880270596875));
#4402=CARTESIAN_POINT('',(-0.0631790939846619,-0.0168253270572398,-0.0511190802809846));
#4403=CARTESIAN_POINT('',(-0.0643701111082934,-0.0168919937239065,-0.051044088894393));
#4404=CARTESIAN_POINT('',(-0.0655611282319247,-0.0169586603905732,-0.0509690975078013));
#4405=CARTESIAN_POINT('',(-0.0662215812395939,-0.0170253270572399,-0.0519630528999127));
#4406=CARTESIAN_POINT('',(-0.0668820342472629,-0.0170919937239065,-0.052957008292024));
#4407=CARTESIAN_POINT('',(-0.0663514701313005,-0.0171586603905731,-0.054025955070727));
#4408=CARTESIAN_POINT('',(-0.0658209060153381,-0.0172253270572398,-0.0550949018494298));
#4409=CARTESIAN_POINT('',(-0.0646298888917067,-0.0172919937239065,-0.0551698932360215));
#4410=CARTESIAN_POINT('',(-0.0634388717680751,-0.0173586603905731,-0.055244884622613));
#4411=CARTESIAN_POINT('',(-0.0627784187604062,-0.0174253270572399,-0.0542509292305018));
#4412=CARTESIAN_POINT('',(-0.0621179657527371,-0.0174919937239065,-0.0532569738383903));
#4413=CARTESIAN_POINT('',(-0.0626485298686995,-0.0175586603905732,-0.0521880270596875));
#4414=CARTESIAN_POINT('',(-0.0631790939846619,-0.0176253270572398,-0.0511190802809846));
#4415=CARTESIAN_POINT('',(-0.0643701111082933,-0.0176919937239065,-0.051044088894393));
#4416=CARTESIAN_POINT('',(-0.0655611282319249,-0.0177586603905732,-0.0509690975078014));
#4417=CARTESIAN_POINT('',(-0.0662215812395938,-0.0178253270572399,-0.0519630528999127));
#4418=CARTESIAN_POINT('',(-0.0668820342472629,-0.0178919937239065,-0.052957008292024));
#4419=CARTESIAN_POINT('',(-0.0663514701313005,-0.0179586603905731,-0.054025955070727));
#4420=CARTESIAN_POINT('',(-0.0658209060153381,-0.0180253270572398,-0.0550949018494299));
#4421=CARTESIAN_POINT('',(-0.0646298888917067,-0.0180919937239065,-0.0551698932360215));
#4422=CARTESIAN_POINT('',(-0.0634388717680752,-0.0181586603905731,-0.055244884622613));
#4423=CARTESIAN_POINT('',(-0.0627784187604061,-0.0182253270572399,-0.0542509292305017));
#4424=CARTESIAN_POINT('',(-0.0621179657527371,-0.0182919937239065,-0.0532569738383905));
#4425=CARTESIAN_POINT('',(-0.0626485298686995,-0.0183586603905731,-0.0521880270596875));
#4426=CARTESIAN_POINT('',(-0.0631790939846619,-0.0184253270572398,-0.0511190802809846));
#4427=CARTESIAN_POINT('',(-0.0643701111082933,-0.0184919937239065,-0.051044088894393));
#4428=CARTESIAN_POINT('',(-0.0655611282319247,-0.0185586603905732,-0.0509690975078013));
#4429=CARTESIAN_POINT('',(-0.0662215812395939,-0.0186253270572399,-0.0519630528999127));
#4430=CARTESIAN_POINT('',(-0.066882034247263,-0.0186919937239065,-0.052957008292024));
#4431=CARTESIAN_POINT('',(-0.0663514701313006,-0.0187586603905732,-0.0540259550707269));
#4432=CARTESIAN_POINT('',(-0.0658209060153381,-0.0188253270572398,-0.0550949018494298));
#4433=CARTESIAN_POINT('',(-0.0646298888917066,-0.0188919937239065,-0.0551698932360215));
#4434=CARTESIAN_POINT('',(-0.0634388717680752,-0.0189586603905731,-0.055244884622613));
#4435=CARTESIAN_POINT('',(-0.0627784187604061,-0.0190253270572398,-0.0542509292305017));
#4436=CARTESIAN_POINT('',(-0.0621179657527371,-0.0190919937239065,-0.0532569738383903));
#4437=CARTESIAN_POINT('',(-0.0626485298686994,-0.0191586603905731,-0.0521880270596875));
#4438=CARTESIAN_POINT('',(-0.0631790939846619,-0.0192253270572398,-0.0511190802809846));
#4439=CARTESIAN_POINT('',(-0.0643701111082933,-0.0192919937239065,-0.051044088894393));
#4440=CARTESIAN_POINT('',(-0.0655611282319249,-0.0193586603905732,-0.0509690975078014));
#4441=CARTESIAN_POINT('',(-0.0662215812395939,-0.0194253270572399,-0.0519630528999127));
#4442=CARTESIAN_POINT('',(-0.0668820342472629,-0.0194919937239065,-0.052957008292024));
#4443=CARTESIAN_POINT('',(-0.0663514701313005,-0.0195586603905731,-0.054025955070727));
#4444=CARTESIAN_POINT('',(-0.0658209060153381,-0.0196253270572398,-0.0550949018494298));
#4445=CARTESIAN_POINT('',(-0.0646298888917067,-0.0196919937239065,-0.0551698932360215));
#4446=CARTESIAN_POINT('',(-0.0634388717680751,-0.0197586603905731,-0.055244884622613));
#4447=CARTESIAN_POINT('',(-0.0627784187604062,-0.0198253270572399,-0.0542509292305018));
#4448=CARTESIAN_POINT('',(-0.0621179657527371,-0.0198919937239065,-0.0532569738383905));
#4449=CARTESIAN_POINT('',(-0.0626485298686995,-0.0199586603905731,-0.0521880270596875));
#4450=CARTESIAN_POINT('',(-0.0631790939846617,-0.0200253270572398,-0.0511190802809846));
#4451=CARTESIAN_POINT('',(-0.0643701111082933,-0.0200919937239065,-0.051044088894393));
#4452=CARTESIAN_POINT('',(-0.0655611282319247,-0.0201586603905732,-0.0509690975078014));
#4453=CARTESIAN_POINT('',(-0.0662215812395939,-0.0202253270572398,-0.0519630528999128));
#4454=CARTESIAN_POINT('',(-0.0668820342472629,-0.0202919937239065,-0.052957008292024));
#4455=CARTESIAN_POINT('',(-0.0663514701313005,-0.0203586603905732,-0.054025955070727));
#4456=CARTESIAN_POINT('',(-0.0658209060153381,-0.0204253270572398,-0.0550949018494299));
#4457=CARTESIAN_POINT('',(-0.0646298888917067,-0.0204919937239065,-0.0551698932360215));
#4458=CARTESIAN_POINT('',(-0.0634388717680752,-0.0205586603905731,-0.055244884622613));
#4459=CARTESIAN_POINT('',(-0.0627784187604061,-0.0206253270572399,-0.0542509292305017));
#4460=CARTESIAN_POINT('',(-0.0621179657527371,-0.0206919937239065,-0.0532569738383905));
#4461=CARTESIAN_POINT('',(-0.0626485298686995,-0.0207586603905731,-0.0521880270596875));
#4462=CARTESIAN_POINT('',(-0.0631790939846619,-0.0208253270572398,-0.0511190802809846));
#4463=CARTESIAN_POINT('',(-0.0643701111082934,-0.0208919937239065,-0.051044088894393));
#4464=CARTESIAN_POINT('',(-0.0655611282319247,-0.0209586603905732,-0.0509690975078013));
#4465=CARTESIAN_POINT('',(-0.0662215812395939,-0.0210253270572399,-0.0519630528999127));
#4466=CARTESIAN_POINT('',(-0.066882034247263,-0.0210919937239065,-0.052957008292024));
#4467=CARTESIAN_POINT('',(-0.0663514701313006,-0.0211586603905731,-0.0540259550707269));
#4468=CARTESIAN_POINT('',(-0.0658209060153381,-0.0212253270572398,-0.0550949018494298));
#4469=CARTESIAN_POINT('',(-0.0646298888917067,-0.0212919937239065,-0.0551698932360215));
#4470=CARTESIAN_POINT('',(-0.0634388717680752,-0.0213586603905731,-0.055244884622613));
#4471=CARTESIAN_POINT('',(-0.0627784187604061,-0.0214253270572399,-0.0542509292305018));
#4472=CARTESIAN_POINT('',(-0.0621179657527371,-0.0214919937239065,-0.0532569738383903));
#4473=CARTESIAN_POINT('',(-0.0626485298686995,-0.0215586603905732,-0.0521880270596874));
#4474=CARTESIAN_POINT('',(-0.0631790939846619,-0.0216253270572399,-0.0511190802809846));
#4475=CARTESIAN_POINT('',(-0.0643701111082933,-0.0216919937239065,-0.051044088894393));
#4476=CARTESIAN_POINT('',(-0.0655611282319249,-0.0217586603905732,-0.0509690975078014));
#4477=CARTESIAN_POINT('',(-0.0662215812395939,-0.0218253270572398,-0.0519630528999127));
#4478=CARTESIAN_POINT('',(-0.0668820342472629,-0.0218919937239065,-0.052957008292024));
#4479=CARTESIAN_POINT('',(-0.0663514701313005,-0.0219586603905731,-0.054025955070727));
#4480=CARTESIAN_POINT('',(-0.0658209060153382,-0.0220253270572398,-0.0550949018494298));
#4481=CARTESIAN_POINT('',(-0.0646298888917067,-0.0220919937239065,-0.0551698932360215));
#4482=CARTESIAN_POINT('',(-0.0634388717680752,-0.0221586603905731,-0.055244884622613));
#4483=CARTESIAN_POINT('',(-0.0627784187604061,-0.0222253270572398,-0.0542509292305017));
#4484=CARTESIAN_POINT('',(-0.0621179657527371,-0.0222919937239065,-0.0532569738383905));
#4485=CARTESIAN_POINT('',(-0.0626485298686995,-0.0223586603905731,-0.0521880270596875));
#4486=CARTESIAN_POINT('',(-0.0631790939846619,-0.0224253270572399,-0.0511190802809846));
#4487=CARTESIAN_POINT('',(-0.0643701111082933,-0.0224919937239065,-0.051044088894393));
#4488=CARTESIAN_POINT('',(-0.0655611282319247,-0.0225586603905732,-0.0509690975078013));
#4489=CARTESIAN_POINT('',(-0.0662215812395939,-0.0226253270572398,-0.0519630528999127));
#4490=CARTESIAN_POINT('',(-0.0668820342472629,-0.0226919937239065,-0.0529570082920239));
#4491=CARTESIAN_POINT('',(-0.0663514701313006,-0.0227586603905732,-0.0540259550707269));
#4492=CARTESIAN_POINT('',(-0.0658209060153381,-0.0228253270572398,-0.0550949018494298));
#4493=CARTESIAN_POINT('',(-0.0646298888917068,-0.0228919937239065,-0.0551698932360215));
#4494=CARTESIAN_POINT('',(-0.0634388717680752,-0.0229586603905731,-0.055244884622613));
#4495=CARTESIAN_POINT('',(-0.0627784187604061,-0.0230253270572398,-0.0542509292305017));
#4496=CARTESIAN_POINT('',(-0.0621179657527371,-0.0230919937239065,-0.0532569738383903));
#4497=CARTESIAN_POINT('',(-0.0626485298686994,-0.0231586603905732,-0.0521880270596875));
#4498=CARTESIAN_POINT('',(-0.0631790939846619,-0.0232253270572399,-0.0511190802809846));
#4499=CARTESIAN_POINT('',(-0.0643701111082934,-0.0232919937239065,-0.051044088894393));
#4500=CARTESIAN_POINT('',(-0.0655611282319247,-0.0233586603905732,-0.0509690975078013));
#4501=CARTESIAN_POINT('',(-0.0662215812395939,-0.0234253270572398,-0.0519630528999127));
#4502=CARTESIAN_POINT('',(-0.0668820342472629,-0.0234919937239065,-0.052957008292024));
#4503=CARTESIAN_POINT('',(-0.0663514701313006,-0.0235586603905731,-0.0540259550707269));
#4504=CARTESIAN_POINT('',(-0.0658209060153381,-0.0236253270572398,-0.0550949018494298));
#4505=CARTESIAN_POINT('',(-0.0646298888917067,-0.0236919937239065,-0.0551698932360215));
#4506=CARTESIAN_POINT('',(-0.0634388717680751,-0.0237586603905732,-0.055244884622613));
#4507=CARTESIAN_POINT('',(-0.0627784187604062,-0.0238253270572398,-0.0542509292305018));
#4508=CARTESIAN_POINT('',(-0.0621179657527371,-0.0238919937239065,-0.0532569738383903));
#4509=CARTESIAN_POINT('',(-0.0626485298686995,-0.0239586603905731,-0.0521880270596875));
#4510=CARTESIAN_POINT('',(-0.0631790939846617,-0.0240253270572399,-0.0511190802809846));
#4511=CARTESIAN_POINT('',(-0.0643701111082933,-0.0240919937239065,-0.051044088894393));
#4512=CARTESIAN_POINT('',(-0.0669793158565615,0.0239326147946036,-0.0534279161084848));
#4513=CARTESIAN_POINT('',(-0.0669255487620627,0.023910685214971,-0.0538432953777083));
#4514=CARTESIAN_POINT('',(-0.0667393341906303,0.0238913396094269,-0.0542184686325356));
#4515=CARTESIAN_POINT('',(-0.066097622317935,0.0238246729427601,-0.0555113488303015));
#4516=CARTESIAN_POINT('',(-0.0646570992862722,0.0237580062760935,-0.0556020501455203));
#4517=CARTESIAN_POINT('',(-0.0632165762546094,0.0236913396094268,-0.0556927514607391));
#4518=CARTESIAN_POINT('',(-0.062417765095642,0.0236246729427602,-0.0544905725781919));
#4519=CARTESIAN_POINT('',(-0.0616189539366744,0.0235580062760935,-0.0532883936956448));
#4520=CARTESIAN_POINT('',(-0.0622606658093697,0.0234913396094269,-0.0519955134978788));
#4521=CARTESIAN_POINT('',(-0.062902377682065,0.0234246729427602,-0.0507026333001129));
#4522=CARTESIAN_POINT('',(-0.0643429007137278,0.0233580062760935,-0.0506119319848941));
#4523=CARTESIAN_POINT('',(-0.0657834237453906,0.0232913396094268,-0.0505212306696754));
#4524=CARTESIAN_POINT('',(-0.0665822349043581,0.0232246729427601,-0.0517234095522225));
#4525=CARTESIAN_POINT('',(-0.0673810460633256,0.0231580062760935,-0.0529255884347696));
#4526=CARTESIAN_POINT('',(-0.0667393341906303,0.0230913396094269,-0.0542184686325356));
#4527=CARTESIAN_POINT('',(-0.066097622317935,0.0230246729427601,-0.0555113488303015));
#4528=CARTESIAN_POINT('',(-0.0646570992862722,0.0229580062760935,-0.0556020501455203));
#4529=CARTESIAN_POINT('',(-0.0632165762546094,0.0228913396094268,-0.0556927514607391));
#4530=CARTESIAN_POINT('',(-0.062417765095642,0.0228246729427601,-0.0544905725781919));
#4531=CARTESIAN_POINT('',(-0.0616189539366744,0.0227580062760935,-0.0532883936956448));
#4532=CARTESIAN_POINT('',(-0.0622606658093697,0.0226913396094269,-0.0519955134978788));
#4533=CARTESIAN_POINT('',(-0.062902377682065,0.0226246729427602,-0.0507026333001129));
#4534=CARTESIAN_POINT('',(-0.0643429007137278,0.0225580062760935,-0.0506119319848941));
#4535=CARTESIAN_POINT('',(-0.0657834237453906,0.0224913396094268,-0.0505212306696754));
#4536=CARTESIAN_POINT('',(-0.0665822349043581,0.0224246729427602,-0.0517234095522225));
#4537=CARTESIAN_POINT('',(-0.0673810460633256,0.0223580062760935,-0.0529255884347696));
#4538=CARTESIAN_POINT('',(-0.0667393341906303,0.0222913396094269,-0.0542184686325356));
#4539=CARTESIAN_POINT('',(-0.066097622317935,0.0222246729427601,-0.0555113488303015));
#4540=CARTESIAN_POINT('',(-0.0646570992862722,0.0221580062760935,-0.0556020501455203));
#4541=CARTESIAN_POINT('',(-0.0632165762546094,0.0220913396094268,-0.0556927514607391));
#4542=CARTESIAN_POINT('',(-0.062417765095642,0.0220246729427601,-0.0544905725781919));
#4543=CARTESIAN_POINT('',(-0.0616189539366744,0.0219580062760935,-0.0532883936956448));
#4544=CARTESIAN_POINT('',(-0.0622606658093697,0.0218913396094269,-0.0519955134978788));
#4545=CARTESIAN_POINT('',(-0.062902377682065,0.0218246729427602,-0.0507026333001129));
#4546=CARTESIAN_POINT('',(-0.0643429007137278,0.0217580062760935,-0.0506119319848941));
#4547=CARTESIAN_POINT('',(-0.0657834237453906,0.0216913396094268,-0.0505212306696754));
#4548=CARTESIAN_POINT('',(-0.0665822349043581,0.0216246729427601,-0.0517234095522225));
#4549=CARTESIAN_POINT('',(-0.0673810460633256,0.0215580062760935,-0.0529255884347696));
#4550=CARTESIAN_POINT('',(-0.0667393341906303,0.0214913396094269,-0.0542184686325356));
#4551=CARTESIAN_POINT('',(-0.066097622317935,0.0214246729427601,-0.0555113488303015));
#4552=CARTESIAN_POINT('',(-0.0646570992862722,0.0213580062760935,-0.0556020501455203));
#4553=CARTESIAN_POINT('',(-0.0632165762546094,0.0212913396094268,-0.0556927514607391));
#4554=CARTESIAN_POINT('',(-0.062417765095642,0.0212246729427602,-0.0544905725781919));
#4555=CARTESIAN_POINT('',(-0.0616189539366744,0.0211580062760935,-0.0532883936956448));
#4556=CARTESIAN_POINT('',(-0.0622606658093697,0.0210913396094269,-0.0519955134978788));
#4557=CARTESIAN_POINT('',(-0.062902377682065,0.0210246729427602,-0.0507026333001129));
#4558=CARTESIAN_POINT('',(-0.0643429007137278,0.0209580062760935,-0.0506119319848941));
#4559=CARTESIAN_POINT('',(-0.0657834237453906,0.0208913396094268,-0.0505212306696754));
#4560=CARTESIAN_POINT('',(-0.0665822349043581,0.0208246729427602,-0.0517234095522225));
#4561=CARTESIAN_POINT('',(-0.0673810460633256,0.0207580062760935,-0.0529255884347696));
#4562=CARTESIAN_POINT('',(-0.0667393341906303,0.0206913396094269,-0.0542184686325356));
#4563=CARTESIAN_POINT('',(-0.066097622317935,0.0206246729427601,-0.0555113488303015));
#4564=CARTESIAN_POINT('',(-0.0646570992862722,0.0205580062760935,-0.0556020501455203));
#4565=CARTESIAN_POINT('',(-0.0632165762546094,0.0204913396094268,-0.0556927514607391));
#4566=CARTESIAN_POINT('',(-0.062417765095642,0.0204246729427601,-0.0544905725781919));
#4567=CARTESIAN_POINT('',(-0.0616189539366744,0.0203580062760935,-0.0532883936956448));
#4568=CARTESIAN_POINT('',(-0.0622606658093697,0.0202913396094269,-0.0519955134978788));
#4569=CARTESIAN_POINT('',(-0.062902377682065,0.0202246729427602,-0.0507026333001129));
#4570=CARTESIAN_POINT('',(-0.0643429007137278,0.0201580062760935,-0.0506119319848941));
#4571=CARTESIAN_POINT('',(-0.0657834237453906,0.0200913396094268,-0.0505212306696754));
#4572=CARTESIAN_POINT('',(-0.0665822349043581,0.0200246729427601,-0.0517234095522225));
#4573=CARTESIAN_POINT('',(-0.0673810460633256,0.0199580062760935,-0.0529255884347696));
#4574=CARTESIAN_POINT('',(-0.0667393341906303,0.0198913396094269,-0.0542184686325356));
#4575=CARTESIAN_POINT('',(-0.066097622317935,0.0198246729427602,-0.0555113488303015));
#4576=CARTESIAN_POINT('',(-0.0646570992862722,0.0197580062760935,-0.0556020501455203));
#4577=CARTESIAN_POINT('',(-0.0632165762546094,0.0196913396094268,-0.0556927514607391));
#4578=CARTESIAN_POINT('',(-0.062417765095642,0.0196246729427602,-0.0544905725781919));
#4579=CARTESIAN_POINT('',(-0.0616189539366744,0.0195580062760935,-0.0532883936956448));
#4580=CARTESIAN_POINT('',(-0.0622606658093697,0.0194913396094269,-0.0519955134978788));
#4581=CARTESIAN_POINT('',(-0.062902377682065,0.0194246729427602,-0.0507026333001129));
#4582=CARTESIAN_POINT('',(-0.0643429007137278,0.0193580062760935,-0.0506119319848941));
#4583=CARTESIAN_POINT('',(-0.0657834237453906,0.0192913396094268,-0.0505212306696754));
#4584=CARTESIAN_POINT('',(-0.0665822349043581,0.0192246729427601,-0.0517234095522225));
#4585=CARTESIAN_POINT('',(-0.0673810460633256,0.0191580062760935,-0.0529255884347696));
#4586=CARTESIAN_POINT('',(-0.0667393341906303,0.0190913396094269,-0.0542184686325356));
#4587=CARTESIAN_POINT('',(-0.066097622317935,0.0190246729427602,-0.0555113488303015));
#4588=CARTESIAN_POINT('',(-0.0646570992862722,0.0189580062760935,-0.0556020501455203));
#4589=CARTESIAN_POINT('',(-0.0632165762546094,0.0188913396094268,-0.0556927514607391));
#4590=CARTESIAN_POINT('',(-0.062417765095642,0.0188246729427601,-0.0544905725781919));
#4591=CARTESIAN_POINT('',(-0.0616189539366744,0.0187580062760935,-0.0532883936956448));
#4592=CARTESIAN_POINT('',(-0.0622606658093697,0.0186913396094269,-0.0519955134978788));
#4593=CARTESIAN_POINT('',(-0.062902377682065,0.0186246729427602,-0.0507026333001129));
#4594=CARTESIAN_POINT('',(-0.0643429007137278,0.0185580062760935,-0.0506119319848941));
#4595=CARTESIAN_POINT('',(-0.0657834237453906,0.0184913396094268,-0.0505212306696754));
#4596=CARTESIAN_POINT('',(-0.0665822349043581,0.0184246729427602,-0.0517234095522225));
#4597=CARTESIAN_POINT('',(-0.0673810460633256,0.0183580062760935,-0.0529255884347696));
#4598=CARTESIAN_POINT('',(-0.0667393341906303,0.0182913396094269,-0.0542184686325356));
#4599=CARTESIAN_POINT('',(-0.066097622317935,0.0182246729427602,-0.0555113488303015));
#4600=CARTESIAN_POINT('',(-0.0646570992862722,0.0181580062760935,-0.0556020501455203));
#4601=CARTESIAN_POINT('',(-0.0632165762546094,0.0180913396094268,-0.0556927514607391));
#4602=CARTESIAN_POINT('',(-0.062417765095642,0.0180246729427601,-0.0544905725781919));
#4603=CARTESIAN_POINT('',(-0.0616189539366744,0.0179580062760935,-0.0532883936956448));
#4604=CARTESIAN_POINT('',(-0.0622606658093697,0.0178913396094269,-0.0519955134978788));
#4605=CARTESIAN_POINT('',(-0.062902377682065,0.0178246729427602,-0.0507026333001129));
#4606=CARTESIAN_POINT('',(-0.0643429007137278,0.0177580062760935,-0.0506119319848941));
#4607=CARTESIAN_POINT('',(-0.0657834237453906,0.0176913396094268,-0.0505212306696754));
#4608=CARTESIAN_POINT('',(-0.0665822349043581,0.0176246729427601,-0.0517234095522225));
#4609=CARTESIAN_POINT('',(-0.0673810460633256,0.0175580062760935,-0.0529255884347696));
#4610=CARTESIAN_POINT('',(-0.0667393341906303,0.0174913396094269,-0.0542184686325356));
#4611=CARTESIAN_POINT('',(-0.066097622317935,0.0174246729427602,-0.0555113488303015));
#4612=CARTESIAN_POINT('',(-0.0646570992862722,0.0173580062760935,-0.0556020501455203));
#4613=CARTESIAN_POINT('',(-0.0632165762546094,0.0172913396094268,-0.0556927514607391));
#4614=CARTESIAN_POINT('',(-0.062417765095642,0.0172246729427602,-0.0544905725781919));
#4615=CARTESIAN_POINT('',(-0.0616189539366744,0.0171580062760935,-0.0532883936956448));
#4616=CARTESIAN_POINT('',(-0.0622606658093697,0.0170913396094269,-0.0519955134978788));
#4617=CARTESIAN_POINT('',(-0.062902377682065,0.0170246729427602,-0.0507026333001129));
#4618=CARTESIAN_POINT('',(-0.0643429007137278,0.0169580062760935,-0.0506119319848941));
#4619=CARTESIAN_POINT('',(-0.0657834237453906,0.0168913396094268,-0.0505212306696754));
#4620=CARTESIAN_POINT('',(-0.0665822349043581,0.0168246729427602,-0.0517234095522225));
#4621=CARTESIAN_POINT('',(-0.0673810460633256,0.0167580062760935,-0.0529255884347696));
#4622=CARTESIAN_POINT('',(-0.0667393341906303,0.0166913396094269,-0.0542184686325356));
#4623=CARTESIAN_POINT('',(-0.066097622317935,0.0166246729427602,-0.0555113488303015));
#4624=CARTESIAN_POINT('',(-0.0646570992862722,0.0165580062760935,-0.0556020501455203));
#4625=CARTESIAN_POINT('',(-0.0632165762546094,0.0164913396094268,-0.0556927514607391));
#4626=CARTESIAN_POINT('',(-0.062417765095642,0.0164246729427601,-0.0544905725781919));
#4627=CARTESIAN_POINT('',(-0.0616189539366744,0.0163580062760935,-0.0532883936956448));
#4628=CARTESIAN_POINT('',(-0.0622606658093697,0.0162913396094269,-0.0519955134978788));
#4629=CARTESIAN_POINT('',(-0.062902377682065,0.0162246729427602,-0.0507026333001129));
#4630=CARTESIAN_POINT('',(-0.0643429007137278,0.0161580062760935,-0.0506119319848941));
#4631=CARTESIAN_POINT('',(-0.0657834237453906,0.0160913396094268,-0.0505212306696754));
#4632=CARTESIAN_POINT('',(-0.0665822349043581,0.0160246729427602,-0.0517234095522225));
#4633=CARTESIAN_POINT('',(-0.0673810460633256,0.0159580062760935,-0.0529255884347696));
#4634=CARTESIAN_POINT('',(-0.0667393341906303,0.0158913396094269,-0.0542184686325356));
#4635=CARTESIAN_POINT('',(-0.066097622317935,0.0158246729427602,-0.0555113488303015));
#4636=CARTESIAN_POINT('',(-0.0646570992862722,0.0157580062760935,-0.0556020501455203));
#4637=CARTESIAN_POINT('',(-0.0632165762546094,0.0156913396094268,-0.0556927514607391));
#4638=CARTESIAN_POINT('',(-0.062417765095642,0.0156246729427602,-0.0544905725781919));
#4639=CARTESIAN_POINT('',(-0.0616189539366744,0.0155580062760935,-0.0532883936956448));
#4640=CARTESIAN_POINT('',(-0.0622606658093697,0.0154913396094268,-0.0519955134978788));
#4641=CARTESIAN_POINT('',(-0.062902377682065,0.0154246729427602,-0.0507026333001129));
#4642=CARTESIAN_POINT('',(-0.0643429007137278,0.0153580062760935,-0.0506119319848941));
#4643=CARTESIAN_POINT('',(-0.0657834237453906,0.0152913396094268,-0.0505212306696754));
#4644=CARTESIAN_POINT('',(-0.0665822349043581,0.0152246729427601,-0.0517234095522225));
#4645=CARTESIAN_POINT('',(-0.0673810460633256,0.0151580062760935,-0.0529255884347696));
#4646=CARTESIAN_POINT('',(-0.0667393341906303,0.0150913396094268,-0.0542184686325356));
#4647=CARTESIAN_POINT('',(-0.066097622317935,0.0150246729427602,-0.0555113488303015));
#4648=CARTESIAN_POINT('',(-0.0646570992862722,0.0149580062760935,-0.0556020501455203));
#4649=CARTESIAN_POINT('',(-0.0632165762546094,0.0148913396094268,-0.0556927514607391));
#4650=CARTESIAN_POINT('',(-0.062417765095642,0.0148246729427602,-0.0544905725781919));
#4651=CARTESIAN_POINT('',(-0.0616189539366744,0.0147580062760935,-0.0532883936956448));
#4652=CARTESIAN_POINT('',(-0.0622606658093697,0.0146913396094268,-0.0519955134978788));
#4653=CARTESIAN_POINT('',(-0.062902377682065,0.0146246729427602,-0.0507026333001129));
#4654=CARTESIAN_POINT('',(-0.0643429007137278,0.0145580062760935,-0.0506119319848941));
#4655=CARTESIAN_POINT('',(-0.0657834237453906,0.0144913396094268,-0.0505212306696754));
#4656=CARTESIAN_POINT('',(-0.0665822349043581,0.0144246729427602,-0.0517234095522225));
#4657=CARTESIAN_POINT('',(-0.0673810460633256,0.0143580062760935,-0.0529255884347696));
#4658=CARTESIAN_POINT('',(-0.0667393341906303,0.0142913396094268,-0.0542184686325356));
#4659=CARTESIAN_POINT('',(-0.066097622317935,0.0142246729427602,-0.0555113488303015));
#4660=CARTESIAN_POINT('',(-0.0646570992862722,0.0141580062760935,-0.0556020501455203));
#4661=CARTESIAN_POINT('',(-0.0632165762546094,0.0140913396094268,-0.0556927514607391));
#4662=CARTESIAN_POINT('',(-0.062417765095642,0.0140246729427602,-0.0544905725781919));
#4663=CARTESIAN_POINT('',(-0.0616189539366744,0.0139580062760935,-0.0532883936956448));
#4664=CARTESIAN_POINT('',(-0.0622606658093697,0.0138913396094268,-0.0519955134978788));
#4665=CARTESIAN_POINT('',(-0.062902377682065,0.0138246729427602,-0.0507026333001129));
#4666=CARTESIAN_POINT('',(-0.0643429007137278,0.0137580062760935,-0.0506119319848941));
#4667=CARTESIAN_POINT('',(-0.0657834237453906,0.0136913396094268,-0.0505212306696754));
#4668=CARTESIAN_POINT('',(-0.0665822349043581,0.0136246729427602,-0.0517234095522225));
#4669=CARTESIAN_POINT('',(-0.0673810460633256,0.0135580062760935,-0.0529255884347696));
#4670=CARTESIAN_POINT('',(-0.0667393341906303,0.0134913396094268,-0.0542184686325356));
#4671=CARTESIAN_POINT('',(-0.066097622317935,0.0134246729427602,-0.0555113488303015));
#4672=CARTESIAN_POINT('',(-0.0646570992862722,0.0133580062760935,-0.0556020501455203));
#4673=CARTESIAN_POINT('',(-0.0632165762546094,0.0132913396094268,-0.0556927514607391));
#4674=CARTESIAN_POINT('',(-0.062417765095642,0.0132246729427602,-0.0544905725781919));
#4675=CARTESIAN_POINT('',(-0.0616189539366744,0.0131580062760935,-0.0532883936956448));
#4676=CARTESIAN_POINT('',(-0.0622606658093697,0.0130913396094268,-0.0519955134978788));
#4677=CARTESIAN_POINT('',(-0.062902377682065,0.0130246729427602,-0.0507026333001129));
#4678=CARTESIAN_POINT('',(-0.0643429007137278,0.0129580062760935,-0.0506119319848941));
#4679=CARTESIAN_POINT('',(-0.0657834237453906,0.0128913396094268,-0.0505212306696754));
#4680=CARTESIAN_POINT('',(-0.0665822349043581,0.0128246729427602,-0.0517234095522225));
#4681=CARTESIAN_POINT('',(-0.0673810460633256,0.0127580062760935,-0.0529255884347696));
#4682=CARTESIAN_POINT('',(-0.0667393341906303,0.0126913396094268,-0.0542184686325356));
#4683=CARTESIAN_POINT('',(-0.066097622317935,0.0126246729427601,-0.0555113488303015));
#4684=CARTESIAN_POINT('',(-0.0646570992862722,0.0125580062760935,-0.0556020501455203));
#4685=CARTESIAN_POINT('',(-0.0632165762546094,0.0124913396094268,-0.0556927514607391));
#4686=CARTESIAN_POINT('',(-0.062417765095642,0.0124246729427602,-0.0544905725781919));
#4687=CARTESIAN_POINT('',(-0.0616189539366744,0.0123580062760935,-0.0532883936956448));
#4688=CARTESIAN_POINT('',(-0.0622606658093697,0.0122913396094268,-0.0519955134978788));
#4689=CARTESIAN_POINT('',(-0.062902377682065,0.0122246729427602,-0.0507026333001129));
#4690=CARTESIAN_POINT('',(-0.0643429007137278,0.0121580062760935,-0.0506119319848941));
#4691=CARTESIAN_POINT('',(-0.0657834237453906,0.0120913396094268,-0.0505212306696754));
#4692=CARTESIAN_POINT('',(-0.0665822349043581,0.0120246729427602,-0.0517234095522225));
#4693=CARTESIAN_POINT('',(-0.0673810460633256,0.0119580062760935,-0.0529255884347696));
#4694=CARTESIAN_POINT('',(-0.0667393341906303,0.0118913396094268,-0.0542184686325356));
#4695=CARTESIAN_POINT('',(-0.066097622317935,0.0118246729427602,-0.0555113488303015));
#4696=CARTESIAN_POINT('',(-0.0646570992862722,0.0117580062760935,-0.0556020501455203));
#4697=CARTESIAN_POINT('',(-0.0632165762546094,0.0116913396094268,-0.0556927514607391));
#4698=CARTESIAN_POINT('',(-0.062417765095642,0.0116246729427602,-0.0544905725781919));
#4699=CARTESIAN_POINT('',(-0.0616189539366744,0.0115580062760935,-0.0532883936956448));
#4700=CARTESIAN_POINT('',(-0.0622606658093697,0.0114913396094268,-0.0519955134978788));
#4701=CARTESIAN_POINT('',(-0.062902377682065,0.0114246729427602,-0.0507026333001129));
#4702=CARTESIAN_POINT('',(-0.0643429007137278,0.0113580062760935,-0.0506119319848941));
#4703=CARTESIAN_POINT('',(-0.0657834237453906,0.0112913396094268,-0.0505212306696754));
#4704=CARTESIAN_POINT('',(-0.0665822349043581,0.0112246729427602,-0.0517234095522225));
#4705=CARTESIAN_POINT('',(-0.0673810460633256,0.0111580062760935,-0.0529255884347696));
#4706=CARTESIAN_POINT('',(-0.0667393341906303,0.0110913396094268,-0.0542184686325356));
#4707=CARTESIAN_POINT('',(-0.066097622317935,0.0110246729427602,-0.0555113488303015));
#4708=CARTESIAN_POINT('',(-0.0646570992862722,0.0109580062760935,-0.0556020501455203));
#4709=CARTESIAN_POINT('',(-0.0632165762546094,0.0108913396094268,-0.0556927514607391));
#4710=CARTESIAN_POINT('',(-0.062417765095642,0.0108246729427602,-0.0544905725781919));
#4711=CARTESIAN_POINT('',(-0.0616189539366744,0.0107580062760935,-0.0532883936956448));
#4712=CARTESIAN_POINT('',(-0.0622606658093697,0.0106913396094268,-0.0519955134978788));
#4713=CARTESIAN_POINT('',(-0.062902377682065,0.0106246729427602,-0.0507026333001129));
#4714=CARTESIAN_POINT('',(-0.0643429007137278,0.0105580062760935,-0.0506119319848941));
#4715=CARTESIAN_POINT('',(-0.0657834237453906,0.0104913396094268,-0.0505212306696754));
#4716=CARTESIAN_POINT('',(-0.0665822349043581,0.0104246729427602,-0.0517234095522225));
#4717=CARTESIAN_POINT('',(-0.0673810460633256,0.0103580062760935,-0.0529255884347696));
#4718=CARTESIAN_POINT('',(-0.0667393341906303,0.0102913396094268,-0.0542184686325356));
#4719=CARTESIAN_POINT('',(-0.066097622317935,0.0102246729427602,-0.0555113488303015));
#4720=CARTESIAN_POINT('',(-0.0646570992862722,0.0101580062760935,-0.0556020501455203));
#4721=CARTESIAN_POINT('',(-0.0632165762546094,0.0100913396094268,-0.0556927514607391));
#4722=CARTESIAN_POINT('',(-0.062417765095642,0.0100246729427602,-0.0544905725781919));
#4723=CARTESIAN_POINT('',(-0.0616189539366744,0.0099580062760935,-0.0532883936956448));
#4724=CARTESIAN_POINT('',(-0.0622606658093697,0.00989133960942684,-0.0519955134978788));
#4725=CARTESIAN_POINT('',(-0.062902377682065,0.00982467294276017,-0.0507026333001129));
#4726=CARTESIAN_POINT('',(-0.0643429007137278,0.0097580062760935,-0.0506119319848941));
#4727=CARTESIAN_POINT('',(-0.0657834237453906,0.00969133960942683,-0.0505212306696754));
#4728=CARTESIAN_POINT('',(-0.0665822349043581,0.00962467294276017,-0.0517234095522225));
#4729=CARTESIAN_POINT('',(-0.0673810460633256,0.00955800627609349,-0.0529255884347696));
#4730=CARTESIAN_POINT('',(-0.0667393341906303,0.00949133960942684,-0.0542184686325356));
#4731=CARTESIAN_POINT('',(-0.066097622317935,0.00942467294276017,-0.0555113488303015));
#4732=CARTESIAN_POINT('',(-0.0646570992862722,0.0093580062760935,-0.0556020501455203));
#4733=CARTESIAN_POINT('',(-0.0632165762546094,0.00929133960942683,-0.0556927514607391));
#4734=CARTESIAN_POINT('',(-0.062417765095642,0.00922467294276017,-0.0544905725781919));
#4735=CARTESIAN_POINT('',(-0.0616189539366744,0.0091580062760935,-0.0532883936956448));
#4736=CARTESIAN_POINT('',(-0.0622606658093697,0.00909133960942684,-0.0519955134978788));
#4737=CARTESIAN_POINT('',(-0.062902377682065,0.00902467294276016,-0.0507026333001129));
#4738=CARTESIAN_POINT('',(-0.0643429007137278,0.0089580062760935,-0.0506119319848941));
#4739=CARTESIAN_POINT('',(-0.0657834237453906,0.00889133960942684,-0.0505212306696754));
#4740=CARTESIAN_POINT('',(-0.0665822349043581,0.00882467294276017,-0.0517234095522225));
#4741=CARTESIAN_POINT('',(-0.0673810460633256,0.0087580062760935,-0.0529255884347696));
#4742=CARTESIAN_POINT('',(-0.0667393341906303,0.00869133960942684,-0.0542184686325356));
#4743=CARTESIAN_POINT('',(-0.066097622317935,0.00862467294276017,-0.0555113488303015));
#4744=CARTESIAN_POINT('',(-0.0646570992862722,0.0085580062760935,-0.0556020501455203));
#4745=CARTESIAN_POINT('',(-0.0632165762546094,0.00849133960942683,-0.0556927514607391));
#4746=CARTESIAN_POINT('',(-0.062417765095642,0.00842467294276017,-0.0544905725781919));
#4747=CARTESIAN_POINT('',(-0.0616189539366744,0.0083580062760935,-0.0532883936956448));
#4748=CARTESIAN_POINT('',(-0.0622606658093697,0.00829133960942684,-0.0519955134978788));
#4749=CARTESIAN_POINT('',(-0.062902377682065,0.00822467294276016,-0.0507026333001129));
#4750=CARTESIAN_POINT('',(-0.0643429007137278,0.0081580062760935,-0.0506119319848941));
#4751=CARTESIAN_POINT('',(-0.0657834237453906,0.00809133960942683,-0.0505212306696754));
#4752=CARTESIAN_POINT('',(-0.0665822349043581,0.00802467294276017,-0.0517234095522225));
#4753=CARTESIAN_POINT('',(-0.0673810460633256,0.0079580062760935,-0.0529255884347696));
#4754=CARTESIAN_POINT('',(-0.0667393341906303,0.00789133960942683,-0.0542184686325356));
#4755=CARTESIAN_POINT('',(-0.066097622317935,0.00782467294276017,-0.0555113488303015));
#4756=CARTESIAN_POINT('',(-0.0646570992862722,0.0077580062760935,-0.0556020501455203));
#4757=CARTESIAN_POINT('',(-0.0632165762546094,0.00769133960942683,-0.0556927514607391));
#4758=CARTESIAN_POINT('',(-0.062417765095642,0.00762467294276017,-0.0544905725781919));
#4759=CARTESIAN_POINT('',(-0.0616189539366744,0.0075580062760935,-0.0532883936956448));
#4760=CARTESIAN_POINT('',(-0.0622606658093697,0.00749133960942684,-0.0519955134978788));
#4761=CARTESIAN_POINT('',(-0.062902377682065,0.00742467294276016,-0.0507026333001129));
#4762=CARTESIAN_POINT('',(-0.0643429007137278,0.0073580062760935,-0.0506119319848941));
#4763=CARTESIAN_POINT('',(-0.0657834237453906,0.00729133960942684,-0.0505212306696754));
#4764=CARTESIAN_POINT('',(-0.0665822349043581,0.00722467294276017,-0.0517234095522225));
#4765=CARTESIAN_POINT('',(-0.0673810460633256,0.0071580062760935,-0.0529255884347696));
#4766=CARTESIAN_POINT('',(-0.0667393341906303,0.00709133960942684,-0.0542184686325356));
#4767=CARTESIAN_POINT('',(-0.066097622317935,0.00702467294276017,-0.0555113488303015));
#4768=CARTESIAN_POINT('',(-0.0646570992862722,0.00695800627609351,-0.0556020501455203));
#4769=CARTESIAN_POINT('',(-0.0632165762546094,0.00689133960942683,-0.0556927514607391));
#4770=CARTESIAN_POINT('',(-0.062417765095642,0.00682467294276017,-0.0544905725781919));
#4771=CARTESIAN_POINT('',(-0.0616189539366744,0.0067580062760935,-0.0532883936956448));
#4772=CARTESIAN_POINT('',(-0.0622606658093697,0.00669133960942684,-0.0519955134978788));
#4773=CARTESIAN_POINT('',(-0.062902377682065,0.00662467294276017,-0.0507026333001129));
#4774=CARTESIAN_POINT('',(-0.0643429007137278,0.0065580062760935,-0.0506119319848941));
#4775=CARTESIAN_POINT('',(-0.0657834237453906,0.00649133960942684,-0.0505212306696754));
#4776=CARTESIAN_POINT('',(-0.0665822349043581,0.00642467294276017,-0.0517234095522225));
#4777=CARTESIAN_POINT('',(-0.0673810460633256,0.0063580062760935,-0.0529255884347696));
#4778=CARTESIAN_POINT('',(-0.0667393341906303,0.00629133960942684,-0.0542184686325356));
#4779=CARTESIAN_POINT('',(-0.066097622317935,0.00622467294276016,-0.0555113488303015));
#4780=CARTESIAN_POINT('',(-0.0646570992862722,0.0061580062760935,-0.0556020501455203));
#4781=CARTESIAN_POINT('',(-0.0632165762546094,0.00609133960942683,-0.0556927514607391));
#4782=CARTESIAN_POINT('',(-0.062417765095642,0.00602467294276017,-0.0544905725781919));
#4783=CARTESIAN_POINT('',(-0.0616189539366744,0.00595800627609351,-0.0532883936956448));
#4784=CARTESIAN_POINT('',(-0.0622606658093697,0.00589133960942684,-0.0519955134978788));
#4785=CARTESIAN_POINT('',(-0.062902377682065,0.00582467294276017,-0.0507026333001129));
#4786=CARTESIAN_POINT('',(-0.0643429007137278,0.00575800627609351,-0.0506119319848941));
#4787=CARTESIAN_POINT('',(-0.0657834237453906,0.00569133960942684,-0.0505212306696754));
#4788=CARTESIAN_POINT('',(-0.0665822349043581,0.00562467294276017,-0.0517234095522225));
#4789=CARTESIAN_POINT('',(-0.0673810460633256,0.0055580062760935,-0.0529255884347696));
#4790=CARTESIAN_POINT('',(-0.0667393341906303,0.00549133960942684,-0.0542184686325356));
#4791=CARTESIAN_POINT('',(-0.066097622317935,0.00542467294276017,-0.0555113488303015));
#4792=CARTESIAN_POINT('',(-0.0646570992862722,0.0053580062760935,-0.0556020501455203));
#4793=CARTESIAN_POINT('',(-0.0632165762546094,0.00529133960942683,-0.0556927514607391));
#4794=CARTESIAN_POINT('',(-0.062417765095642,0.00522467294276017,-0.0544905725781919));
#4795=CARTESIAN_POINT('',(-0.0616189539366744,0.0051580062760935,-0.0532883936956448));
#4796=CARTESIAN_POINT('',(-0.0622606658093697,0.00509133960942684,-0.0519955134978788));
#4797=CARTESIAN_POINT('',(-0.062902377682065,0.00502467294276017,-0.0507026333001129));
#4798=CARTESIAN_POINT('',(-0.0643429007137278,0.0049580062760935,-0.0506119319848941));
#4799=CARTESIAN_POINT('',(-0.0657834237453906,0.00489133960942684,-0.0505212306696754));
#4800=CARTESIAN_POINT('',(-0.0665822349043581,0.00482467294276017,-0.0517234095522225));
#4801=CARTESIAN_POINT('',(-0.0673810460633256,0.0047580062760935,-0.0529255884347696));
#4802=CARTESIAN_POINT('',(-0.0667393341906303,0.00469133960942684,-0.0542184686325356));
#4803=CARTESIAN_POINT('',(-0.066097622317935,0.00462467294276017,-0.0555113488303015));
#4804=CARTESIAN_POINT('',(-0.0646570992862722,0.00455800627609351,-0.0556020501455203));
#4805=CARTESIAN_POINT('',(-0.0632165762546094,0.00449133960942683,-0.0556927514607391));
#4806=CARTESIAN_POINT('',(-0.062417765095642,0.00442467294276017,-0.0544905725781919));
#4807=CARTESIAN_POINT('',(-0.0616189539366744,0.0043580062760935,-0.0532883936956448));
#4808=CARTESIAN_POINT('',(-0.0622606658093697,0.00429133960942684,-0.0519955134978788));
#4809=CARTESIAN_POINT('',(-0.062902377682065,0.00422467294276017,-0.0507026333001129));
#4810=CARTESIAN_POINT('',(-0.0643429007137278,0.00415800627609351,-0.0506119319848941));
#4811=CARTESIAN_POINT('',(-0.0657834237453906,0.00409133960942684,-0.0505212306696754));
#4812=CARTESIAN_POINT('',(-0.0665822349043581,0.00402467294276017,-0.0517234095522225));
#4813=CARTESIAN_POINT('',(-0.0673810460633256,0.0039580062760935,-0.0529255884347696));
#4814=CARTESIAN_POINT('',(-0.0667393341906303,0.00389133960942684,-0.0542184686325356));
#4815=CARTESIAN_POINT('',(-0.066097622317935,0.00382467294276016,-0.0555113488303015));
#4816=CARTESIAN_POINT('',(-0.0646570992862722,0.00375800627609351,-0.0556020501455203));
#4817=CARTESIAN_POINT('',(-0.0632165762546094,0.00369133960942684,-0.0556927514607391));
#4818=CARTESIAN_POINT('',(-0.062417765095642,0.00362467294276017,-0.0544905725781919));
#4819=CARTESIAN_POINT('',(-0.0616189539366744,0.0035580062760935,-0.0532883936956448));
#4820=CARTESIAN_POINT('',(-0.0622606658093697,0.00349133960942684,-0.0519955134978788));
#4821=CARTESIAN_POINT('',(-0.062902377682065,0.00342467294276017,-0.0507026333001129));
#4822=CARTESIAN_POINT('',(-0.0643429007137278,0.00335800627609351,-0.0506119319848941));
#4823=CARTESIAN_POINT('',(-0.0657834237453906,0.00329133960942683,-0.0505212306696754));
#4824=CARTESIAN_POINT('',(-0.0665822349043581,0.00322467294276017,-0.0517234095522225));
#4825=CARTESIAN_POINT('',(-0.0673810460633256,0.0031580062760935,-0.0529255884347696));
#4826=CARTESIAN_POINT('',(-0.0667393341906303,0.00309133960942684,-0.0542184686325356));
#4827=CARTESIAN_POINT('',(-0.066097622317935,0.00302467294276017,-0.0555113488303015));
#4828=CARTESIAN_POINT('',(-0.0646570992862722,0.0029580062760935,-0.0556020501455203));
#4829=CARTESIAN_POINT('',(-0.0632165762546094,0.00289133960942684,-0.0556927514607391));
#4830=CARTESIAN_POINT('',(-0.062417765095642,0.00282467294276017,-0.0544905725781919));
#4831=CARTESIAN_POINT('',(-0.0616189539366744,0.0027580062760935,-0.0532883936956448));
#4832=CARTESIAN_POINT('',(-0.0622606658093697,0.00269133960942684,-0.0519955134978788));
#4833=CARTESIAN_POINT('',(-0.062902377682065,0.00262467294276017,-0.0507026333001129));
#4834=CARTESIAN_POINT('',(-0.0643429007137278,0.00255800627609351,-0.0506119319848941));
#4835=CARTESIAN_POINT('',(-0.0657834237453906,0.00249133960942683,-0.0505212306696754));
#4836=CARTESIAN_POINT('',(-0.0665822349043581,0.00242467294276017,-0.0517234095522225));
#4837=CARTESIAN_POINT('',(-0.0673810460633256,0.00235800627609351,-0.0529255884347696));
#4838=CARTESIAN_POINT('',(-0.0667393341906303,0.00229133960942684,-0.0542184686325356));
#4839=CARTESIAN_POINT('',(-0.066097622317935,0.00222467294276017,-0.0555113488303015));
#4840=CARTESIAN_POINT('',(-0.0646570992862722,0.0021580062760935,-0.0556020501455203));
#4841=CARTESIAN_POINT('',(-0.0632165762546094,0.00209133960942683,-0.0556927514607391));
#4842=CARTESIAN_POINT('',(-0.062417765095642,0.00202467294276017,-0.0544905725781919));
#4843=CARTESIAN_POINT('',(-0.0616189539366744,0.0019580062760935,-0.0532883936956448));
#4844=CARTESIAN_POINT('',(-0.0622606658093697,0.00189133960942684,-0.0519955134978788));
#4845=CARTESIAN_POINT('',(-0.062902377682065,0.00182467294276017,-0.0507026333001129));
#4846=CARTESIAN_POINT('',(-0.0643429007137278,0.00175800627609351,-0.0506119319848941));
#4847=CARTESIAN_POINT('',(-0.0657834237453906,0.00169133960942684,-0.0505212306696754));
#4848=CARTESIAN_POINT('',(-0.0665822349043581,0.00162467294276017,-0.0517234095522225));
#4849=CARTESIAN_POINT('',(-0.0673810460633256,0.0015580062760935,-0.0529255884347696));
#4850=CARTESIAN_POINT('',(-0.0667393341906303,0.00149133960942684,-0.0542184686325356));
#4851=CARTESIAN_POINT('',(-0.066097622317935,0.00142467294276017,-0.0555113488303015));
#4852=CARTESIAN_POINT('',(-0.0646570992862722,0.0013580062760935,-0.0556020501455203));
#4853=CARTESIAN_POINT('',(-0.0632165762546094,0.00129133960942684,-0.0556927514607391));
#4854=CARTESIAN_POINT('',(-0.062417765095642,0.00122467294276017,-0.0544905725781919));
#4855=CARTESIAN_POINT('',(-0.0616189539366744,0.0011580062760935,-0.0532883936956448));
#4856=CARTESIAN_POINT('',(-0.0622606658093697,0.00109133960942684,-0.0519955134978788));
#4857=CARTESIAN_POINT('',(-0.062902377682065,0.00102467294276017,-0.0507026333001129));
#4858=CARTESIAN_POINT('',(-0.0643429007137278,0.000958006276093503,-0.0506119319848941));
#4859=CARTESIAN_POINT('',(-0.0657834237453906,0.000891339609426836,-0.0505212306696754));
#4860=CARTESIAN_POINT('',(-0.0665822349043581,0.000824672942760171,-0.0517234095522225));
#4861=CARTESIAN_POINT('',(-0.0673810460633256,0.000758006276093504,-0.0529255884347696));
#4862=CARTESIAN_POINT('',(-0.0667393341906303,0.000691339609426838,-0.0542184686325356));
#4863=CARTESIAN_POINT('',(-0.066097622317935,0.00062467294276017,-0.0555113488303015));
#4864=CARTESIAN_POINT('',(-0.0646570992862722,0.000558006276093506,-0.0556020501455203));
#4865=CARTESIAN_POINT('',(-0.0632165762546094,0.000491339609426835,-0.0556927514607391));
#4866=CARTESIAN_POINT('',(-0.062417765095642,0.000424672942760169,-0.0544905725781919));
#4867=CARTESIAN_POINT('',(-0.0616189539366744,0.000358006276093504,-0.0532883936956448));
#4868=CARTESIAN_POINT('',(-0.0622606658093697,0.000291339609426837,-0.0519955134978788));
#4869=CARTESIAN_POINT('',(-0.062902377682065,0.000224672942760169,-0.0507026333001129));
#4870=CARTESIAN_POINT('',(-0.0643429007137278,0.000158006276093505,-0.0506119319848941));
#4871=CARTESIAN_POINT('',(-0.0657834237453906,9.13396094268379E-5,-0.0505212306696754));
#4872=CARTESIAN_POINT('',(-0.0665822349043581,2.46729427601719E-5,-0.0517234095522225));
#4873=CARTESIAN_POINT('',(-0.0673810460633256,-4.19937239064972E-5,-0.0529255884347696));
#4874=CARTESIAN_POINT('',(-0.0667393341906303,-0.000108660390573164,-0.0542184686325356));
#4875=CARTESIAN_POINT('',(-0.066097622317935,-0.000175327057239832,-0.0555113488303015));
#4876=CARTESIAN_POINT('',(-0.0646570992862722,-0.000241993723906497,-0.0556020501455203));
#4877=CARTESIAN_POINT('',(-0.0632165762546094,-0.000308660390573163,-0.0556927514607391));
#4878=CARTESIAN_POINT('',(-0.062417765095642,-0.000375327057239829,-0.0544905725781919));
#4879=CARTESIAN_POINT('',(-0.0616189539366744,-0.000441993723906498,-0.0532883936956448));
#4880=CARTESIAN_POINT('',(-0.0622606658093697,-0.000508660390573162,-0.0519955134978788));
#4881=CARTESIAN_POINT('',(-0.062902377682065,-0.000575327057239829,-0.0507026333001129));
#4882=CARTESIAN_POINT('',(-0.0643429007137278,-0.000641993723906498,-0.0506119319848941));
#4883=CARTESIAN_POINT('',(-0.0657834237453906,-0.000708660390573165,-0.0505212306696754));
#4884=CARTESIAN_POINT('',(-0.0665822349043581,-0.00077532705723983,-0.0517234095522225));
#4885=CARTESIAN_POINT('',(-0.0673810460633256,-0.000841993723906499,-0.0529255884347696));
#4886=CARTESIAN_POINT('',(-0.0667393341906303,-0.000908660390573163,-0.0542184686325356));
#4887=CARTESIAN_POINT('',(-0.066097622317935,-0.000975327057239831,-0.0555113488303015));
#4888=CARTESIAN_POINT('',(-0.0646570992862722,-0.00104199372390649,-0.0556020501455203));
#4889=CARTESIAN_POINT('',(-0.0632165762546094,-0.00110866039057316,-0.0556927514607391));
#4890=CARTESIAN_POINT('',(-0.062417765095642,-0.00117532705723983,-0.0544905725781919));
#4891=CARTESIAN_POINT('',(-0.0616189539366744,-0.0012419937239065,-0.0532883936956448));
#4892=CARTESIAN_POINT('',(-0.0622606658093697,-0.00130866039057316,-0.0519955134978788));
#4893=CARTESIAN_POINT('',(-0.062902377682065,-0.00137532705723983,-0.0507026333001129));
#4894=CARTESIAN_POINT('',(-0.0643429007137278,-0.0014419937239065,-0.0506119319848941));
#4895=CARTESIAN_POINT('',(-0.0657834237453906,-0.00150866039057316,-0.0505212306696754));
#4896=CARTESIAN_POINT('',(-0.0665822349043581,-0.00157532705723983,-0.0517234095522225));
#4897=CARTESIAN_POINT('',(-0.0673810460633256,-0.0016419937239065,-0.0529255884347696));
#4898=CARTESIAN_POINT('',(-0.0667393341906303,-0.00170866039057316,-0.0542184686325356));
#4899=CARTESIAN_POINT('',(-0.066097622317935,-0.00177532705723983,-0.0555113488303015));
#4900=CARTESIAN_POINT('',(-0.0646570992862722,-0.00184199372390649,-0.0556020501455203));
#4901=CARTESIAN_POINT('',(-0.0632165762546094,-0.00190866039057316,-0.0556927514607391));
#4902=CARTESIAN_POINT('',(-0.062417765095642,-0.00197532705723983,-0.0544905725781919));
#4903=CARTESIAN_POINT('',(-0.0616189539366744,-0.0020419937239065,-0.0532883936956448));
#4904=CARTESIAN_POINT('',(-0.0622606658093697,-0.00210866039057317,-0.0519955134978788));
#4905=CARTESIAN_POINT('',(-0.062902377682065,-0.00217532705723983,-0.0507026333001129));
#4906=CARTESIAN_POINT('',(-0.0643429007137278,-0.00224199372390649,-0.0506119319848941));
#4907=CARTESIAN_POINT('',(-0.0657834237453906,-0.00230866039057316,-0.0505212306696754));
#4908=CARTESIAN_POINT('',(-0.0665822349043581,-0.00237532705723983,-0.0517234095522225));
#4909=CARTESIAN_POINT('',(-0.0673810460633256,-0.0024419937239065,-0.0529255884347696));
#4910=CARTESIAN_POINT('',(-0.0667393341906303,-0.00250866039057317,-0.0542184686325356));
#4911=CARTESIAN_POINT('',(-0.066097622317935,-0.00257532705723983,-0.0555113488303015));
#4912=CARTESIAN_POINT('',(-0.0646570992862722,-0.0026419937239065,-0.0556020501455203));
#4913=CARTESIAN_POINT('',(-0.0632165762546094,-0.00270866039057316,-0.0556927514607391));
#4914=CARTESIAN_POINT('',(-0.062417765095642,-0.00277532705723983,-0.0544905725781919));
#4915=CARTESIAN_POINT('',(-0.0616189539366744,-0.0028419937239065,-0.0532883936956448));
#4916=CARTESIAN_POINT('',(-0.0622606658093697,-0.00290866039057317,-0.0519955134978788));
#4917=CARTESIAN_POINT('',(-0.062902377682065,-0.00297532705723983,-0.0507026333001129));
#4918=CARTESIAN_POINT('',(-0.0643429007137278,-0.00304199372390649,-0.0506119319848941));
#4919=CARTESIAN_POINT('',(-0.0657834237453906,-0.00310866039057316,-0.0505212306696754));
#4920=CARTESIAN_POINT('',(-0.0665822349043581,-0.00317532705723983,-0.0517234095522225));
#4921=CARTESIAN_POINT('',(-0.0673810460633256,-0.0032419937239065,-0.0529255884347696));
#4922=CARTESIAN_POINT('',(-0.0667393341906303,-0.00330866039057316,-0.0542184686325356));
#4923=CARTESIAN_POINT('',(-0.066097622317935,-0.00337532705723983,-0.0555113488303015));
#4924=CARTESIAN_POINT('',(-0.0646570992862722,-0.0034419937239065,-0.0556020501455203));
#4925=CARTESIAN_POINT('',(-0.0632165762546094,-0.00350866039057316,-0.0556927514607391));
#4926=CARTESIAN_POINT('',(-0.062417765095642,-0.00357532705723983,-0.0544905725781919));
#4927=CARTESIAN_POINT('',(-0.0616189539366744,-0.0036419937239065,-0.0532883936956448));
#4928=CARTESIAN_POINT('',(-0.0622606658093697,-0.00370866039057317,-0.0519955134978788));
#4929=CARTESIAN_POINT('',(-0.062902377682065,-0.00377532705723983,-0.0507026333001129));
#4930=CARTESIAN_POINT('',(-0.0643429007137278,-0.00384199372390649,-0.0506119319848941));
#4931=CARTESIAN_POINT('',(-0.0657834237453906,-0.00390866039057316,-0.0505212306696754));
#4932=CARTESIAN_POINT('',(-0.0665822349043581,-0.00397532705723983,-0.0517234095522225));
#4933=CARTESIAN_POINT('',(-0.0673810460633256,-0.0040419937239065,-0.0529255884347696));
#4934=CARTESIAN_POINT('',(-0.0667393341906303,-0.00410866039057317,-0.0542184686325356));
#4935=CARTESIAN_POINT('',(-0.066097622317935,-0.00417532705723983,-0.0555113488303015));
#4936=CARTESIAN_POINT('',(-0.0646570992862722,-0.00424199372390649,-0.0556020501455203));
#4937=CARTESIAN_POINT('',(-0.0632165762546094,-0.00430866039057316,-0.0556927514607391));
#4938=CARTESIAN_POINT('',(-0.062417765095642,-0.00437532705723983,-0.0544905725781919));
#4939=CARTESIAN_POINT('',(-0.0616189539366744,-0.00444199372390649,-0.0532883936956448));
#4940=CARTESIAN_POINT('',(-0.0622606658093697,-0.00450866039057316,-0.0519955134978788));
#4941=CARTESIAN_POINT('',(-0.062902377682065,-0.00457532705723983,-0.0507026333001129));
#4942=CARTESIAN_POINT('',(-0.0643429007137278,-0.0046419937239065,-0.0506119319848941));
#4943=CARTESIAN_POINT('',(-0.0657834237453906,-0.00470866039057316,-0.0505212306696754));
#4944=CARTESIAN_POINT('',(-0.0665822349043581,-0.00477532705723983,-0.0517234095522225));
#4945=CARTESIAN_POINT('',(-0.0673810460633256,-0.0048419937239065,-0.0529255884347696));
#4946=CARTESIAN_POINT('',(-0.0667393341906303,-0.00490866039057316,-0.0542184686325356));
#4947=CARTESIAN_POINT('',(-0.066097622317935,-0.00497532705723983,-0.0555113488303015));
#4948=CARTESIAN_POINT('',(-0.0646570992862722,-0.0050419937239065,-0.0556020501455203));
#4949=CARTESIAN_POINT('',(-0.0632165762546094,-0.00510866039057317,-0.0556927514607391));
#4950=CARTESIAN_POINT('',(-0.062417765095642,-0.00517532705723983,-0.0544905725781919));
#4951=CARTESIAN_POINT('',(-0.0616189539366744,-0.0052419937239065,-0.0532883936956448));
#4952=CARTESIAN_POINT('',(-0.0622606658093697,-0.00530866039057316,-0.0519955134978788));
#4953=CARTESIAN_POINT('',(-0.062902377682065,-0.00537532705723983,-0.0507026333001129));
#4954=CARTESIAN_POINT('',(-0.0643429007137278,-0.0054419937239065,-0.0506119319848941));
#4955=CARTESIAN_POINT('',(-0.0657834237453906,-0.00550866039057317,-0.0505212306696754));
#4956=CARTESIAN_POINT('',(-0.0665822349043581,-0.00557532705723983,-0.0517234095522225));
#4957=CARTESIAN_POINT('',(-0.0673810460633256,-0.00564199372390649,-0.0529255884347696));
#4958=CARTESIAN_POINT('',(-0.0667393341906303,-0.00570866039057316,-0.0542184686325356));
#4959=CARTESIAN_POINT('',(-0.066097622317935,-0.00577532705723983,-0.0555113488303015));
#4960=CARTESIAN_POINT('',(-0.0646570992862722,-0.0058419937239065,-0.0556020501455203));
#4961=CARTESIAN_POINT('',(-0.0632165762546094,-0.00590866039057317,-0.0556927514607391));
#4962=CARTESIAN_POINT('',(-0.062417765095642,-0.00597532705723983,-0.0544905725781919));
#4963=CARTESIAN_POINT('',(-0.0616189539366744,-0.0060419937239065,-0.0532883936956448));
#4964=CARTESIAN_POINT('',(-0.0622606658093697,-0.00610866039057316,-0.0519955134978788));
#4965=CARTESIAN_POINT('',(-0.062902377682065,-0.00617532705723982,-0.0507026333001129));
#4966=CARTESIAN_POINT('',(-0.0643429007137278,-0.0062419937239065,-0.0506119319848941));
#4967=CARTESIAN_POINT('',(-0.0657834237453906,-0.00630866039057316,-0.0505212306696754));
#4968=CARTESIAN_POINT('',(-0.0665822349043581,-0.00637532705723983,-0.0517234095522225));
#4969=CARTESIAN_POINT('',(-0.0673810460633256,-0.0064419937239065,-0.0529255884347696));
#4970=CARTESIAN_POINT('',(-0.0667393341906303,-0.00650866039057316,-0.0542184686325356));
#4971=CARTESIAN_POINT('',(-0.066097622317935,-0.00657532705723983,-0.0555113488303015));
#4972=CARTESIAN_POINT('',(-0.0646570992862722,-0.0066419937239065,-0.0556020501455203));
#4973=CARTESIAN_POINT('',(-0.0632165762546094,-0.00670866039057317,-0.0556927514607391));
#4974=CARTESIAN_POINT('',(-0.062417765095642,-0.00677532705723983,-0.0544905725781919));
#4975=CARTESIAN_POINT('',(-0.0616189539366744,-0.00684199372390649,-0.0532883936956448));
#4976=CARTESIAN_POINT('',(-0.0622606658093697,-0.00690866039057317,-0.0519955134978788));
#4977=CARTESIAN_POINT('',(-0.062902377682065,-0.00697532705723983,-0.0507026333001129));
#4978=CARTESIAN_POINT('',(-0.0643429007137278,-0.0070419937239065,-0.0506119319848941));
#4979=CARTESIAN_POINT('',(-0.0657834237453906,-0.00710866039057316,-0.0505212306696754));
#4980=CARTESIAN_POINT('',(-0.0665822349043581,-0.00717532705723983,-0.0517234095522225));
#4981=CARTESIAN_POINT('',(-0.0673810460633256,-0.0072419937239065,-0.0529255884347696));
#4982=CARTESIAN_POINT('',(-0.0667393341906303,-0.00730866039057317,-0.0542184686325356));
#4983=CARTESIAN_POINT('',(-0.066097622317935,-0.00737532705723983,-0.0555113488303015));
#4984=CARTESIAN_POINT('',(-0.0646570992862722,-0.0074419937239065,-0.0556020501455203));
#4985=CARTESIAN_POINT('',(-0.0632165762546094,-0.00750866039057317,-0.0556927514607391));
#4986=CARTESIAN_POINT('',(-0.062417765095642,-0.00757532705723983,-0.0544905725781919));
#4987=CARTESIAN_POINT('',(-0.0616189539366744,-0.0076419937239065,-0.0532883936956448));
#4988=CARTESIAN_POINT('',(-0.0622606658093697,-0.00770866039057316,-0.0519955134978788));
#4989=CARTESIAN_POINT('',(-0.062902377682065,-0.00777532705723982,-0.0507026333001129));
#4990=CARTESIAN_POINT('',(-0.0643429007137278,-0.0078419937239065,-0.0506119319848941));
#4991=CARTESIAN_POINT('',(-0.0657834237453906,-0.00790866039057316,-0.0505212306696754));
#4992=CARTESIAN_POINT('',(-0.0665822349043581,-0.00797532705723983,-0.0517234095522225));
#4993=CARTESIAN_POINT('',(-0.0673810460633256,-0.00804199372390649,-0.0529255884347696));
#4994=CARTESIAN_POINT('',(-0.0667393341906303,-0.00810866039057316,-0.0542184686325356));
#4995=CARTESIAN_POINT('',(-0.066097622317935,-0.00817532705723983,-0.0555113488303015));
#4996=CARTESIAN_POINT('',(-0.0646570992862722,-0.00824199372390649,-0.0556020501455203));
#4997=CARTESIAN_POINT('',(-0.0632165762546094,-0.00830866039057317,-0.0556927514607391));
#4998=CARTESIAN_POINT('',(-0.062417765095642,-0.00837532705723983,-0.0544905725781919));
#4999=CARTESIAN_POINT('',(-0.0616189539366744,-0.00844199372390649,-0.0532883936956448));
#5000=CARTESIAN_POINT('',(-0.0622606658093697,-0.00850866039057317,-0.0519955134978788));
#5001=CARTESIAN_POINT('',(-0.062902377682065,-0.00857532705723983,-0.0507026333001129));
#5002=CARTESIAN_POINT('',(-0.0643429007137278,-0.0086419937239065,-0.0506119319848941));
#5003=CARTESIAN_POINT('',(-0.0657834237453906,-0.00870866039057316,-0.0505212306696754));
#5004=CARTESIAN_POINT('',(-0.0665822349043581,-0.00877532705723983,-0.0517234095522225));
#5005=CARTESIAN_POINT('',(-0.0673810460633256,-0.0088419937239065,-0.0529255884347696));
#5006=CARTESIAN_POINT('',(-0.0667393341906303,-0.00890866039057316,-0.0542184686325356));
#5007=CARTESIAN_POINT('',(-0.066097622317935,-0.00897532705723983,-0.0555113488303015));
#5008=CARTESIAN_POINT('',(-0.0646570992862722,-0.0090419937239065,-0.0556020501455203));
#5009=CARTESIAN_POINT('',(-0.0632165762546094,-0.00910866039057317,-0.0556927514607391));
#5010=CARTESIAN_POINT('',(-0.062417765095642,-0.00917532705723983,-0.0544905725781919));
#5011=CARTESIAN_POINT('',(-0.0616189539366744,-0.00924199372390649,-0.0532883936956448));
#5012=CARTESIAN_POINT('',(-0.0622606658093697,-0.00930866039057316,-0.0519955134978788));
#5013=CARTESIAN_POINT('',(-0.062902377682065,-0.00937532705723983,-0.0507026333001129));
#5014=CARTESIAN_POINT('',(-0.0643429007137278,-0.0094419937239065,-0.0506119319848941));
#5015=CARTESIAN_POINT('',(-0.0657834237453906,-0.00950866039057317,-0.0505212306696754));
#5016=CARTESIAN_POINT('',(-0.0665822349043581,-0.00957532705723983,-0.0517234095522225));
#5017=CARTESIAN_POINT('',(-0.0673810460633256,-0.0096419937239065,-0.0529255884347696));
#5018=CARTESIAN_POINT('',(-0.0667393341906303,-0.00970866039057316,-0.0542184686325356));
#5019=CARTESIAN_POINT('',(-0.066097622317935,-0.00977532705723982,-0.0555113488303015));
#5020=CARTESIAN_POINT('',(-0.0646570992862722,-0.0098419937239065,-0.0556020501455203));
#5021=CARTESIAN_POINT('',(-0.0632165762546094,-0.00990866039057316,-0.0556927514607391));
#5022=CARTESIAN_POINT('',(-0.062417765095642,-0.00997532705723983,-0.0544905725781919));
#5023=CARTESIAN_POINT('',(-0.0616189539366744,-0.0100419937239065,-0.0532883936956448));
#5024=CARTESIAN_POINT('',(-0.0622606658093697,-0.0101086603905732,-0.0519955134978788));
#5025=CARTESIAN_POINT('',(-0.062902377682065,-0.0101753270572398,-0.0507026333001129));
#5026=CARTESIAN_POINT('',(-0.0643429007137278,-0.0102419937239065,-0.0506119319848941));
#5027=CARTESIAN_POINT('',(-0.0657834237453906,-0.0103086603905732,-0.0505212306696754));
#5028=CARTESIAN_POINT('',(-0.0665822349043581,-0.0103753270572398,-0.0517234095522225));
#5029=CARTESIAN_POINT('',(-0.0673810460633256,-0.0104419937239065,-0.0529255884347696));
#5030=CARTESIAN_POINT('',(-0.0667393341906303,-0.0105086603905732,-0.0542184686325356));
#5031=CARTESIAN_POINT('',(-0.066097622317935,-0.0105753270572398,-0.0555113488303015));
#5032=CARTESIAN_POINT('',(-0.0646570992862722,-0.0106419937239065,-0.0556020501455203));
#5033=CARTESIAN_POINT('',(-0.0632165762546094,-0.0107086603905732,-0.0556927514607391));
#5034=CARTESIAN_POINT('',(-0.062417765095642,-0.0107753270572398,-0.0544905725781919));
#5035=CARTESIAN_POINT('',(-0.0616189539366744,-0.0108419937239065,-0.0532883936956448));
#5036=CARTESIAN_POINT('',(-0.0622606658093697,-0.0109086603905732,-0.0519955134978788));
#5037=CARTESIAN_POINT('',(-0.062902377682065,-0.0109753270572398,-0.0507026333001129));
#5038=CARTESIAN_POINT('',(-0.0643429007137278,-0.0110419937239065,-0.0506119319848941));
#5039=CARTESIAN_POINT('',(-0.0657834237453906,-0.0111086603905732,-0.0505212306696754));
#5040=CARTESIAN_POINT('',(-0.0665822349043581,-0.0111753270572398,-0.0517234095522225));
#5041=CARTESIAN_POINT('',(-0.0673810460633256,-0.0112419937239065,-0.0529255884347696));
#5042=CARTESIAN_POINT('',(-0.0667393341906303,-0.0113086603905732,-0.0542184686325356));
#5043=CARTESIAN_POINT('',(-0.066097622317935,-0.0113753270572398,-0.0555113488303015));
#5044=CARTESIAN_POINT('',(-0.0646570992862722,-0.0114419937239065,-0.0556020501455203));
#5045=CARTESIAN_POINT('',(-0.0632165762546094,-0.0115086603905732,-0.0556927514607391));
#5046=CARTESIAN_POINT('',(-0.062417765095642,-0.0115753270572398,-0.0544905725781919));
#5047=CARTESIAN_POINT('',(-0.0616189539366744,-0.0116419937239065,-0.0532883936956448));
#5048=CARTESIAN_POINT('',(-0.0622606658093697,-0.0117086603905732,-0.0519955134978788));
#5049=CARTESIAN_POINT('',(-0.062902377682065,-0.0117753270572398,-0.0507026333001129));
#5050=CARTESIAN_POINT('',(-0.0643429007137278,-0.0118419937239065,-0.0506119319848941));
#5051=CARTESIAN_POINT('',(-0.0657834237453906,-0.0119086603905732,-0.0505212306696754));
#5052=CARTESIAN_POINT('',(-0.0665822349043581,-0.0119753270572398,-0.0517234095522225));
#5053=CARTESIAN_POINT('',(-0.0673810460633256,-0.0120419937239065,-0.0529255884347696));
#5054=CARTESIAN_POINT('',(-0.0667393341906303,-0.0121086603905732,-0.0542184686325356));
#5055=CARTESIAN_POINT('',(-0.066097622317935,-0.0121753270572398,-0.0555113488303015));
#5056=CARTESIAN_POINT('',(-0.0646570992862722,-0.0122419937239065,-0.0556020501455203));
#5057=CARTESIAN_POINT('',(-0.0632165762546094,-0.0123086603905731,-0.0556927514607391));
#5058=CARTESIAN_POINT('',(-0.062417765095642,-0.0123753270572398,-0.0544905725781919));
#5059=CARTESIAN_POINT('',(-0.0616189539366744,-0.0124419937239065,-0.0532883936956448));
#5060=CARTESIAN_POINT('',(-0.0622606658093697,-0.0125086603905732,-0.0519955134978788));
#5061=CARTESIAN_POINT('',(-0.062902377682065,-0.0125753270572398,-0.0507026333001129));
#5062=CARTESIAN_POINT('',(-0.0643429007137278,-0.0126419937239065,-0.0506119319848941));
#5063=CARTESIAN_POINT('',(-0.0657834237453906,-0.0127086603905732,-0.0505212306696754));
#5064=CARTESIAN_POINT('',(-0.0665822349043581,-0.0127753270572398,-0.0517234095522225));
#5065=CARTESIAN_POINT('',(-0.0673810460633256,-0.0128419937239065,-0.0529255884347696));
#5066=CARTESIAN_POINT('',(-0.0667393341906303,-0.0129086603905732,-0.0542184686325356));
#5067=CARTESIAN_POINT('',(-0.066097622317935,-0.0129753270572398,-0.0555113488303015));
#5068=CARTESIAN_POINT('',(-0.0646570992862722,-0.0130419937239065,-0.0556020501455203));
#5069=CARTESIAN_POINT('',(-0.0632165762546094,-0.0131086603905732,-0.0556927514607391));
#5070=CARTESIAN_POINT('',(-0.062417765095642,-0.0131753270572398,-0.0544905725781919));
#5071=CARTESIAN_POINT('',(-0.0616189539366744,-0.0132419937239065,-0.0532883936956448));
#5072=CARTESIAN_POINT('',(-0.0622606658093697,-0.0133086603905732,-0.0519955134978788));
#5073=CARTESIAN_POINT('',(-0.062902377682065,-0.0133753270572398,-0.0507026333001129));
#5074=CARTESIAN_POINT('',(-0.0643429007137278,-0.0134419937239065,-0.0506119319848941));
#5075=CARTESIAN_POINT('',(-0.0657834237453906,-0.0135086603905732,-0.0505212306696754));
#5076=CARTESIAN_POINT('',(-0.0665822349043581,-0.0135753270572398,-0.0517234095522225));
#5077=CARTESIAN_POINT('',(-0.0673810460633256,-0.0136419937239065,-0.0529255884347696));
#5078=CARTESIAN_POINT('',(-0.0667393341906303,-0.0137086603905732,-0.0542184686325356));
#5079=CARTESIAN_POINT('',(-0.066097622317935,-0.0137753270572398,-0.0555113488303015));
#5080=CARTESIAN_POINT('',(-0.0646570992862722,-0.0138419937239065,-0.0556020501455203));
#5081=CARTESIAN_POINT('',(-0.0632165762546094,-0.0139086603905731,-0.0556927514607391));
#5082=CARTESIAN_POINT('',(-0.062417765095642,-0.0139753270572398,-0.0544905725781919));
#5083=CARTESIAN_POINT('',(-0.0616189539366744,-0.0140419937239065,-0.0532883936956448));
#5084=CARTESIAN_POINT('',(-0.0622606658093697,-0.0141086603905732,-0.0519955134978788));
#5085=CARTESIAN_POINT('',(-0.062902377682065,-0.0141753270572398,-0.0507026333001129));
#5086=CARTESIAN_POINT('',(-0.0643429007137278,-0.0142419937239065,-0.0506119319848941));
#5087=CARTESIAN_POINT('',(-0.0657834237453906,-0.0143086603905731,-0.0505212306696754));
#5088=CARTESIAN_POINT('',(-0.0665822349043581,-0.0143753270572398,-0.0517234095522225));
#5089=CARTESIAN_POINT('',(-0.0673810460633256,-0.0144419937239065,-0.0529255884347696));
#5090=CARTESIAN_POINT('',(-0.0667393341906303,-0.0145086603905732,-0.0542184686325356));
#5091=CARTESIAN_POINT('',(-0.066097622317935,-0.0145753270572398,-0.0555113488303015));
#5092=CARTESIAN_POINT('',(-0.0646570992862722,-0.0146419937239065,-0.0556020501455203));
#5093=CARTESIAN_POINT('',(-0.0632165762546094,-0.0147086603905732,-0.0556927514607391));
#5094=CARTESIAN_POINT('',(-0.062417765095642,-0.0147753270572398,-0.0544905725781919));
#5095=CARTESIAN_POINT('',(-0.0616189539366744,-0.0148419937239065,-0.0532883936956448));
#5096=CARTESIAN_POINT('',(-0.0622606658093697,-0.0149086603905732,-0.0519955134978788));
#5097=CARTESIAN_POINT('',(-0.062902377682065,-0.0149753270572398,-0.0507026333001129));
#5098=CARTESIAN_POINT('',(-0.0643429007137278,-0.0150419937239065,-0.0506119319848941));
#5099=CARTESIAN_POINT('',(-0.0657834237453906,-0.0151086603905732,-0.0505212306696754));
#5100=CARTESIAN_POINT('',(-0.0665822349043581,-0.0151753270572398,-0.0517234095522225));
#5101=CARTESIAN_POINT('',(-0.0673810460633256,-0.0152419937239065,-0.0529255884347696));
#5102=CARTESIAN_POINT('',(-0.0667393341906303,-0.0153086603905731,-0.0542184686325356));
#5103=CARTESIAN_POINT('',(-0.066097622317935,-0.0153753270572398,-0.0555113488303015));
#5104=CARTESIAN_POINT('',(-0.0646570992862722,-0.0154419937239065,-0.0556020501455203));
#5105=CARTESIAN_POINT('',(-0.0632165762546094,-0.0155086603905732,-0.0556927514607391));
#5106=CARTESIAN_POINT('',(-0.062417765095642,-0.0155753270572398,-0.0544905725781919));
#5107=CARTESIAN_POINT('',(-0.0616189539366744,-0.0156419937239065,-0.0532883936956448));
#5108=CARTESIAN_POINT('',(-0.0622606658093697,-0.0157086603905731,-0.0519955134978788));
#5109=CARTESIAN_POINT('',(-0.062902377682065,-0.0157753270572398,-0.0507026333001129));
#5110=CARTESIAN_POINT('',(-0.0643429007137278,-0.0158419937239065,-0.0506119319848941));
#5111=CARTESIAN_POINT('',(-0.0657834237453906,-0.0159086603905731,-0.0505212306696754));
#5112=CARTESIAN_POINT('',(-0.0665822349043581,-0.0159753270572399,-0.0517234095522225));
#5113=CARTESIAN_POINT('',(-0.0673810460633256,-0.0160419937239065,-0.0529255884347696));
#5114=CARTESIAN_POINT('',(-0.0667393341906303,-0.0161086603905732,-0.0542184686325356));
#5115=CARTESIAN_POINT('',(-0.066097622317935,-0.0161753270572398,-0.0555113488303015));
#5116=CARTESIAN_POINT('',(-0.0646570992862722,-0.0162419937239065,-0.0556020501455203));
#5117=CARTESIAN_POINT('',(-0.0632165762546094,-0.0163086603905732,-0.0556927514607391));
#5118=CARTESIAN_POINT('',(-0.062417765095642,-0.0163753270572399,-0.0544905725781919));
#5119=CARTESIAN_POINT('',(-0.0616189539366744,-0.0164419937239065,-0.0532883936956448));
#5120=CARTESIAN_POINT('',(-0.0622606658093697,-0.0165086603905731,-0.0519955134978788));
#5121=CARTESIAN_POINT('',(-0.062902377682065,-0.0165753270572398,-0.0507026333001129));
#5122=CARTESIAN_POINT('',(-0.0643429007137278,-0.0166419937239065,-0.0506119319848941));
#5123=CARTESIAN_POINT('',(-0.0657834237453906,-0.0167086603905732,-0.0505212306696754));
#5124=CARTESIAN_POINT('',(-0.0665822349043581,-0.0167753270572399,-0.0517234095522225));
#5125=CARTESIAN_POINT('',(-0.0673810460633256,-0.0168419937239065,-0.0529255884347696));
#5126=CARTESIAN_POINT('',(-0.0667393341906303,-0.0169086603905731,-0.0542184686325356));
#5127=CARTESIAN_POINT('',(-0.066097622317935,-0.0169753270572398,-0.0555113488303015));
#5128=CARTESIAN_POINT('',(-0.0646570992862722,-0.0170419937239065,-0.0556020501455203));
#5129=CARTESIAN_POINT('',(-0.0632165762546094,-0.0171086603905732,-0.0556927514607391));
#5130=CARTESIAN_POINT('',(-0.062417765095642,-0.0171753270572399,-0.0544905725781919));
#5131=CARTESIAN_POINT('',(-0.0616189539366744,-0.0172419937239065,-0.0532883936956448));
#5132=CARTESIAN_POINT('',(-0.0622606658093697,-0.0173086603905732,-0.0519955134978788));
#5133=CARTESIAN_POINT('',(-0.062902377682065,-0.0173753270572398,-0.0507026333001129));
#5134=CARTESIAN_POINT('',(-0.0643429007137278,-0.0174419937239065,-0.0506119319848941));
#5135=CARTESIAN_POINT('',(-0.0657834237453906,-0.0175086603905732,-0.0505212306696754));
#5136=CARTESIAN_POINT('',(-0.0665822349043581,-0.0175753270572398,-0.0517234095522225));
#5137=CARTESIAN_POINT('',(-0.0673810460633256,-0.0176419937239065,-0.0529255884347696));
#5138=CARTESIAN_POINT('',(-0.0667393341906303,-0.0177086603905731,-0.0542184686325356));
#5139=CARTESIAN_POINT('',(-0.066097622317935,-0.0177753270572398,-0.0555113488303015));
#5140=CARTESIAN_POINT('',(-0.0646570992862722,-0.0178419937239065,-0.0556020501455203));
#5141=CARTESIAN_POINT('',(-0.0632165762546094,-0.0179086603905732,-0.0556927514607391));
#5142=CARTESIAN_POINT('',(-0.062417765095642,-0.0179753270572399,-0.0544905725781919));
#5143=CARTESIAN_POINT('',(-0.0616189539366744,-0.0180419937239065,-0.0532883936956448));
#5144=CARTESIAN_POINT('',(-0.0622606658093697,-0.0181086603905731,-0.0519955134978788));
#5145=CARTESIAN_POINT('',(-0.062902377682065,-0.0181753270572398,-0.0507026333001129));
#5146=CARTESIAN_POINT('',(-0.0643429007137278,-0.0182419937239065,-0.0506119319848941));
#5147=CARTESIAN_POINT('',(-0.0657834237453906,-0.0183086603905732,-0.0505212306696754));
#5148=CARTESIAN_POINT('',(-0.0665822349043581,-0.0183753270572399,-0.0517234095522225));
#5149=CARTESIAN_POINT('',(-0.0673810460633256,-0.0184419937239065,-0.0529255884347696));
#5150=CARTESIAN_POINT('',(-0.0667393341906303,-0.0185086603905731,-0.0542184686325356));
#5151=CARTESIAN_POINT('',(-0.066097622317935,-0.0185753270572398,-0.0555113488303015));
#5152=CARTESIAN_POINT('',(-0.0646570992862722,-0.0186419937239065,-0.0556020501455203));
#5153=CARTESIAN_POINT('',(-0.0632165762546094,-0.0187086603905731,-0.0556927514607391));
#5154=CARTESIAN_POINT('',(-0.062417765095642,-0.0187753270572398,-0.0544905725781919));
#5155=CARTESIAN_POINT('',(-0.0616189539366744,-0.0188419937239065,-0.0532883936956448));
#5156=CARTESIAN_POINT('',(-0.0622606658093697,-0.0189086603905731,-0.0519955134978788));
#5157=CARTESIAN_POINT('',(-0.062902377682065,-0.0189753270572398,-0.0507026333001129));
#5158=CARTESIAN_POINT('',(-0.0643429007137278,-0.0190419937239065,-0.0506119319848941));
#5159=CARTESIAN_POINT('',(-0.0657834237453906,-0.0191086603905732,-0.0505212306696754));
#5160=CARTESIAN_POINT('',(-0.0665822349043581,-0.0191753270572399,-0.0517234095522225));
#5161=CARTESIAN_POINT('',(-0.0673810460633256,-0.0192419937239065,-0.0529255884347696));
#5162=CARTESIAN_POINT('',(-0.0667393341906303,-0.0193086603905731,-0.0542184686325356));
#5163=CARTESIAN_POINT('',(-0.066097622317935,-0.0193753270572398,-0.0555113488303015));
#5164=CARTESIAN_POINT('',(-0.0646570992862722,-0.0194419937239065,-0.0556020501455203));
#5165=CARTESIAN_POINT('',(-0.0632165762546094,-0.0195086603905731,-0.0556927514607391));
#5166=CARTESIAN_POINT('',(-0.062417765095642,-0.0195753270572399,-0.0544905725781919));
#5167=CARTESIAN_POINT('',(-0.0616189539366744,-0.0196419937239065,-0.0532883936956448));
#5168=CARTESIAN_POINT('',(-0.0622606658093697,-0.0197086603905731,-0.0519955134978788));
#5169=CARTESIAN_POINT('',(-0.062902377682065,-0.0197753270572398,-0.0507026333001129));
#5170=CARTESIAN_POINT('',(-0.0643429007137278,-0.0198419937239065,-0.0506119319848941));
#5171=CARTESIAN_POINT('',(-0.0657834237453906,-0.0199086603905732,-0.0505212306696754));
#5172=CARTESIAN_POINT('',(-0.0665822349043581,-0.0199753270572399,-0.0517234095522225));
#5173=CARTESIAN_POINT('',(-0.0673810460633256,-0.0200419937239065,-0.0529255884347696));
#5174=CARTESIAN_POINT('',(-0.0667393341906303,-0.0201086603905732,-0.0542184686325356));
#5175=CARTESIAN_POINT('',(-0.066097622317935,-0.0201753270572398,-0.0555113488303015));
#5176=CARTESIAN_POINT('',(-0.0646570992862722,-0.0202419937239065,-0.0556020501455203));
#5177=CARTESIAN_POINT('',(-0.0632165762546094,-0.0203086603905731,-0.0556927514607391));
#5178=CARTESIAN_POINT('',(-0.062417765095642,-0.0203753270572399,-0.0544905725781919));
#5179=CARTESIAN_POINT('',(-0.0616189539366744,-0.0204419937239065,-0.0532883936956448));
#5180=CARTESIAN_POINT('',(-0.0622606658093697,-0.0205086603905731,-0.0519955134978788));
#5181=CARTESIAN_POINT('',(-0.062902377682065,-0.0205753270572398,-0.0507026333001129));
#5182=CARTESIAN_POINT('',(-0.0643429007137278,-0.0206419937239065,-0.0506119319848941));
#5183=CARTESIAN_POINT('',(-0.0657834237453906,-0.0207086603905732,-0.0505212306696754));
#5184=CARTESIAN_POINT('',(-0.0665822349043581,-0.0207753270572399,-0.0517234095522225));
#5185=CARTESIAN_POINT('',(-0.0673810460633256,-0.0208419937239065,-0.0529255884347696));
#5186=CARTESIAN_POINT('',(-0.0667393341906303,-0.0209086603905731,-0.0542184686325356));
#5187=CARTESIAN_POINT('',(-0.066097622317935,-0.0209753270572398,-0.0555113488303015));
#5188=CARTESIAN_POINT('',(-0.0646570992862722,-0.0210419937239065,-0.0556020501455203));
#5189=CARTESIAN_POINT('',(-0.0632165762546094,-0.0211086603905731,-0.0556927514607391));
#5190=CARTESIAN_POINT('',(-0.062417765095642,-0.0211753270572399,-0.0544905725781919));
#5191=CARTESIAN_POINT('',(-0.0616189539366744,-0.0212419937239065,-0.0532883936956448));
#5192=CARTESIAN_POINT('',(-0.0622606658093697,-0.0213086603905732,-0.0519955134978788));
#5193=CARTESIAN_POINT('',(-0.062902377682065,-0.0213753270572398,-0.0507026333001129));
#5194=CARTESIAN_POINT('',(-0.0643429007137278,-0.0214419937239065,-0.0506119319848941));
#5195=CARTESIAN_POINT('',(-0.0657834237453906,-0.0215086603905732,-0.0505212306696754));
#5196=CARTESIAN_POINT('',(-0.0665822349043581,-0.0215753270572398,-0.0517234095522225));
#5197=CARTESIAN_POINT('',(-0.0673810460633256,-0.0216419937239065,-0.0529255884347696));
#5198=CARTESIAN_POINT('',(-0.0667393341906303,-0.0217086603905732,-0.0542184686325356));
#5199=CARTESIAN_POINT('',(-0.066097622317935,-0.0217753270572398,-0.0555113488303015));
#5200=CARTESIAN_POINT('',(-0.0646570992862722,-0.0218419937239065,-0.0556020501455203));
#5201=CARTESIAN_POINT('',(-0.0632165762546094,-0.0219086603905731,-0.0556927514607391));
#5202=CARTESIAN_POINT('',(-0.062417765095642,-0.0219753270572398,-0.0544905725781919));
#5203=CARTESIAN_POINT('',(-0.0616189539366744,-0.0220419937239065,-0.0532883936956448));
#5204=CARTESIAN_POINT('',(-0.0622606658093697,-0.0221086603905731,-0.0519955134978788));
#5205=CARTESIAN_POINT('',(-0.062902377682065,-0.0221753270572398,-0.0507026333001129));
#5206=CARTESIAN_POINT('',(-0.0643429007137278,-0.0222419937239065,-0.0506119319848941));
#5207=CARTESIAN_POINT('',(-0.0657834237453906,-0.0223086603905732,-0.0505212306696754));
#5208=CARTESIAN_POINT('',(-0.0665822349043581,-0.0223753270572398,-0.0517234095522225));
#5209=CARTESIAN_POINT('',(-0.0673810460633256,-0.0224419937239065,-0.0529255884347696));
#5210=CARTESIAN_POINT('',(-0.0667393341906303,-0.0225086603905731,-0.0542184686325356));
#5211=CARTESIAN_POINT('',(-0.066097622317935,-0.0225753270572398,-0.0555113488303015));
#5212=CARTESIAN_POINT('',(-0.0646570992862722,-0.0226419937239065,-0.0556020501455203));
#5213=CARTESIAN_POINT('',(-0.0632165762546094,-0.0227086603905731,-0.0556927514607391));
#5214=CARTESIAN_POINT('',(-0.062417765095642,-0.0227753270572398,-0.0544905725781919));
#5215=CARTESIAN_POINT('',(-0.0616189539366744,-0.0228419937239065,-0.0532883936956448));
#5216=CARTESIAN_POINT('',(-0.0622606658093697,-0.0229086603905732,-0.0519955134978788));
#5217=CARTESIAN_POINT('',(-0.062902377682065,-0.0229753270572398,-0.0507026333001129));
#5218=CARTESIAN_POINT('',(-0.0643429007137278,-0.0230419937239065,-0.0506119319848941));
#5219=CARTESIAN_POINT('',(-0.0657834237453906,-0.0231086603905732,-0.0505212306696754));
#5220=CARTESIAN_POINT('',(-0.0665822349043581,-0.0231753270572398,-0.0517234095522225));
#5221=CARTESIAN_POINT('',(-0.0673810460633256,-0.0232419937239065,-0.0529255884347696));
#5222=CARTESIAN_POINT('',(-0.0667393341906303,-0.0233086603905731,-0.0542184686325356));
#5223=CARTESIAN_POINT('',(-0.066097622317935,-0.0233753270572398,-0.0555113488303015));
#5224=CARTESIAN_POINT('',(-0.0646570992862722,-0.0234419937239065,-0.0556020501455203));
#5225=CARTESIAN_POINT('',(-0.0632165762546094,-0.0235086603905731,-0.0556927514607391));
#5226=CARTESIAN_POINT('',(-0.062417765095642,-0.0235753270572398,-0.0544905725781919));
#5227=CARTESIAN_POINT('',(-0.0618053311563151,-0.0236264391740776,-0.0535688839656224));
#5228=CARTESIAN_POINT('',(-0.0620758496647772,-0.023682647994311,-0.0524958485677164));
#5229=CARTESIAN_POINT('',(-0.066549885753404,0.0236826147946036,-0.053372330260447));
#5230=CARTESIAN_POINT('',(-0.0665054313928499,0.023660685214971,-0.0537157637297999));
#5231=CARTESIAN_POINT('',(-0.0663514701313005,0.0236413396094269,-0.054025955070727));
#5232=CARTESIAN_POINT('',(-0.0658209060153381,0.0235746729427602,-0.0550949018494299));
#5233=CARTESIAN_POINT('',(-0.0646298888917066,0.0235080062760935,-0.0551698932360215));
#5234=CARTESIAN_POINT('',(-0.0634388717680751,0.0234413396094269,-0.055244884622613));
#5235=CARTESIAN_POINT('',(-0.0627784187604061,0.0233746729427602,-0.0542509292305017));
#5236=CARTESIAN_POINT('',(-0.0621179657527371,0.0233080062760935,-0.0532569738383903));
#5237=CARTESIAN_POINT('',(-0.0626485298686995,0.0232413396094269,-0.0521880270596874));
#5238=CARTESIAN_POINT('',(-0.063179093984662,0.0231746729427602,-0.0511190802809845));
#5239=CARTESIAN_POINT('',(-0.0643701111082934,0.0231080062760935,-0.051044088894393));
#5240=CARTESIAN_POINT('',(-0.0655611282319249,0.0230413396094268,-0.0509690975078014));
#5241=CARTESIAN_POINT('',(-0.0662215812395939,0.0229746729427601,-0.0519630528999128));
#5242=CARTESIAN_POINT('',(-0.066882034247263,0.0229080062760935,-0.0529570082920242));
#5243=CARTESIAN_POINT('',(-0.0663514701313005,0.0228413396094269,-0.054025955070727));
#5244=CARTESIAN_POINT('',(-0.0658209060153381,0.0227746729427602,-0.0550949018494299));
#5245=CARTESIAN_POINT('',(-0.0646298888917066,0.0227080062760935,-0.0551698932360215));
#5246=CARTESIAN_POINT('',(-0.0634388717680751,0.0226413396094269,-0.055244884622613));
#5247=CARTESIAN_POINT('',(-0.0627784187604061,0.0225746729427601,-0.0542509292305017));
#5248=CARTESIAN_POINT('',(-0.0621179657527371,0.0225080062760935,-0.0532569738383903));
#5249=CARTESIAN_POINT('',(-0.0626485298686995,0.0224413396094269,-0.0521880270596874));
#5250=CARTESIAN_POINT('',(-0.063179093984662,0.0223746729427602,-0.0511190802809845));
#5251=CARTESIAN_POINT('',(-0.0643701111082934,0.0223080062760935,-0.051044088894393));
#5252=CARTESIAN_POINT('',(-0.0655611282319249,0.0222413396094268,-0.0509690975078014));
#5253=CARTESIAN_POINT('',(-0.0662215812395939,0.0221746729427602,-0.0519630528999128));
#5254=CARTESIAN_POINT('',(-0.066882034247263,0.0221080062760935,-0.0529570082920242));
#5255=CARTESIAN_POINT('',(-0.0663514701313005,0.0220413396094269,-0.054025955070727));
#5256=CARTESIAN_POINT('',(-0.0658209060153381,0.0219746729427602,-0.0550949018494299));
#5257=CARTESIAN_POINT('',(-0.0646298888917066,0.0219080062760935,-0.0551698932360215));
#5258=CARTESIAN_POINT('',(-0.0634388717680751,0.0218413396094269,-0.055244884622613));
#5259=CARTESIAN_POINT('',(-0.0627784187604061,0.0217746729427601,-0.0542509292305017));
#5260=CARTESIAN_POINT('',(-0.0621179657527371,0.0217080062760935,-0.0532569738383903));
#5261=CARTESIAN_POINT('',(-0.0626485298686995,0.0216413396094269,-0.0521880270596874));
#5262=CARTESIAN_POINT('',(-0.063179093984662,0.0215746729427602,-0.0511190802809845));
#5263=CARTESIAN_POINT('',(-0.0643701111082934,0.0215080062760935,-0.051044088894393));
#5264=CARTESIAN_POINT('',(-0.0655611282319249,0.0214413396094268,-0.0509690975078014));
#5265=CARTESIAN_POINT('',(-0.0662215812395939,0.0213746729427601,-0.0519630528999128));
#5266=CARTESIAN_POINT('',(-0.066882034247263,0.0213080062760935,-0.0529570082920242));
#5267=CARTESIAN_POINT('',(-0.0663514701313005,0.0212413396094269,-0.054025955070727));
#5268=CARTESIAN_POINT('',(-0.0658209060153381,0.0211746729427602,-0.0550949018494299));
#5269=CARTESIAN_POINT('',(-0.0646298888917066,0.0211080062760935,-0.0551698932360215));
#5270=CARTESIAN_POINT('',(-0.0634388717680751,0.0210413396094269,-0.055244884622613));
#5271=CARTESIAN_POINT('',(-0.0627784187604061,0.0209746729427602,-0.0542509292305017));
#5272=CARTESIAN_POINT('',(-0.0621179657527371,0.0209080062760935,-0.0532569738383903));
#5273=CARTESIAN_POINT('',(-0.0626485298686995,0.0208413396094269,-0.0521880270596874));
#5274=CARTESIAN_POINT('',(-0.063179093984662,0.0207746729427602,-0.0511190802809845));
#5275=CARTESIAN_POINT('',(-0.0643701111082934,0.0207080062760935,-0.051044088894393));
#5276=CARTESIAN_POINT('',(-0.0655611282319249,0.0206413396094268,-0.0509690975078014));
#5277=CARTESIAN_POINT('',(-0.0662215812395939,0.0205746729427601,-0.0519630528999128));
#5278=CARTESIAN_POINT('',(-0.066882034247263,0.0205080062760935,-0.0529570082920242));
#5279=CARTESIAN_POINT('',(-0.0663514701313005,0.0204413396094269,-0.054025955070727));
#5280=CARTESIAN_POINT('',(-0.0658209060153381,0.0203746729427602,-0.0550949018494299));
#5281=CARTESIAN_POINT('',(-0.0646298888917066,0.0203080062760935,-0.0551698932360215));
#5282=CARTESIAN_POINT('',(-0.0634388717680751,0.0202413396094269,-0.055244884622613));
#5283=CARTESIAN_POINT('',(-0.0627784187604061,0.0201746729427601,-0.0542509292305017));
#5284=CARTESIAN_POINT('',(-0.0621179657527371,0.0201080062760935,-0.0532569738383903));
#5285=CARTESIAN_POINT('',(-0.0626485298686995,0.0200413396094269,-0.0521880270596874));
#5286=CARTESIAN_POINT('',(-0.063179093984662,0.0199746729427602,-0.0511190802809845));
#5287=CARTESIAN_POINT('',(-0.0643701111082934,0.0199080062760935,-0.051044088894393));
#5288=CARTESIAN_POINT('',(-0.0655611282319249,0.0198413396094268,-0.0509690975078014));
#5289=CARTESIAN_POINT('',(-0.0662215812395939,0.0197746729427602,-0.0519630528999128));
#5290=CARTESIAN_POINT('',(-0.066882034247263,0.0197080062760935,-0.0529570082920242));
#5291=CARTESIAN_POINT('',(-0.0663514701313005,0.0196413396094268,-0.054025955070727));
#5292=CARTESIAN_POINT('',(-0.0658209060153381,0.0195746729427602,-0.0550949018494299));
#5293=CARTESIAN_POINT('',(-0.0646298888917066,0.0195080062760935,-0.0551698932360215));
#5294=CARTESIAN_POINT('',(-0.0634388717680751,0.0194413396094269,-0.055244884622613));
#5295=CARTESIAN_POINT('',(-0.0627784187604061,0.0193746729427602,-0.0542509292305017));
#5296=CARTESIAN_POINT('',(-0.0621179657527371,0.0193080062760935,-0.0532569738383903));
#5297=CARTESIAN_POINT('',(-0.0626485298686995,0.0192413396094269,-0.0521880270596874));
#5298=CARTESIAN_POINT('',(-0.063179093984662,0.0191746729427602,-0.0511190802809845));
#5299=CARTESIAN_POINT('',(-0.0643701111082934,0.0191080062760935,-0.051044088894393));
#5300=CARTESIAN_POINT('',(-0.0655611282319249,0.0190413396094268,-0.0509690975078014));
#5301=CARTESIAN_POINT('',(-0.0662215812395939,0.0189746729427601,-0.0519630528999128));
#5302=CARTESIAN_POINT('',(-0.066882034247263,0.0189080062760935,-0.0529570082920242));
#5303=CARTESIAN_POINT('',(-0.0663514701313005,0.0188413396094269,-0.054025955070727));
#5304=CARTESIAN_POINT('',(-0.0658209060153381,0.0187746729427602,-0.0550949018494299));
#5305=CARTESIAN_POINT('',(-0.0646298888917066,0.0187080062760935,-0.0551698932360215));
#5306=CARTESIAN_POINT('',(-0.0634388717680751,0.0186413396094269,-0.055244884622613));
#5307=CARTESIAN_POINT('',(-0.0627784187604061,0.0185746729427601,-0.0542509292305017));
#5308=CARTESIAN_POINT('',(-0.0621179657527371,0.0185080062760935,-0.0532569738383903));
#5309=CARTESIAN_POINT('',(-0.0626485298686995,0.0184413396094269,-0.0521880270596874));
#5310=CARTESIAN_POINT('',(-0.063179093984662,0.0183746729427602,-0.0511190802809845));
#5311=CARTESIAN_POINT('',(-0.0643701111082934,0.0183080062760935,-0.051044088894393));
#5312=CARTESIAN_POINT('',(-0.0655611282319249,0.0182413396094268,-0.0509690975078014));
#5313=CARTESIAN_POINT('',(-0.0662215812395939,0.0181746729427602,-0.0519630528999128));
#5314=CARTESIAN_POINT('',(-0.066882034247263,0.0181080062760935,-0.0529570082920242));
#5315=CARTESIAN_POINT('',(-0.0663514701313005,0.0180413396094269,-0.054025955070727));
#5316=CARTESIAN_POINT('',(-0.0658209060153381,0.0179746729427602,-0.0550949018494299));
#5317=CARTESIAN_POINT('',(-0.0646298888917066,0.0179080062760935,-0.0551698932360215));
#5318=CARTESIAN_POINT('',(-0.0634388717680751,0.0178413396094269,-0.055244884622613));
#5319=CARTESIAN_POINT('',(-0.0627784187604061,0.0177746729427601,-0.0542509292305017));
#5320=CARTESIAN_POINT('',(-0.0621179657527371,0.0177080062760935,-0.0532569738383903));
#5321=CARTESIAN_POINT('',(-0.0626485298686995,0.0176413396094269,-0.0521880270596874));
#5322=CARTESIAN_POINT('',(-0.063179093984662,0.0175746729427602,-0.0511190802809845));
#5323=CARTESIAN_POINT('',(-0.0643701111082934,0.0175080062760935,-0.051044088894393));
#5324=CARTESIAN_POINT('',(-0.0655611282319249,0.0174413396094268,-0.0509690975078014));
#5325=CARTESIAN_POINT('',(-0.0662215812395939,0.0173746729427601,-0.0519630528999128));
#5326=CARTESIAN_POINT('',(-0.066882034247263,0.0173080062760935,-0.0529570082920242));
#5327=CARTESIAN_POINT('',(-0.0663514701313005,0.0172413396094269,-0.054025955070727));
#5328=CARTESIAN_POINT('',(-0.0658209060153381,0.0171746729427602,-0.0550949018494299));
#5329=CARTESIAN_POINT('',(-0.0646298888917066,0.0171080062760935,-0.0551698932360215));
#5330=CARTESIAN_POINT('',(-0.0634388717680751,0.0170413396094268,-0.055244884622613));
#5331=CARTESIAN_POINT('',(-0.0627784187604061,0.0169746729427602,-0.0542509292305017));
#5332=CARTESIAN_POINT('',(-0.0621179657527371,0.0169080062760935,-0.0532569738383903));
#5333=CARTESIAN_POINT('',(-0.0626485298686995,0.0168413396094269,-0.0521880270596874));
#5334=CARTESIAN_POINT('',(-0.063179093984662,0.0167746729427602,-0.0511190802809845));
#5335=CARTESIAN_POINT('',(-0.0643701111082934,0.0167080062760935,-0.051044088894393));
#5336=CARTESIAN_POINT('',(-0.0655611282319249,0.0166413396094268,-0.0509690975078014));
#5337=CARTESIAN_POINT('',(-0.0662215812395939,0.0165746729427601,-0.0519630528999128));
#5338=CARTESIAN_POINT('',(-0.066882034247263,0.0165080062760935,-0.0529570082920242));
#5339=CARTESIAN_POINT('',(-0.0663514701313005,0.0164413396094269,-0.054025955070727));
#5340=CARTESIAN_POINT('',(-0.0658209060153381,0.0163746729427602,-0.0550949018494299));
#5341=CARTESIAN_POINT('',(-0.0646298888917066,0.0163080062760935,-0.0551698932360215));
#5342=CARTESIAN_POINT('',(-0.0634388717680751,0.0162413396094268,-0.055244884622613));
#5343=CARTESIAN_POINT('',(-0.0627784187604061,0.0161746729427601,-0.0542509292305017));
#5344=CARTESIAN_POINT('',(-0.0621179657527371,0.0161080062760935,-0.0532569738383903));
#5345=CARTESIAN_POINT('',(-0.0626485298686995,0.0160413396094269,-0.0521880270596874));
#5346=CARTESIAN_POINT('',(-0.063179093984662,0.0159746729427602,-0.0511190802809845));
#5347=CARTESIAN_POINT('',(-0.0643701111082934,0.0159080062760935,-0.051044088894393));
#5348=CARTESIAN_POINT('',(-0.0655611282319249,0.0158413396094268,-0.0509690975078014));
#5349=CARTESIAN_POINT('',(-0.0662215812395939,0.0157746729427602,-0.0519630528999128));
#5350=CARTESIAN_POINT('',(-0.066882034247263,0.0157080062760935,-0.0529570082920242));
#5351=CARTESIAN_POINT('',(-0.0663514701313005,0.0156413396094269,-0.054025955070727));
#5352=CARTESIAN_POINT('',(-0.0658209060153381,0.0155746729427602,-0.0550949018494299));
#5353=CARTESIAN_POINT('',(-0.0646298888917066,0.0155080062760935,-0.0551698932360215));
#5354=CARTESIAN_POINT('',(-0.0634388717680751,0.0154413396094268,-0.055244884622613));
#5355=CARTESIAN_POINT('',(-0.0627784187604061,0.0153746729427602,-0.0542509292305017));
#5356=CARTESIAN_POINT('',(-0.0621179657527371,0.0153080062760935,-0.0532569738383903));
#5357=CARTESIAN_POINT('',(-0.0626485298686995,0.0152413396094269,-0.0521880270596874));
#5358=CARTESIAN_POINT('',(-0.063179093984662,0.0151746729427601,-0.0511190802809845));
#5359=CARTESIAN_POINT('',(-0.0643701111082934,0.0151080062760935,-0.051044088894393));
#5360=CARTESIAN_POINT('',(-0.0655611282319249,0.0150413396094268,-0.0509690975078014));
#5361=CARTESIAN_POINT('',(-0.0662215812395939,0.0149746729427602,-0.0519630528999128));
#5362=CARTESIAN_POINT('',(-0.066882034247263,0.0149080062760935,-0.0529570082920242));
#5363=CARTESIAN_POINT('',(-0.0663514701313005,0.0148413396094268,-0.054025955070727));
#5364=CARTESIAN_POINT('',(-0.0658209060153381,0.0147746729427602,-0.0550949018494299));
#5365=CARTESIAN_POINT('',(-0.0646298888917066,0.0147080062760935,-0.0551698932360215));
#5366=CARTESIAN_POINT('',(-0.0634388717680751,0.0146413396094268,-0.055244884622613));
#5367=CARTESIAN_POINT('',(-0.0627784187604061,0.0145746729427602,-0.0542509292305017));
#5368=CARTESIAN_POINT('',(-0.0621179657527371,0.0145080062760935,-0.0532569738383903));
#5369=CARTESIAN_POINT('',(-0.0626485298686995,0.0144413396094268,-0.0521880270596874));
#5370=CARTESIAN_POINT('',(-0.063179093984662,0.0143746729427602,-0.0511190802809845));
#5371=CARTESIAN_POINT('',(-0.0643701111082934,0.0143080062760935,-0.051044088894393));
#5372=CARTESIAN_POINT('',(-0.0655611282319249,0.0142413396094268,-0.0509690975078014));
#5373=CARTESIAN_POINT('',(-0.0662215812395939,0.0141746729427602,-0.0519630528999128));
#5374=CARTESIAN_POINT('',(-0.066882034247263,0.0141080062760935,-0.0529570082920242));
#5375=CARTESIAN_POINT('',(-0.0663514701313005,0.0140413396094268,-0.054025955070727));
#5376=CARTESIAN_POINT('',(-0.0658209060153381,0.0139746729427602,-0.0550949018494299));
#5377=CARTESIAN_POINT('',(-0.0646298888917066,0.0139080062760935,-0.0551698932360215));
#5378=CARTESIAN_POINT('',(-0.0634388717680751,0.0138413396094268,-0.055244884622613));
#5379=CARTESIAN_POINT('',(-0.0627784187604061,0.0137746729427602,-0.0542509292305017));
#5380=CARTESIAN_POINT('',(-0.0621179657527371,0.0137080062760935,-0.0532569738383903));
#5381=CARTESIAN_POINT('',(-0.0626485298686995,0.0136413396094268,-0.0521880270596874));
#5382=CARTESIAN_POINT('',(-0.063179093984662,0.0135746729427602,-0.0511190802809845));
#5383=CARTESIAN_POINT('',(-0.0643701111082934,0.0135080062760935,-0.051044088894393));
#5384=CARTESIAN_POINT('',(-0.0655611282319249,0.0134413396094268,-0.0509690975078014));
#5385=CARTESIAN_POINT('',(-0.0662215812395939,0.0133746729427602,-0.0519630528999128));
#5386=CARTESIAN_POINT('',(-0.066882034247263,0.0133080062760935,-0.0529570082920242));
#5387=CARTESIAN_POINT('',(-0.0663514701313005,0.0132413396094268,-0.054025955070727));
#5388=CARTESIAN_POINT('',(-0.0658209060153381,0.0131746729427602,-0.0550949018494299));
#5389=CARTESIAN_POINT('',(-0.0646298888917066,0.0131080062760935,-0.0551698932360215));
#5390=CARTESIAN_POINT('',(-0.0634388717680751,0.0130413396094268,-0.055244884622613));
#5391=CARTESIAN_POINT('',(-0.0627784187604061,0.0129746729427602,-0.0542509292305017));
#5392=CARTESIAN_POINT('',(-0.0621179657527371,0.0129080062760935,-0.0532569738383903));
#5393=CARTESIAN_POINT('',(-0.0626485298686995,0.0128413396094268,-0.0521880270596874));
#5394=CARTESIAN_POINT('',(-0.063179093984662,0.0127746729427602,-0.0511190802809845));
#5395=CARTESIAN_POINT('',(-0.0643701111082934,0.0127080062760935,-0.051044088894393));
#5396=CARTESIAN_POINT('',(-0.0655611282319249,0.0126413396094268,-0.0509690975078014));
#5397=CARTESIAN_POINT('',(-0.0662215812395939,0.0125746729427602,-0.0519630528999128));
#5398=CARTESIAN_POINT('',(-0.066882034247263,0.0125080062760935,-0.0529570082920242));
#5399=CARTESIAN_POINT('',(-0.0663514701313005,0.0124413396094268,-0.054025955070727));
#5400=CARTESIAN_POINT('',(-0.0658209060153381,0.0123746729427602,-0.0550949018494299));
#5401=CARTESIAN_POINT('',(-0.0646298888917066,0.0123080062760935,-0.0551698932360215));
#5402=CARTESIAN_POINT('',(-0.0634388717680751,0.0122413396094268,-0.055244884622613));
#5403=CARTESIAN_POINT('',(-0.0627784187604061,0.0121746729427602,-0.0542509292305017));
#5404=CARTESIAN_POINT('',(-0.0621179657527371,0.0121080062760935,-0.0532569738383903));
#5405=CARTESIAN_POINT('',(-0.0626485298686995,0.0120413396094268,-0.0521880270596874));
#5406=CARTESIAN_POINT('',(-0.063179093984662,0.0119746729427602,-0.0511190802809845));
#5407=CARTESIAN_POINT('',(-0.0643701111082934,0.0119080062760935,-0.051044088894393));
#5408=CARTESIAN_POINT('',(-0.0655611282319249,0.0118413396094268,-0.0509690975078014));
#5409=CARTESIAN_POINT('',(-0.0662215812395939,0.0117746729427602,-0.0519630528999128));
#5410=CARTESIAN_POINT('',(-0.066882034247263,0.0117080062760935,-0.0529570082920242));
#5411=CARTESIAN_POINT('',(-0.0663514701313005,0.0116413396094268,-0.054025955070727));
#5412=CARTESIAN_POINT('',(-0.0658209060153381,0.0115746729427602,-0.0550949018494299));
#5413=CARTESIAN_POINT('',(-0.0646298888917066,0.0115080062760935,-0.0551698932360215));
#5414=CARTESIAN_POINT('',(-0.0634388717680751,0.0114413396094268,-0.055244884622613));
#5415=CARTESIAN_POINT('',(-0.0627784187604061,0.0113746729427602,-0.0542509292305017));
#5416=CARTESIAN_POINT('',(-0.0621179657527371,0.0113080062760935,-0.0532569738383903));
#5417=CARTESIAN_POINT('',(-0.0626485298686995,0.0112413396094268,-0.0521880270596874));
#5418=CARTESIAN_POINT('',(-0.063179093984662,0.0111746729427602,-0.0511190802809845));
#5419=CARTESIAN_POINT('',(-0.0643701111082934,0.0111080062760935,-0.051044088894393));
#5420=CARTESIAN_POINT('',(-0.0655611282319249,0.0110413396094268,-0.0509690975078014));
#5421=CARTESIAN_POINT('',(-0.0662215812395939,0.0109746729427602,-0.0519630528999128));
#5422=CARTESIAN_POINT('',(-0.066882034247263,0.0109080062760935,-0.0529570082920242));
#5423=CARTESIAN_POINT('',(-0.0663514701313005,0.0108413396094268,-0.054025955070727));
#5424=CARTESIAN_POINT('',(-0.0658209060153381,0.0107746729427602,-0.0550949018494299));
#5425=CARTESIAN_POINT('',(-0.0646298888917066,0.0107080062760935,-0.0551698932360215));
#5426=CARTESIAN_POINT('',(-0.0634388717680751,0.0106413396094268,-0.055244884622613));
#5427=CARTESIAN_POINT('',(-0.0627784187604061,0.0105746729427602,-0.0542509292305017));
#5428=CARTESIAN_POINT('',(-0.0621179657527371,0.0105080062760935,-0.0532569738383903));
#5429=CARTESIAN_POINT('',(-0.0626485298686995,0.0104413396094268,-0.0521880270596874));
#5430=CARTESIAN_POINT('',(-0.063179093984662,0.0103746729427602,-0.0511190802809845));
#5431=CARTESIAN_POINT('',(-0.0643701111082934,0.0103080062760935,-0.051044088894393));
#5432=CARTESIAN_POINT('',(-0.0655611282319249,0.0102413396094268,-0.0509690975078014));
#5433=CARTESIAN_POINT('',(-0.0662215812395939,0.0101746729427602,-0.0519630528999128));
#5434=CARTESIAN_POINT('',(-0.066882034247263,0.0101080062760935,-0.0529570082920242));
#5435=CARTESIAN_POINT('',(-0.0663514701313005,0.0100413396094268,-0.054025955070727));
#5436=CARTESIAN_POINT('',(-0.0658209060153381,0.00997467294276017,-0.0550949018494299));
#5437=CARTESIAN_POINT('',(-0.0646298888917066,0.0099080062760935,-0.0551698932360215));
#5438=CARTESIAN_POINT('',(-0.0634388717680751,0.00984133960942684,-0.055244884622613));
#5439=CARTESIAN_POINT('',(-0.0627784187604061,0.00977467294276017,-0.0542509292305017));
#5440=CARTESIAN_POINT('',(-0.0621179657527371,0.0097080062760935,-0.0532569738383903));
#5441=CARTESIAN_POINT('',(-0.0626485298686995,0.00964133960942684,-0.0521880270596874));
#5442=CARTESIAN_POINT('',(-0.063179093984662,0.00957467294276016,-0.0511190802809845));
#5443=CARTESIAN_POINT('',(-0.0643701111082934,0.0095080062760935,-0.051044088894393));
#5444=CARTESIAN_POINT('',(-0.0655611282319249,0.00944133960942683,-0.0509690975078014));
#5445=CARTESIAN_POINT('',(-0.0662215812395939,0.00937467294276017,-0.0519630528999128));
#5446=CARTESIAN_POINT('',(-0.066882034247263,0.00930800627609351,-0.0529570082920242));
#5447=CARTESIAN_POINT('',(-0.0663514701313005,0.00924133960942683,-0.054025955070727));
#5448=CARTESIAN_POINT('',(-0.0658209060153381,0.00917467294276017,-0.0550949018494299));
#5449=CARTESIAN_POINT('',(-0.0646298888917066,0.0091080062760935,-0.0551698932360215));
#5450=CARTESIAN_POINT('',(-0.0634388717680751,0.00904133960942684,-0.055244884622613));
#5451=CARTESIAN_POINT('',(-0.0627784187604061,0.00897467294276017,-0.0542509292305017));
#5452=CARTESIAN_POINT('',(-0.0621179657527371,0.0089080062760935,-0.0532569738383903));
#5453=CARTESIAN_POINT('',(-0.0626485298686995,0.00884133960942684,-0.0521880270596874));
#5454=CARTESIAN_POINT('',(-0.063179093984662,0.00877467294276016,-0.0511190802809845));
#5455=CARTESIAN_POINT('',(-0.0643701111082934,0.0087080062760935,-0.051044088894393));
#5456=CARTESIAN_POINT('',(-0.0655611282319249,0.00864133960942683,-0.0509690975078014));
#5457=CARTESIAN_POINT('',(-0.0662215812395939,0.00857467294276017,-0.0519630528999128));
#5458=CARTESIAN_POINT('',(-0.066882034247263,0.0085080062760935,-0.0529570082920242));
#5459=CARTESIAN_POINT('',(-0.0663514701313005,0.00844133960942684,-0.054025955070727));
#5460=CARTESIAN_POINT('',(-0.0658209060153381,0.00837467294276017,-0.0550949018494299));
#5461=CARTESIAN_POINT('',(-0.0646298888917066,0.0083080062760935,-0.0551698932360215));
#5462=CARTESIAN_POINT('',(-0.0634388717680751,0.00824133960942683,-0.055244884622613));
#5463=CARTESIAN_POINT('',(-0.0627784187604061,0.00817467294276017,-0.0542509292305017));
#5464=CARTESIAN_POINT('',(-0.0621179657527371,0.0081080062760935,-0.0532569738383903));
#5465=CARTESIAN_POINT('',(-0.0626485298686995,0.00804133960942684,-0.0521880270596874));
#5466=CARTESIAN_POINT('',(-0.063179093984662,0.00797467294276016,-0.0511190802809845));
#5467=CARTESIAN_POINT('',(-0.0643701111082934,0.0079080062760935,-0.051044088894393));
#5468=CARTESIAN_POINT('',(-0.0655611282319249,0.00784133960942684,-0.0509690975078014));
#5469=CARTESIAN_POINT('',(-0.0662215812395939,0.00777467294276017,-0.0519630528999128));
#5470=CARTESIAN_POINT('',(-0.066882034247263,0.00770800627609351,-0.0529570082920242));
#5471=CARTESIAN_POINT('',(-0.0663514701313005,0.00764133960942684,-0.054025955070727));
#5472=CARTESIAN_POINT('',(-0.0658209060153381,0.00757467294276017,-0.0550949018494299));
#5473=CARTESIAN_POINT('',(-0.0646298888917066,0.0075080062760935,-0.0551698932360215));
#5474=CARTESIAN_POINT('',(-0.0634388717680751,0.00744133960942683,-0.055244884622613));
#5475=CARTESIAN_POINT('',(-0.0627784187604061,0.00737467294276017,-0.0542509292305017));
#5476=CARTESIAN_POINT('',(-0.0621179657527371,0.0073080062760935,-0.0532569738383903));
#5477=CARTESIAN_POINT('',(-0.0626485298686995,0.00724133960942684,-0.0521880270596874));
#5478=CARTESIAN_POINT('',(-0.063179093984662,0.00717467294276018,-0.0511190802809845));
#5479=CARTESIAN_POINT('',(-0.0643701111082934,0.0071080062760935,-0.051044088894393));
#5480=CARTESIAN_POINT('',(-0.0655611282319249,0.00704133960942684,-0.0509690975078014));
#5481=CARTESIAN_POINT('',(-0.0662215812395939,0.00697467294276017,-0.0519630528999128));
#5482=CARTESIAN_POINT('',(-0.066882034247263,0.0069080062760935,-0.0529570082920242));
#5483=CARTESIAN_POINT('',(-0.0663514701313005,0.00684133960942684,-0.054025955070727));
#5484=CARTESIAN_POINT('',(-0.0658209060153381,0.00677467294276017,-0.0550949018494299));
#5485=CARTESIAN_POINT('',(-0.0646298888917066,0.00670800627609351,-0.0551698932360215));
#5486=CARTESIAN_POINT('',(-0.0634388717680751,0.00664133960942683,-0.055244884622613));
#5487=CARTESIAN_POINT('',(-0.0627784187604061,0.00657467294276017,-0.0542509292305017));
#5488=CARTESIAN_POINT('',(-0.0621179657527371,0.0065080062760935,-0.0532569738383903));
#5489=CARTESIAN_POINT('',(-0.0626485298686995,0.00644133960942684,-0.0521880270596874));
#5490=CARTESIAN_POINT('',(-0.063179093984662,0.00637467294276017,-0.0511190802809845));
#5491=CARTESIAN_POINT('',(-0.0643701111082934,0.0063080062760935,-0.051044088894393));
#5492=CARTESIAN_POINT('',(-0.0655611282319249,0.00624133960942684,-0.0509690975078014));
#5493=CARTESIAN_POINT('',(-0.0662215812395939,0.00617467294276017,-0.0519630528999128));
#5494=CARTESIAN_POINT('',(-0.066882034247263,0.0061080062760935,-0.0529570082920242));
#5495=CARTESIAN_POINT('',(-0.0663514701313005,0.00604133960942684,-0.054025955070727));
#5496=CARTESIAN_POINT('',(-0.0658209060153381,0.00597467294276017,-0.0550949018494299));
#5497=CARTESIAN_POINT('',(-0.0646298888917066,0.0059080062760935,-0.0551698932360215));
#5498=CARTESIAN_POINT('',(-0.0634388717680751,0.00584133960942683,-0.055244884622613));
#5499=CARTESIAN_POINT('',(-0.0627784187604061,0.00577467294276017,-0.0542509292305017));
#5500=CARTESIAN_POINT('',(-0.0621179657527371,0.00570800627609351,-0.0532569738383903));
#5501=CARTESIAN_POINT('',(-0.0626485298686995,0.00564133960942684,-0.0521880270596874));
#5502=CARTESIAN_POINT('',(-0.063179093984662,0.00557467294276017,-0.0511190802809845));
#5503=CARTESIAN_POINT('',(-0.0643701111082934,0.00550800627609351,-0.051044088894393));
#5504=CARTESIAN_POINT('',(-0.0655611282319249,0.00544133960942684,-0.0509690975078014));
#5505=CARTESIAN_POINT('',(-0.0662215812395939,0.00537467294276017,-0.0519630528999128));
#5506=CARTESIAN_POINT('',(-0.066882034247263,0.0053080062760935,-0.0529570082920242));
#5507=CARTESIAN_POINT('',(-0.0663514701313005,0.00524133960942684,-0.054025955070727));
#5508=CARTESIAN_POINT('',(-0.0658209060153381,0.00517467294276017,-0.0550949018494299));
#5509=CARTESIAN_POINT('',(-0.0646298888917066,0.0051080062760935,-0.0551698932360215));
#5510=CARTESIAN_POINT('',(-0.0634388717680751,0.00504133960942683,-0.055244884622613));
#5511=CARTESIAN_POINT('',(-0.0627784187604061,0.00497467294276017,-0.0542509292305017));
#5512=CARTESIAN_POINT('',(-0.0621179657527371,0.0049080062760935,-0.0532569738383903));
#5513=CARTESIAN_POINT('',(-0.0626485298686995,0.00484133960942684,-0.0521880270596874));
#5514=CARTESIAN_POINT('',(-0.063179093984662,0.00477467294276017,-0.0511190802809845));
#5515=CARTESIAN_POINT('',(-0.0643701111082934,0.0047080062760935,-0.051044088894393));
#5516=CARTESIAN_POINT('',(-0.0655611282319249,0.00464133960942683,-0.0509690975078014));
#5517=CARTESIAN_POINT('',(-0.0662215812395939,0.00457467294276017,-0.0519630528999128));
#5518=CARTESIAN_POINT('',(-0.066882034247263,0.0045080062760935,-0.0529570082920242));
#5519=CARTESIAN_POINT('',(-0.0663514701313005,0.00444133960942684,-0.054025955070727));
#5520=CARTESIAN_POINT('',(-0.0658209060153381,0.00437467294276017,-0.0550949018494299));
#5521=CARTESIAN_POINT('',(-0.0646298888917066,0.00430800627609351,-0.0551698932360215));
#5522=CARTESIAN_POINT('',(-0.0634388717680751,0.00424133960942683,-0.055244884622613));
#5523=CARTESIAN_POINT('',(-0.0627784187604061,0.00417467294276017,-0.0542509292305017));
#5524=CARTESIAN_POINT('',(-0.0621179657527371,0.0041080062760935,-0.0532569738383903));
#5525=CARTESIAN_POINT('',(-0.0626485298686995,0.00404133960942684,-0.0521880270596874));
#5526=CARTESIAN_POINT('',(-0.063179093984662,0.00397467294276017,-0.0511190802809845));
#5527=CARTESIAN_POINT('',(-0.0643701111082934,0.00390800627609351,-0.051044088894393));
#5528=CARTESIAN_POINT('',(-0.0655611282319249,0.00384133960942684,-0.0509690975078014));
#5529=CARTESIAN_POINT('',(-0.0662215812395939,0.00377467294276017,-0.0519630528999128));
#5530=CARTESIAN_POINT('',(-0.066882034247263,0.0037080062760935,-0.0529570082920242));
#5531=CARTESIAN_POINT('',(-0.0663514701313005,0.00364133960942684,-0.054025955070727));
#5532=CARTESIAN_POINT('',(-0.0658209060153381,0.00357467294276017,-0.0550949018494299));
#5533=CARTESIAN_POINT('',(-0.0646298888917066,0.0035080062760935,-0.0551698932360215));
#5534=CARTESIAN_POINT('',(-0.0634388717680751,0.00344133960942683,-0.055244884622613));
#5535=CARTESIAN_POINT('',(-0.0627784187604061,0.00337467294276017,-0.0542509292305017));
#5536=CARTESIAN_POINT('',(-0.0621179657527371,0.0033080062760935,-0.0532569738383903));
#5537=CARTESIAN_POINT('',(-0.0626485298686995,0.00324133960942684,-0.0521880270596874));
#5538=CARTESIAN_POINT('',(-0.063179093984662,0.00317467294276017,-0.0511190802809845));
#5539=CARTESIAN_POINT('',(-0.0643701111082934,0.0031080062760935,-0.051044088894393));
#5540=CARTESIAN_POINT('',(-0.0655611282319249,0.00304133960942683,-0.0509690975078014));
#5541=CARTESIAN_POINT('',(-0.0662215812395939,0.00297467294276017,-0.0519630528999128));
#5542=CARTESIAN_POINT('',(-0.066882034247263,0.0029080062760935,-0.0529570082920242));
#5543=CARTESIAN_POINT('',(-0.0663514701313005,0.00284133960942683,-0.054025955070727));
#5544=CARTESIAN_POINT('',(-0.0658209060153381,0.00277467294276017,-0.0550949018494299));
#5545=CARTESIAN_POINT('',(-0.0646298888917066,0.00270800627609351,-0.0551698932360215));
#5546=CARTESIAN_POINT('',(-0.0634388717680751,0.00264133960942684,-0.055244884622613));
#5547=CARTESIAN_POINT('',(-0.0627784187604061,0.00257467294276017,-0.0542509292305017));
#5548=CARTESIAN_POINT('',(-0.0621179657527371,0.0025080062760935,-0.0532569738383903));
#5549=CARTESIAN_POINT('',(-0.0626485298686995,0.00244133960942684,-0.0521880270596874));
#5550=CARTESIAN_POINT('',(-0.063179093984662,0.00237467294276017,-0.0511190802809845));
#5551=CARTESIAN_POINT('',(-0.0643701111082934,0.0023080062760935,-0.051044088894393));
#5552=CARTESIAN_POINT('',(-0.0655611282319249,0.00224133960942683,-0.0509690975078014));
#5553=CARTESIAN_POINT('',(-0.0662215812395939,0.00217467294276017,-0.0519630528999128));
#5554=CARTESIAN_POINT('',(-0.066882034247263,0.00210800627609351,-0.0529570082920242));
#5555=CARTESIAN_POINT('',(-0.0663514701313005,0.00204133960942684,-0.054025955070727));
#5556=CARTESIAN_POINT('',(-0.0658209060153381,0.00197467294276017,-0.0550949018494299));
#5557=CARTESIAN_POINT('',(-0.0646298888917066,0.00190800627609351,-0.0551698932360215));
#5558=CARTESIAN_POINT('',(-0.0634388717680751,0.00184133960942683,-0.055244884622613));
#5559=CARTESIAN_POINT('',(-0.0627784187604061,0.00177467294276017,-0.0542509292305017));
#5560=CARTESIAN_POINT('',(-0.0621179657527371,0.0017080062760935,-0.0532569738383903));
#5561=CARTESIAN_POINT('',(-0.0626485298686995,0.00164133960942684,-0.0521880270596874));
#5562=CARTESIAN_POINT('',(-0.063179093984662,0.00157467294276017,-0.0511190802809845));
#5563=CARTESIAN_POINT('',(-0.0643701111082934,0.00150800627609351,-0.051044088894393));
#5564=CARTESIAN_POINT('',(-0.0655611282319249,0.00144133960942684,-0.0509690975078014));
#5565=CARTESIAN_POINT('',(-0.0662215812395939,0.00137467294276017,-0.0519630528999128));
#5566=CARTESIAN_POINT('',(-0.066882034247263,0.0013080062760935,-0.0529570082920242));
#5567=CARTESIAN_POINT('',(-0.0663514701313005,0.00124133960942684,-0.054025955070727));
#5568=CARTESIAN_POINT('',(-0.0658209060153381,0.00117467294276017,-0.0550949018494299));
#5569=CARTESIAN_POINT('',(-0.0646298888917066,0.0011080062760935,-0.0551698932360215));
#5570=CARTESIAN_POINT('',(-0.0634388717680751,0.00104133960942684,-0.055244884622613));
#5571=CARTESIAN_POINT('',(-0.0627784187604061,0.000974672942760171,-0.0542509292305017));
#5572=CARTESIAN_POINT('',(-0.0621179657527371,0.000908006276093505,-0.0532569738383903));
#5573=CARTESIAN_POINT('',(-0.0626485298686995,0.000841339609426835,-0.0521880270596874));
#5574=CARTESIAN_POINT('',(-0.063179093984662,0.00077467294276017,-0.0511190802809845));
#5575=CARTESIAN_POINT('',(-0.0643701111082934,0.000708006276093503,-0.051044088894393));
#5576=CARTESIAN_POINT('',(-0.0655611282319249,0.000641339609426835,-0.0509690975078014));
#5577=CARTESIAN_POINT('',(-0.0662215812395939,0.00057467294276017,-0.0519630528999128));
#5578=CARTESIAN_POINT('',(-0.066882034247263,0.000508006276093503,-0.0529570082920242));
#5579=CARTESIAN_POINT('',(-0.0663514701313005,0.000441339609426838,-0.054025955070727));
#5580=CARTESIAN_POINT('',(-0.0658209060153381,0.000374672942760169,-0.0550949018494299));
#5581=CARTESIAN_POINT('',(-0.0646298888917066,0.000308006276093505,-0.0551698932360215));
#5582=CARTESIAN_POINT('',(-0.0634388717680751,0.000241339609426834,-0.055244884622613));
#5583=CARTESIAN_POINT('',(-0.0627784187604061,0.00017467294276017,-0.0542509292305017));
#5584=CARTESIAN_POINT('',(-0.0621179657527371,0.000108006276093503,-0.0532569738383903));
#5585=CARTESIAN_POINT('',(-0.0626485298686995,4.13396094268367E-5,-0.0521880270596874));
#5586=CARTESIAN_POINT('',(-0.063179093984662,-2.53270572398323E-5,-0.0511190802809845));
#5587=CARTESIAN_POINT('',(-0.0643701111082934,-9.19937239064958E-5,-0.051044088894393));
#5588=CARTESIAN_POINT('',(-0.0655611282319249,-0.000158660390573163,-0.0509690975078014));
#5589=CARTESIAN_POINT('',(-0.0662215812395939,-0.000225327057239829,-0.0519630528999128));
#5590=CARTESIAN_POINT('',(-0.066882034247263,-0.000291993723906498,-0.0529570082920242));
#5591=CARTESIAN_POINT('',(-0.0663514701313005,-0.000358660390573165,-0.054025955070727));
#5592=CARTESIAN_POINT('',(-0.0658209060153381,-0.000425327057239834,-0.0550949018494299));
#5593=CARTESIAN_POINT('',(-0.0646298888917066,-0.000491993723906497,-0.0551698932360215));
#5594=CARTESIAN_POINT('',(-0.0634388717680751,-0.000558660390573164,-0.055244884622613));
#5595=CARTESIAN_POINT('',(-0.0627784187604061,-0.000625327057239829,-0.0542509292305017));
#5596=CARTESIAN_POINT('',(-0.0621179657527371,-0.000691993723906495,-0.0532569738383903));
#5597=CARTESIAN_POINT('',(-0.0626485298686995,-0.000758660390573162,-0.0521880270596874));
#5598=CARTESIAN_POINT('',(-0.063179093984662,-0.000825327057239831,-0.0511190802809845));
#5599=CARTESIAN_POINT('',(-0.0643701111082934,-0.000891993723906498,-0.051044088894393));
#5600=CARTESIAN_POINT('',(-0.0655611282319249,-0.000958660390573165,-0.0509690975078014));
#5601=CARTESIAN_POINT('',(-0.0662215812395939,-0.00102532705723983,-0.0519630528999128));
#5602=CARTESIAN_POINT('',(-0.066882034247263,-0.0010919937239065,-0.0529570082920242));
#5603=CARTESIAN_POINT('',(-0.0663514701313005,-0.00115866039057316,-0.054025955070727));
#5604=CARTESIAN_POINT('',(-0.0658209060153381,-0.00122532705723983,-0.0550949018494299));
#5605=CARTESIAN_POINT('',(-0.0646298888917066,-0.0012919937239065,-0.0551698932360215));
#5606=CARTESIAN_POINT('',(-0.0634388717680751,-0.00135866039057316,-0.055244884622613));
#5607=CARTESIAN_POINT('',(-0.0627784187604061,-0.00142532705723983,-0.0542509292305017));
#5608=CARTESIAN_POINT('',(-0.0621179657527371,-0.0014919937239065,-0.0532569738383903));
#5609=CARTESIAN_POINT('',(-0.0626485298686995,-0.00155866039057317,-0.0521880270596874));
#5610=CARTESIAN_POINT('',(-0.063179093984662,-0.00162532705723983,-0.0511190802809845));
#5611=CARTESIAN_POINT('',(-0.0643701111082934,-0.0016919937239065,-0.051044088894393));
#5612=CARTESIAN_POINT('',(-0.0655611282319249,-0.00175866039057317,-0.0509690975078014));
#5613=CARTESIAN_POINT('',(-0.0662215812395939,-0.00182532705723983,-0.0519630528999128));
#5614=CARTESIAN_POINT('',(-0.066882034247263,-0.00189199372390649,-0.0529570082920242));
#5615=CARTESIAN_POINT('',(-0.0663514701313005,-0.00195866039057316,-0.054025955070727));
#5616=CARTESIAN_POINT('',(-0.0658209060153381,-0.00202532705723983,-0.0550949018494299));
#5617=CARTESIAN_POINT('',(-0.0646298888917066,-0.0020919937239065,-0.0551698932360215));
#5618=CARTESIAN_POINT('',(-0.0634388717680751,-0.00215866039057317,-0.055244884622613));
#5619=CARTESIAN_POINT('',(-0.0627784187604061,-0.00222532705723983,-0.0542509292305017));
#5620=CARTESIAN_POINT('',(-0.0621179657527371,-0.0022919937239065,-0.0532569738383903));
#5621=CARTESIAN_POINT('',(-0.0626485298686995,-0.00235866039057317,-0.0521880270596874));
#5622=CARTESIAN_POINT('',(-0.063179093984662,-0.00242532705723983,-0.0511190802809845));
#5623=CARTESIAN_POINT('',(-0.0643701111082934,-0.00249199372390649,-0.051044088894393));
#5624=CARTESIAN_POINT('',(-0.0655611282319249,-0.00255866039057316,-0.0509690975078014));
#5625=CARTESIAN_POINT('',(-0.0662215812395939,-0.00262532705723983,-0.0519630528999128));
#5626=CARTESIAN_POINT('',(-0.066882034247263,-0.0026919937239065,-0.0529570082920242));
#5627=CARTESIAN_POINT('',(-0.0663514701313005,-0.00275866039057317,-0.054025955070727));
#5628=CARTESIAN_POINT('',(-0.0658209060153381,-0.00282532705723983,-0.0550949018494299));
#5629=CARTESIAN_POINT('',(-0.0646298888917066,-0.00289199372390649,-0.0551698932360215));
#5630=CARTESIAN_POINT('',(-0.0634388717680751,-0.00295866039057316,-0.055244884622613));
#5631=CARTESIAN_POINT('',(-0.0627784187604061,-0.00302532705723983,-0.0542509292305017));
#5632=CARTESIAN_POINT('',(-0.0621179657527371,-0.00309199372390649,-0.0532569738383903));
#5633=CARTESIAN_POINT('',(-0.0626485298686995,-0.00315866039057317,-0.0521880270596874));
#5634=CARTESIAN_POINT('',(-0.063179093984662,-0.00322532705723983,-0.0511190802809845));
#5635=CARTESIAN_POINT('',(-0.0643701111082934,-0.0032919937239065,-0.051044088894393));
#5636=CARTESIAN_POINT('',(-0.0655611282319249,-0.00335866039057316,-0.0509690975078014));
#5637=CARTESIAN_POINT('',(-0.0662215812395939,-0.00342532705723983,-0.0519630528999128));
#5638=CARTESIAN_POINT('',(-0.066882034247263,-0.0034919937239065,-0.0529570082920242));
#5639=CARTESIAN_POINT('',(-0.0663514701313005,-0.00355866039057317,-0.054025955070727));
#5640=CARTESIAN_POINT('',(-0.0658209060153381,-0.00362532705723983,-0.0550949018494299));
#5641=CARTESIAN_POINT('',(-0.0646298888917066,-0.0036919937239065,-0.0551698932360215));
#5642=CARTESIAN_POINT('',(-0.0634388717680751,-0.00375866039057316,-0.055244884622613));
#5643=CARTESIAN_POINT('',(-0.0627784187604061,-0.00382532705723983,-0.0542509292305017));
#5644=CARTESIAN_POINT('',(-0.0621179657527371,-0.0038919937239065,-0.0532569738383903));
#5645=CARTESIAN_POINT('',(-0.0626485298686995,-0.00395866039057317,-0.0521880270596874));
#5646=CARTESIAN_POINT('',(-0.063179093984662,-0.00402532705723983,-0.0511190802809845));
#5647=CARTESIAN_POINT('',(-0.0643701111082934,-0.0040919937239065,-0.051044088894393));
#5648=CARTESIAN_POINT('',(-0.0655611282319249,-0.00415866039057316,-0.0509690975078014));
#5649=CARTESIAN_POINT('',(-0.0662215812395939,-0.00422532705723983,-0.0519630528999128));
#5650=CARTESIAN_POINT('',(-0.066882034247263,-0.0042919937239065,-0.0529570082920242));
#5651=CARTESIAN_POINT('',(-0.0663514701313005,-0.00435866039057316,-0.054025955070727));
#5652=CARTESIAN_POINT('',(-0.0658209060153381,-0.00442532705723983,-0.0550949018494299));
#5653=CARTESIAN_POINT('',(-0.0646298888917066,-0.0044919937239065,-0.0551698932360215));
#5654=CARTESIAN_POINT('',(-0.0634388717680751,-0.00455866039057316,-0.055244884622613));
#5655=CARTESIAN_POINT('',(-0.0627784187604061,-0.00462532705723983,-0.0542509292305017));
#5656=CARTESIAN_POINT('',(-0.0621179657527371,-0.0046919937239065,-0.0532569738383903));
#5657=CARTESIAN_POINT('',(-0.0626485298686995,-0.00475866039057316,-0.0521880270596874));
#5658=CARTESIAN_POINT('',(-0.063179093984662,-0.00482532705723983,-0.0511190802809845));
#5659=CARTESIAN_POINT('',(-0.0643701111082934,-0.0048919937239065,-0.051044088894393));
#5660=CARTESIAN_POINT('',(-0.0655611282319249,-0.00495866039057317,-0.0509690975078014));
#5661=CARTESIAN_POINT('',(-0.0662215812395939,-0.00502532705723983,-0.0519630528999128));
#5662=CARTESIAN_POINT('',(-0.066882034247263,-0.0050919937239065,-0.0529570082920242));
#5663=CARTESIAN_POINT('',(-0.0663514701313005,-0.00515866039057316,-0.054025955070727));
#5664=CARTESIAN_POINT('',(-0.0658209060153381,-0.00522532705723983,-0.0550949018494299));
#5665=CARTESIAN_POINT('',(-0.0646298888917066,-0.0052919937239065,-0.0551698932360215));
#5666=CARTESIAN_POINT('',(-0.0634388717680751,-0.00535866039057316,-0.055244884622613));
#5667=CARTESIAN_POINT('',(-0.0627784187604061,-0.00542532705723983,-0.0542509292305017));
#5668=CARTESIAN_POINT('',(-0.0621179657527371,-0.0054919937239065,-0.0532569738383903));
#5669=CARTESIAN_POINT('',(-0.0626485298686995,-0.00555866039057316,-0.0521880270596874));
#5670=CARTESIAN_POINT('',(-0.063179093984662,-0.00562532705723983,-0.0511190802809845));
#5671=CARTESIAN_POINT('',(-0.0643701111082934,-0.0056919937239065,-0.051044088894393));
#5672=CARTESIAN_POINT('',(-0.0655611282319249,-0.00575866039057316,-0.0509690975078014));
#5673=CARTESIAN_POINT('',(-0.0662215812395939,-0.00582532705723983,-0.0519630528999128));
#5674=CARTESIAN_POINT('',(-0.066882034247263,-0.00589199372390649,-0.0529570082920242));
#5675=CARTESIAN_POINT('',(-0.0663514701313005,-0.00595866039057316,-0.054025955070727));
#5676=CARTESIAN_POINT('',(-0.0658209060153381,-0.00602532705723983,-0.0550949018494299));
#5677=CARTESIAN_POINT('',(-0.0646298888917066,-0.0060919937239065,-0.0551698932360215));
#5678=CARTESIAN_POINT('',(-0.0634388717680751,-0.00615866039057316,-0.055244884622613));
#5679=CARTESIAN_POINT('',(-0.0627784187604061,-0.00622532705723983,-0.0542509292305017));
#5680=CARTESIAN_POINT('',(-0.0621179657527371,-0.0062919937239065,-0.0532569738383903));
#5681=CARTESIAN_POINT('',(-0.0626485298686995,-0.00635866039057316,-0.0521880270596874));
#5682=CARTESIAN_POINT('',(-0.063179093984662,-0.00642532705723983,-0.0511190802809845));
#5683=CARTESIAN_POINT('',(-0.0643701111082934,-0.0064919937239065,-0.051044088894393));
#5684=CARTESIAN_POINT('',(-0.0655611282319249,-0.00655866039057316,-0.0509690975078014));
#5685=CARTESIAN_POINT('',(-0.0662215812395939,-0.00662532705723983,-0.0519630528999128));
#5686=CARTESIAN_POINT('',(-0.066882034247263,-0.0066919937239065,-0.0529570082920242));
#5687=CARTESIAN_POINT('',(-0.0663514701313005,-0.00675866039057316,-0.054025955070727));
#5688=CARTESIAN_POINT('',(-0.0658209060153381,-0.00682532705723983,-0.0550949018494299));
#5689=CARTESIAN_POINT('',(-0.0646298888917066,-0.0068919937239065,-0.0551698932360215));
#5690=CARTESIAN_POINT('',(-0.0634388717680751,-0.00695866039057316,-0.055244884622613));
#5691=CARTESIAN_POINT('',(-0.0627784187604061,-0.00702532705723983,-0.0542509292305017));
#5692=CARTESIAN_POINT('',(-0.0621179657527371,-0.0070919937239065,-0.0532569738383903));
#5693=CARTESIAN_POINT('',(-0.0626485298686995,-0.00715866039057317,-0.0521880270596874));
#5694=CARTESIAN_POINT('',(-0.063179093984662,-0.00722532705723984,-0.0511190802809845));
#5695=CARTESIAN_POINT('',(-0.0643701111082934,-0.0072919937239065,-0.051044088894393));
#5696=CARTESIAN_POINT('',(-0.0655611282319249,-0.00735866039057316,-0.0509690975078014));
#5697=CARTESIAN_POINT('',(-0.0662215812395939,-0.00742532705723983,-0.0519630528999128));
#5698=CARTESIAN_POINT('',(-0.066882034247263,-0.0074919937239065,-0.0529570082920242));
#5699=CARTESIAN_POINT('',(-0.0663514701313005,-0.00755866039057317,-0.054025955070727));
#5700=CARTESIAN_POINT('',(-0.0658209060153381,-0.00762532705723983,-0.0550949018494299));
#5701=CARTESIAN_POINT('',(-0.0646298888917066,-0.0076919937239065,-0.0551698932360215));
#5702=CARTESIAN_POINT('',(-0.0634388717680751,-0.00775866039057317,-0.055244884622613));
#5703=CARTESIAN_POINT('',(-0.0627784187604061,-0.00782532705723983,-0.0542509292305017));
#5704=CARTESIAN_POINT('',(-0.0621179657527371,-0.00789199372390649,-0.0532569738383903));
#5705=CARTESIAN_POINT('',(-0.0626485298686995,-0.00795866039057316,-0.0521880270596874));
#5706=CARTESIAN_POINT('',(-0.063179093984662,-0.00802532705723983,-0.0511190802809845));
#5707=CARTESIAN_POINT('',(-0.0643701111082934,-0.0080919937239065,-0.051044088894393));
#5708=CARTESIAN_POINT('',(-0.0655611282319249,-0.00815866039057316,-0.0509690975078014));
#5709=CARTESIAN_POINT('',(-0.0662215812395939,-0.00822532705723983,-0.0519630528999128));
#5710=CARTESIAN_POINT('',(-0.066882034247263,-0.0082919937239065,-0.0529570082920242));
#5711=CARTESIAN_POINT('',(-0.0663514701313005,-0.00835866039057316,-0.054025955070727));
#5712=CARTESIAN_POINT('',(-0.0658209060153381,-0.00842532705723983,-0.0550949018494299));
#5713=CARTESIAN_POINT('',(-0.0646298888917066,-0.00849199372390649,-0.0551698932360215));
#5714=CARTESIAN_POINT('',(-0.0634388717680751,-0.00855866039057317,-0.055244884622613));
#5715=CARTESIAN_POINT('',(-0.0627784187604061,-0.00862532705723983,-0.0542509292305017));
#5716=CARTESIAN_POINT('',(-0.0621179657527371,-0.0086919937239065,-0.0532569738383903));
#5717=CARTESIAN_POINT('',(-0.0626485298686995,-0.00875866039057317,-0.0521880270596874));
#5718=CARTESIAN_POINT('',(-0.063179093984662,-0.00882532705723983,-0.0511190802809845));
#5719=CARTESIAN_POINT('',(-0.0643701111082934,-0.0088919937239065,-0.051044088894393));
#5720=CARTESIAN_POINT('',(-0.0655611282319249,-0.00895866039057316,-0.0509690975078014));
#5721=CARTESIAN_POINT('',(-0.0662215812395939,-0.00902532705723983,-0.0519630528999128));
#5722=CARTESIAN_POINT('',(-0.066882034247263,-0.0090919937239065,-0.0529570082920242));
#5723=CARTESIAN_POINT('',(-0.0663514701313005,-0.00915866039057316,-0.054025955070727));
#5724=CARTESIAN_POINT('',(-0.0658209060153381,-0.00922532705723983,-0.0550949018494299));
#5725=CARTESIAN_POINT('',(-0.0646298888917066,-0.0092919937239065,-0.0551698932360215));
#5726=CARTESIAN_POINT('',(-0.0634388717680751,-0.00935866039057316,-0.055244884622613));
#5727=CARTESIAN_POINT('',(-0.0627784187604061,-0.00942532705723983,-0.0542509292305017));
#5728=CARTESIAN_POINT('',(-0.0621179657527371,-0.00949199372390649,-0.0532569738383903));
#5729=CARTESIAN_POINT('',(-0.0626485298686995,-0.00955866039057316,-0.0521880270596874));
#5730=CARTESIAN_POINT('',(-0.063179093984662,-0.00962532705723982,-0.0511190802809845));
#5731=CARTESIAN_POINT('',(-0.0643701111082934,-0.0096919937239065,-0.051044088894393));
#5732=CARTESIAN_POINT('',(-0.0655611282319249,-0.00975866039057316,-0.0509690975078014));
#5733=CARTESIAN_POINT('',(-0.0662215812395939,-0.00982532705723983,-0.0519630528999128));
#5734=CARTESIAN_POINT('',(-0.066882034247263,-0.0098919937239065,-0.0529570082920242));
#5735=CARTESIAN_POINT('',(-0.0663514701313005,-0.00995866039057317,-0.054025955070727));
#5736=CARTESIAN_POINT('',(-0.0658209060153381,-0.0100253270572398,-0.0550949018494299));
#5737=CARTESIAN_POINT('',(-0.0646298888917066,-0.0100919937239065,-0.0551698932360215));
#5738=CARTESIAN_POINT('',(-0.0634388717680751,-0.0101586603905732,-0.055244884622613));
#5739=CARTESIAN_POINT('',(-0.0627784187604061,-0.0102253270572398,-0.0542509292305017));
#5740=CARTESIAN_POINT('',(-0.0621179657527371,-0.0102919937239065,-0.0532569738383903));
#5741=CARTESIAN_POINT('',(-0.0626485298686995,-0.0103586603905732,-0.0521880270596874));
#5742=CARTESIAN_POINT('',(-0.063179093984662,-0.0104253270572398,-0.0511190802809845));
#5743=CARTESIAN_POINT('',(-0.0643701111082934,-0.0104919937239065,-0.051044088894393));
#5744=CARTESIAN_POINT('',(-0.0655611282319249,-0.0105586603905732,-0.0509690975078014));
#5745=CARTESIAN_POINT('',(-0.0662215812395939,-0.0106253270572398,-0.0519630528999128));
#5746=CARTESIAN_POINT('',(-0.066882034247263,-0.0106919937239065,-0.0529570082920242));
#5747=CARTESIAN_POINT('',(-0.0663514701313005,-0.0107586603905732,-0.054025955070727));
#5748=CARTESIAN_POINT('',(-0.0658209060153381,-0.0108253270572398,-0.0550949018494299));
#5749=CARTESIAN_POINT('',(-0.0646298888917066,-0.0108919937239065,-0.0551698932360215));
#5750=CARTESIAN_POINT('',(-0.0634388717680751,-0.0109586603905732,-0.055244884622613));
#5751=CARTESIAN_POINT('',(-0.0627784187604061,-0.0110253270572398,-0.0542509292305017));
#5752=CARTESIAN_POINT('',(-0.0621179657527371,-0.0110919937239065,-0.0532569738383903));
#5753=CARTESIAN_POINT('',(-0.0626485298686995,-0.0111586603905732,-0.0521880270596874));
#5754=CARTESIAN_POINT('',(-0.063179093984662,-0.0112253270572398,-0.0511190802809845));
#5755=CARTESIAN_POINT('',(-0.0643701111082934,-0.0112919937239065,-0.051044088894393));
#5756=CARTESIAN_POINT('',(-0.0655611282319249,-0.0113586603905732,-0.0509690975078014));
#5757=CARTESIAN_POINT('',(-0.0662215812395939,-0.0114253270572398,-0.0519630528999128));
#5758=CARTESIAN_POINT('',(-0.066882034247263,-0.0114919937239065,-0.0529570082920242));
#5759=CARTESIAN_POINT('',(-0.0663514701313005,-0.0115586603905732,-0.054025955070727));
#5760=CARTESIAN_POINT('',(-0.0658209060153381,-0.0116253270572398,-0.0550949018494299));
#5761=CARTESIAN_POINT('',(-0.0646298888917066,-0.0116919937239065,-0.0551698932360215));
#5762=CARTESIAN_POINT('',(-0.0634388717680751,-0.0117586603905732,-0.055244884622613));
#5763=CARTESIAN_POINT('',(-0.0627784187604061,-0.0118253270572398,-0.0542509292305017));
#5764=CARTESIAN_POINT('',(-0.0621179657527371,-0.0118919937239065,-0.0532569738383903));
#5765=CARTESIAN_POINT('',(-0.0626485298686995,-0.0119586603905732,-0.0521880270596874));
#5766=CARTESIAN_POINT('',(-0.063179093984662,-0.0120253270572398,-0.0511190802809845));
#5767=CARTESIAN_POINT('',(-0.0643701111082934,-0.0120919937239065,-0.051044088894393));
#5768=CARTESIAN_POINT('',(-0.0655611282319249,-0.0121586603905732,-0.0509690975078014));
#5769=CARTESIAN_POINT('',(-0.0662215812395939,-0.0122253270572398,-0.0519630528999128));
#5770=CARTESIAN_POINT('',(-0.066882034247263,-0.0122919937239065,-0.0529570082920242));
#5771=CARTESIAN_POINT('',(-0.0663514701313005,-0.0123586603905732,-0.054025955070727));
#5772=CARTESIAN_POINT('',(-0.0658209060153381,-0.0124253270572398,-0.0550949018494299));
#5773=CARTESIAN_POINT('',(-0.0646298888917066,-0.0124919937239065,-0.0551698932360215));
#5774=CARTESIAN_POINT('',(-0.0634388717680751,-0.0125586603905732,-0.055244884622613));
#5775=CARTESIAN_POINT('',(-0.0627784187604061,-0.0126253270572398,-0.0542509292305017));
#5776=CARTESIAN_POINT('',(-0.0621179657527371,-0.0126919937239065,-0.0532569738383903));
#5777=CARTESIAN_POINT('',(-0.0626485298686995,-0.0127586603905732,-0.0521880270596874));
#5778=CARTESIAN_POINT('',(-0.063179093984662,-0.0128253270572398,-0.0511190802809845));
#5779=CARTESIAN_POINT('',(-0.0643701111082934,-0.0128919937239065,-0.051044088894393));
#5780=CARTESIAN_POINT('',(-0.0655611282319249,-0.0129586603905732,-0.0509690975078014));
#5781=CARTESIAN_POINT('',(-0.0662215812395939,-0.0130253270572398,-0.0519630528999128));
#5782=CARTESIAN_POINT('',(-0.066882034247263,-0.0130919937239065,-0.0529570082920242));
#5783=CARTESIAN_POINT('',(-0.0663514701313005,-0.0131586603905732,-0.054025955070727));
#5784=CARTESIAN_POINT('',(-0.0658209060153381,-0.0132253270572398,-0.0550949018494299));
#5785=CARTESIAN_POINT('',(-0.0646298888917066,-0.0132919937239065,-0.0551698932360215));
#5786=CARTESIAN_POINT('',(-0.0634388717680751,-0.0133586603905732,-0.055244884622613));
#5787=CARTESIAN_POINT('',(-0.0627784187604061,-0.0134253270572398,-0.0542509292305017));
#5788=CARTESIAN_POINT('',(-0.0621179657527371,-0.0134919937239065,-0.0532569738383903));
#5789=CARTESIAN_POINT('',(-0.0626485298686995,-0.0135586603905732,-0.0521880270596874));
#5790=CARTESIAN_POINT('',(-0.063179093984662,-0.0136253270572398,-0.0511190802809845));
#5791=CARTESIAN_POINT('',(-0.0643701111082934,-0.0136919937239065,-0.051044088894393));
#5792=CARTESIAN_POINT('',(-0.0655611282319249,-0.0137586603905732,-0.0509690975078014));
#5793=CARTESIAN_POINT('',(-0.0662215812395939,-0.0138253270572398,-0.0519630528999128));
#5794=CARTESIAN_POINT('',(-0.066882034247263,-0.0138919937239065,-0.0529570082920242));
#5795=CARTESIAN_POINT('',(-0.0663514701313005,-0.0139586603905732,-0.054025955070727));
#5796=CARTESIAN_POINT('',(-0.0658209060153381,-0.0140253270572398,-0.0550949018494299));
#5797=CARTESIAN_POINT('',(-0.0646298888917066,-0.0140919937239065,-0.0551698932360215));
#5798=CARTESIAN_POINT('',(-0.0634388717680751,-0.0141586603905732,-0.055244884622613));
#5799=CARTESIAN_POINT('',(-0.0627784187604061,-0.0142253270572398,-0.0542509292305017));
#5800=CARTESIAN_POINT('',(-0.0621179657527371,-0.0142919937239065,-0.0532569738383903));
#5801=CARTESIAN_POINT('',(-0.0626485298686995,-0.0143586603905732,-0.0521880270596874));
#5802=CARTESIAN_POINT('',(-0.063179093984662,-0.0144253270572398,-0.0511190802809845));
#5803=CARTESIAN_POINT('',(-0.0643701111082934,-0.0144919937239065,-0.051044088894393));
#5804=CARTESIAN_POINT('',(-0.0655611282319249,-0.0145586603905732,-0.0509690975078014));
#5805=CARTESIAN_POINT('',(-0.0662215812395939,-0.0146253270572398,-0.0519630528999128));
#5806=CARTESIAN_POINT('',(-0.066882034247263,-0.0146919937239065,-0.0529570082920242));
#5807=CARTESIAN_POINT('',(-0.0663514701313005,-0.0147586603905732,-0.054025955070727));
#5808=CARTESIAN_POINT('',(-0.0658209060153381,-0.0148253270572398,-0.0550949018494299));
#5809=CARTESIAN_POINT('',(-0.0646298888917066,-0.0148919937239065,-0.0551698932360215));
#5810=CARTESIAN_POINT('',(-0.0634388717680751,-0.0149586603905732,-0.055244884622613));
#5811=CARTESIAN_POINT('',(-0.0627784187604061,-0.0150253270572398,-0.0542509292305017));
#5812=CARTESIAN_POINT('',(-0.0621179657527371,-0.0150919937239065,-0.0532569738383903));
#5813=CARTESIAN_POINT('',(-0.0626485298686995,-0.0151586603905731,-0.0521880270596874));
#5814=CARTESIAN_POINT('',(-0.063179093984662,-0.0152253270572398,-0.0511190802809845));
#5815=CARTESIAN_POINT('',(-0.0643701111082934,-0.0152919937239065,-0.051044088894393));
#5816=CARTESIAN_POINT('',(-0.0655611282319249,-0.0153586603905732,-0.0509690975078014));
#5817=CARTESIAN_POINT('',(-0.0662215812395939,-0.0154253270572398,-0.0519630528999128));
#5818=CARTESIAN_POINT('',(-0.066882034247263,-0.0154919937239065,-0.0529570082920242));
#5819=CARTESIAN_POINT('',(-0.0663514701313005,-0.0155586603905731,-0.054025955070727));
#5820=CARTESIAN_POINT('',(-0.0658209060153381,-0.0156253270572398,-0.0550949018494299));
#5821=CARTESIAN_POINT('',(-0.0646298888917066,-0.0156919937239065,-0.0551698932360215));
#5822=CARTESIAN_POINT('',(-0.0634388717680751,-0.0157586603905732,-0.055244884622613));
#5823=CARTESIAN_POINT('',(-0.0627784187604061,-0.0158253270572399,-0.0542509292305017));
#5824=CARTESIAN_POINT('',(-0.0621179657527371,-0.0158919937239065,-0.0532569738383903));
#5825=CARTESIAN_POINT('',(-0.0626485298686995,-0.0159586603905731,-0.0521880270596874));
#5826=CARTESIAN_POINT('',(-0.063179093984662,-0.0160253270572398,-0.0511190802809845));
#5827=CARTESIAN_POINT('',(-0.0643701111082934,-0.0160919937239065,-0.051044088894393));
#5828=CARTESIAN_POINT('',(-0.0655611282319249,-0.0161586603905732,-0.0509690975078014));
#5829=CARTESIAN_POINT('',(-0.0662215812395939,-0.0162253270572398,-0.0519630528999128));
#5830=CARTESIAN_POINT('',(-0.066882034247263,-0.0162919937239065,-0.0529570082920242));
#5831=CARTESIAN_POINT('',(-0.0663514701313005,-0.0163586603905732,-0.054025955070727));
#5832=CARTESIAN_POINT('',(-0.0658209060153381,-0.0164253270572398,-0.0550949018494299));
#5833=CARTESIAN_POINT('',(-0.0646298888917066,-0.0164919937239065,-0.0551698932360215));
#5834=CARTESIAN_POINT('',(-0.0634388717680751,-0.0165586603905732,-0.055244884622613));
#5835=CARTESIAN_POINT('',(-0.0627784187604061,-0.0166253270572399,-0.0542509292305017));
#5836=CARTESIAN_POINT('',(-0.0621179657527371,-0.0166919937239065,-0.0532569738383903));
#5837=CARTESIAN_POINT('',(-0.0626485298686995,-0.0167586603905731,-0.0521880270596874));
#5838=CARTESIAN_POINT('',(-0.063179093984662,-0.0168253270572398,-0.0511190802809845));
#5839=CARTESIAN_POINT('',(-0.0643701111082934,-0.0168919937239065,-0.051044088894393));
#5840=CARTESIAN_POINT('',(-0.0655611282319249,-0.0169586603905732,-0.0509690975078014));
#5841=CARTESIAN_POINT('',(-0.0662215812395939,-0.0170253270572399,-0.0519630528999128));
#5842=CARTESIAN_POINT('',(-0.066882034247263,-0.0170919937239065,-0.0529570082920242));
#5843=CARTESIAN_POINT('',(-0.0663514701313005,-0.0171586603905731,-0.054025955070727));
#5844=CARTESIAN_POINT('',(-0.0658209060153381,-0.0172253270572398,-0.0550949018494299));
#5845=CARTESIAN_POINT('',(-0.0646298888917066,-0.0172919937239065,-0.0551698932360215));
#5846=CARTESIAN_POINT('',(-0.0634388717680751,-0.0173586603905731,-0.055244884622613));
#5847=CARTESIAN_POINT('',(-0.0627784187604061,-0.0174253270572399,-0.0542509292305017));
#5848=CARTESIAN_POINT('',(-0.0621179657527371,-0.0174919937239065,-0.0532569738383903));
#5849=CARTESIAN_POINT('',(-0.0626485298686995,-0.0175586603905732,-0.0521880270596874));
#5850=CARTESIAN_POINT('',(-0.063179093984662,-0.0176253270572398,-0.0511190802809845));
#5851=CARTESIAN_POINT('',(-0.0643701111082934,-0.0176919937239065,-0.051044088894393));
#5852=CARTESIAN_POINT('',(-0.0655611282319249,-0.0177586603905732,-0.0509690975078014));
#5853=CARTESIAN_POINT('',(-0.0662215812395939,-0.0178253270572399,-0.0519630528999128));
#5854=CARTESIAN_POINT('',(-0.066882034247263,-0.0178919937239065,-0.0529570082920242));
#5855=CARTESIAN_POINT('',(-0.0663514701313005,-0.0179586603905731,-0.054025955070727));
#5856=CARTESIAN_POINT('',(-0.0658209060153381,-0.0180253270572398,-0.0550949018494299));
#5857=CARTESIAN_POINT('',(-0.0646298888917066,-0.0180919937239065,-0.0551698932360215));
#5858=CARTESIAN_POINT('',(-0.0634388717680751,-0.0181586603905731,-0.055244884622613));
#5859=CARTESIAN_POINT('',(-0.0627784187604061,-0.0182253270572399,-0.0542509292305017));
#5860=CARTESIAN_POINT('',(-0.0621179657527371,-0.0182919937239065,-0.0532569738383903));
#5861=CARTESIAN_POINT('',(-0.0626485298686995,-0.0183586603905731,-0.0521880270596874));
#5862=CARTESIAN_POINT('',(-0.063179093984662,-0.0184253270572398,-0.0511190802809845));
#5863=CARTESIAN_POINT('',(-0.0643701111082934,-0.0184919937239065,-0.051044088894393));
#5864=CARTESIAN_POINT('',(-0.0655611282319249,-0.0185586603905732,-0.0509690975078014));
#5865=CARTESIAN_POINT('',(-0.0662215812395939,-0.0186253270572399,-0.0519630528999128));
#5866=CARTESIAN_POINT('',(-0.066882034247263,-0.0186919937239065,-0.0529570082920242));
#5867=CARTESIAN_POINT('',(-0.0663514701313005,-0.0187586603905732,-0.054025955070727));
#5868=CARTESIAN_POINT('',(-0.0658209060153381,-0.0188253270572398,-0.0550949018494299));
#5869=CARTESIAN_POINT('',(-0.0646298888917066,-0.0188919937239065,-0.0551698932360215));
#5870=CARTESIAN_POINT('',(-0.0634388717680751,-0.0189586603905731,-0.055244884622613));
#5871=CARTESIAN_POINT('',(-0.0627784187604061,-0.0190253270572398,-0.0542509292305017));
#5872=CARTESIAN_POINT('',(-0.0621179657527371,-0.0190919937239065,-0.0532569738383903));
#5873=CARTESIAN_POINT('',(-0.0626485298686995,-0.0191586603905731,-0.0521880270596874));
#5874=CARTESIAN_POINT('',(-0.063179093984662,-0.0192253270572398,-0.0511190802809845));
#5875=CARTESIAN_POINT('',(-0.0643701111082934,-0.0192919937239065,-0.051044088894393));
#5876=CARTESIAN_POINT('',(-0.0655611282319249,-0.0193586603905732,-0.0509690975078014));
#5877=CARTESIAN_POINT('',(-0.0662215812395939,-0.0194253270572399,-0.0519630528999128));
#5878=CARTESIAN_POINT('',(-0.066882034247263,-0.0194919937239065,-0.0529570082920242));
#5879=CARTESIAN_POINT('',(-0.0663514701313005,-0.0195586603905731,-0.054025955070727));
#5880=CARTESIAN_POINT('',(-0.0658209060153381,-0.0196253270572398,-0.0550949018494299));
#5881=CARTESIAN_POINT('',(-0.0646298888917066,-0.0196919937239065,-0.0551698932360215));
#5882=CARTESIAN_POINT('',(-0.0634388717680751,-0.0197586603905731,-0.055244884622613));
#5883=CARTESIAN_POINT('',(-0.0627784187604061,-0.0198253270572399,-0.0542509292305017));
#5884=CARTESIAN_POINT('',(-0.0621179657527371,-0.0198919937239065,-0.0532569738383903));
#5885=CARTESIAN_POINT('',(-0.0626485298686995,-0.0199586603905731,-0.0521880270596874));
#5886=CARTESIAN_POINT('',(-0.063179093984662,-0.0200253270572398,-0.0511190802809845));
#5887=CARTESIAN_POINT('',(-0.0643701111082934,-0.0200919937239065,-0.051044088894393));
#5888=CARTESIAN_POINT('',(-0.0655611282319249,-0.0201586603905732,-0.0509690975078014));
#5889=CARTESIAN_POINT('',(-0.0662215812395939,-0.0202253270572398,-0.0519630528999128));
#5890=CARTESIAN_POINT('',(-0.066882034247263,-0.0202919937239065,-0.0529570082920242));
#5891=CARTESIAN_POINT('',(-0.0663514701313005,-0.0203586603905732,-0.054025955070727));
#5892=CARTESIAN_POINT('',(-0.0658209060153381,-0.0204253270572398,-0.0550949018494299));
#5893=CARTESIAN_POINT('',(-0.0646298888917066,-0.0204919937239065,-0.0551698932360215));
#5894=CARTESIAN_POINT('',(-0.0634388717680751,-0.0205586603905731,-0.055244884622613));
#5895=CARTESIAN_POINT('',(-0.0627784187604061,-0.0206253270572399,-0.0542509292305017));
#5896=CARTESIAN_POINT('',(-0.0621179657527371,-0.0206919937239065,-0.0532569738383903));
#5897=CARTESIAN_POINT('',(-0.0626485298686995,-0.0207586603905731,-0.0521880270596874));
#5898=CARTESIAN_POINT('',(-0.063179093984662,-0.0208253270572398,-0.0511190802809845));
#5899=CARTESIAN_POINT('',(-0.0643701111082934,-0.0208919937239065,-0.051044088894393));
#5900=CARTESIAN_POINT('',(-0.0655611282319249,-0.0209586603905732,-0.0509690975078014));
#5901=CARTESIAN_POINT('',(-0.0662215812395939,-0.0210253270572399,-0.0519630528999128));
#5902=CARTESIAN_POINT('',(-0.066882034247263,-0.0210919937239065,-0.0529570082920242));
#5903=CARTESIAN_POINT('',(-0.0663514701313005,-0.0211586603905731,-0.054025955070727));
#5904=CARTESIAN_POINT('',(-0.0658209060153381,-0.0212253270572398,-0.0550949018494299));
#5905=CARTESIAN_POINT('',(-0.0646298888917066,-0.0212919937239065,-0.0551698932360215));
#5906=CARTESIAN_POINT('',(-0.0634388717680751,-0.0213586603905731,-0.055244884622613));
#5907=CARTESIAN_POINT('',(-0.0627784187604061,-0.0214253270572399,-0.0542509292305017));
#5908=CARTESIAN_POINT('',(-0.0621179657527371,-0.0214919937239065,-0.0532569738383903));
#5909=CARTESIAN_POINT('',(-0.0626485298686995,-0.0215586603905732,-0.0521880270596874));
#5910=CARTESIAN_POINT('',(-0.063179093984662,-0.0216253270572399,-0.0511190802809845));
#5911=CARTESIAN_POINT('',(-0.0643701111082934,-0.0216919937239065,-0.051044088894393));
#5912=CARTESIAN_POINT('',(-0.0655611282319249,-0.0217586603905732,-0.0509690975078014));
#5913=CARTESIAN_POINT('',(-0.0662215812395939,-0.0218253270572398,-0.0519630528999128));
#5914=CARTESIAN_POINT('',(-0.066882034247263,-0.0218919937239065,-0.0529570082920242));
#5915=CARTESIAN_POINT('',(-0.0663514701313005,-0.0219586603905731,-0.054025955070727));
#5916=CARTESIAN_POINT('',(-0.0658209060153381,-0.0220253270572398,-0.0550949018494299));
#5917=CARTESIAN_POINT('',(-0.0646298888917066,-0.0220919937239065,-0.0551698932360215));
#5918=CARTESIAN_POINT('',(-0.0634388717680751,-0.0221586603905731,-0.055244884622613));
#5919=CARTESIAN_POINT('',(-0.0627784187604061,-0.0222253270572398,-0.0542509292305017));
#5920=CARTESIAN_POINT('',(-0.0621179657527371,-0.0222919937239065,-0.0532569738383903));
#5921=CARTESIAN_POINT('',(-0.0626485298686995,-0.0223586603905731,-0.0521880270596874));
#5922=CARTESIAN_POINT('',(-0.063179093984662,-0.0224253270572399,-0.0511190802809845));
#5923=CARTESIAN_POINT('',(-0.0643701111082934,-0.0224919937239065,-0.051044088894393));
#5924=CARTESIAN_POINT('',(-0.0655611282319249,-0.0225586603905732,-0.0509690975078014));
#5925=CARTESIAN_POINT('',(-0.0662215812395939,-0.0226253270572398,-0.0519630528999128));
#5926=CARTESIAN_POINT('',(-0.066882034247263,-0.0226919937239065,-0.0529570082920242));
#5927=CARTESIAN_POINT('',(-0.0663514701313005,-0.0227586603905732,-0.054025955070727));
#5928=CARTESIAN_POINT('',(-0.0658209060153381,-0.0228253270572398,-0.0550949018494299));
#5929=CARTESIAN_POINT('',(-0.0646298888917066,-0.0228919937239065,-0.0551698932360215));
#5930=CARTESIAN_POINT('',(-0.0634388717680751,-0.0229586603905731,-0.055244884622613));
#5931=CARTESIAN_POINT('',(-0.0627784187604061,-0.0230253270572398,-0.0542509292305017));
#5932=CARTESIAN_POINT('',(-0.0621179657527371,-0.0230919937239065,-0.0532569738383903));
#5933=CARTESIAN_POINT('',(-0.0626485298686995,-0.0231586603905732,-0.0521880270596874));
#5934=CARTESIAN_POINT('',(-0.063179093984662,-0.0232253270572399,-0.0511190802809845));
#5935=CARTESIAN_POINT('',(-0.0643701111082934,-0.0232919937239065,-0.051044088894393));
#5936=CARTESIAN_POINT('',(-0.0655611282319249,-0.0233586603905732,-0.0509690975078014));
#5937=CARTESIAN_POINT('',(-0.0662215812395939,-0.0234253270572398,-0.0519630528999128));
#5938=CARTESIAN_POINT('',(-0.066882034247263,-0.0234919937239065,-0.0529570082920242));
#5939=CARTESIAN_POINT('',(-0.0663514701313005,-0.0235586603905731,-0.054025955070727));
#5940=CARTESIAN_POINT('',(-0.0658209060153381,-0.0236253270572398,-0.0550949018494299));
#5941=CARTESIAN_POINT('',(-0.0646298888917066,-0.0236919937239065,-0.0551698932360215));
#5942=CARTESIAN_POINT('',(-0.0634388717680751,-0.0237586603905732,-0.055244884622613));
#5943=CARTESIAN_POINT('',(-0.0627784187604061,-0.0238253270572398,-0.0542509292305017));
#5944=CARTESIAN_POINT('',(-0.0622720614909987,-0.0238764391740776,-0.053488881768505));
#5945=CARTESIAN_POINT('',(-0.0624957248193564,-0.023932647994311,-0.0526017015533483));
#5946=MECHANICAL_DESIGN_GEOMETRIC_PRESENTATION_REPRESENTATION('',(#113),
#5947);
#5947=(
GEOMETRIC_REPRESENTATION_CONTEXT(3)
GLOBAL_UNCERTAINTY_ASSIGNED_CONTEXT((#5948))
GLOBAL_UNIT_ASSIGNED_CONTEXT((#5951,#5950,#5949))
REPRESENTATION_CONTEXT('Part 3','TOP_LEVEL_ASSEMBLY_PART')
);
#5948=UNCERTAINTY_MEASURE_WITH_UNIT(LENGTH_MEASURE(2.E-5),#5951,
'DISTANCE_ACCURACY_VALUE','Maximum Tolerance applied to model');
#5949=(
NAMED_UNIT(*)
SI_UNIT($,.STERADIAN.)
SOLID_ANGLE_UNIT()
);
#5950=(
NAMED_UNIT(*)
PLANE_ANGLE_UNIT()
SI_UNIT($,.RADIAN.)
);
#5951=(
LENGTH_UNIT()
NAMED_UNIT(*)
SI_UNIT($,.METRE.)
);
#5952=PRODUCT_DEFINITION_SHAPE('','',#5953);
#5953=PRODUCT_DEFINITION('','',#5955,#5954);
#5954=PRODUCT_DEFINITION_CONTEXT('',#5961,'design');
#5955=PRODUCT_DEFINITION_FORMATION_WITH_SPECIFIED_SOURCE('','',#5957,
 .NOT_KNOWN.);
#5956=PRODUCT_RELATED_PRODUCT_CATEGORY('','',(#5957));
#5957=PRODUCT('Part 3','Part 3','Part 3',(#5959));
#5958=PRODUCT_CATEGORY('','');
#5959=PRODUCT_CONTEXT('',#5961,'mechanical');
#5960=APPLICATION_PROTOCOL_DEFINITION('international standard',
'ap242_managed_model_based_3d_engineering',2020,#5961);
#5961=APPLICATION_CONTEXT('managed model based 3d engineering');
ENDSEC;
END-ISO-10303-21;
